feature,importance_mean,importance_std
kw_food,0.044674143081640874,0.003496083214791885
kw_agriculture,0.031010184915817494,0.002659480186713144
kw_crop,0.026617036744811372,0.0037126741609380814
kw_climate,0.022397062400703265,0.004309481024934801
tfidf_agriculture,0.017524386716208394,0.001186265335839478
sector_standard_water_irrigation,0.01732647524399033,0.0021148163396832063
kw_livestock,0.015418317876146448,0.002807839276442661
sector_standard_other,0.015214429933207662,0.0019198720351033148
tfidf_eu,0.012935407241548586,0.003082081025625571
tfidf_farming,0.011333298396785258,0.0008776379798396517
subtheme_climate_smart_agriculture,0.010853435502847803,0.0010804282929352232
tfidf_sustainable,0.01015115888849354,0.002670848120046885
tfidf_agriculture and,0.009122714709964758,0.0008987845133083845
tfidf_in the,0.008811028125496074,0.0038923726211246
tfidf_is,0.008219945522540123,0.003877433983505849
publish_quarter,0.007497470196782746,0.014921441353315874
sector_standard_rural_development,0.007435453315589885,0.0008192750786395575
tfidf_and food,0.00732535421016065,0.001084046992897267
tfidf_2025,0.007296188227134182,0.0010465946498504932
tfidf_technologies,0.006816420426619613,0.003067441603035799
tfidf_from,0.006728428958937327,0.0007259038828890433
kw_value_chain,0.006273878273074291,0.0007495435080837469
tfidf_pollution,0.0060682745143949505,0.0005264371495495392
tfidf_breeding,0.005862017710787227,0.00026414534944381744
tfidf_high,0.005785081469078207,0.0026340555245409217
tfidf_farming systems,0.005758185830440276,0.00032774415595514337
tfidf_or,0.0056361619237213665,0.004079811638784836
tfidf_chain,0.005592470786384196,0.0013953046781548337
days_to_close,0.005554390648329521,0.0034774119770752247
tfidf_countries,0.00548581160589805,0.0024291720292109503
tfidf_financial,0.0054445035349874275,0.001191269349548545
tfidf_which,0.005393138589833313,0.0010206015762166416
tfidf_farmers,0.0053918004532547805,0.0006121618141523925
tfidf_livestock,0.005391361986370913,0.0007697461225091225
tfidf_third countries,0.005283249751814633,0.0011262008624092414
tfidf_increased,0.00527500404017921,0.004087610110743936
tfidf_clinical trial,0.005216121733023165,0.0018373212637165343
tfidf_trial,0.005216121733023165,0.0018373212637165343
tfidf_solutions,0.00490863051241055,0.0014265505516036707
tfidf_specific,0.00475357988551649,0.0035296546695440115
tfidf_increase the,0.004709304747330773,0.0009659930284172717
tfidf_the eu,0.004601517911091068,0.002340147514711517
tfidf_from the,0.004555076908473565,0.0017531867708587068
tfidf_may,0.0045039542844859505,0.001496483240955123
tfidf_will,0.0044997371602383315,0.003107598119173046
tfidf_material,0.00445071567172024,0.0010102059196933453
programme_name_2021 - 2027,0.004389063822940936,0.002413601968137449
tfidf_call,0.004386018751119769,0.0009510925869212483
tfidf_based,0.004329349307779317,0.002183559611466417
tfidf_application,0.00408136235936567,0.00160972364248857
tfidf_the context,0.004079172403193582,0.00042320188788494173
tfidf_product,0.0038195824835594193,0.002209472668906244
tfidf_farm,0.003818813806360316,0.00020879378824191925
tfidf_advisors,0.003818813806360316,0.00020879378824191925
tfidf_context of,0.0038170649603194327,0.0009574659048568328
tfidf_trial not,0.003813268378043272,0.0012362171606439692
tfidf_strategies,0.003759949553659825,0.0019916182184579233
tfidf_systems,0.0037122470273395158,0.0009382036349931892
tfidf_related,0.0036588043462942475,0.002100747961315223
tfidf_the common,0.0036091702004902916,0.000782854171011945
tfidf_and reduce,0.003557472516946275,0.00012824525415325492
tfidf_welfare,0.003556596033763115,0.0008200138241158646
tfidf_knowledge,0.003554413658171646,0.0026495442271459407
tfidf_safety,0.0035542055402891957,0.0007108908458140267
tfidf_number,0.003504347712270023,0.0020630342404440757
tfidf_mission,0.003450225682583169,0.0016566897060853812
tfidf_labour,0.0034004037645193165,0.0006619543225922656
tfidf_tasks,0.0033999656388210508,0.0008109904026740937
tfidf_projects should,0.00339985621753941,0.0015933623162035732
tfidf_management of,0.003399635896419212,0.0009225086587970981
tfidf_technology,0.003341534825143705,0.0023470963264187635
tfidf_partnership,0.0032954727749596067,0.0007515726795677716
tfidf_living labs,0.0032950337307588286,0.0008861217124673348
tfidf_full,0.0032440911379702396,0.0011724891258663727
tfidf_particular,0.003242677596078819,0.0016488335492823407
tfidf_governance,0.0031926196813665654,0.002253035259654619
tfidf_diseases,0.0031387311303523124,0.0007755324050392708
tfidf_of digital,0.003138623200556007,0.0015779665884274059
tfidf_time,0.0031379668067453683,0.001327869693814784
tfidf_infrastructure,0.00313468593056484,0.0018006496690214377
tfidf_услуги,0.0030874487843492613,0.0013794433713517666
tfidf_balanced,0.003087142401653864,0.0014161422314816106
tfidf_functional,0.0030854997707647604,0.0010524426922098992
tfidf_it,0.0030850718702626844,0.0019505068038124214
tfidf_could,0.003084524358868035,0.003573305614085552
tfidf_this call,0.0030353174340229994,0.0013021144568815591
tfidf_digital technologies,0.0030338018568722646,0.0008853433524303903
funding_amount,0.00303336327335339,0.002065572547865541
tfidf_support to,0.0029830738881992556,0.0011382393161841267
tfidf_projects,0.002982099822654355,0.001405311712237657
tfidf_is to,0.0029338614865005,0.0018336373370865515
tfidf_smes,0.0029285430698976654,0.0016303185703183392
tfidf_management,0.0029269007873970686,0.0029958303563304817
tfidf_2017,0.0028824103317329985,0.0015328020745154153
tfidf_bio,0.002875307241581154,0.0012276297829783573
tfidf_real,0.0028266699277609665,0.0022067749769003778
tfidf_applications,0.0027742059870578817,0.0010514130099155232
tfidf_areas,0.0027740860149063074,0.0013350970641117874
tfidf_research infrastructures,0.0027720226663542737,0.0015553604803548253
tfidf_sustainability,0.0027228198062139108,0.0019530738493773179
tfidf_consumption,0.002720320394581921,0.001275888113365826
tfidf_third,0.0027197750330167415,0.0015919472239296088
tfidf_early,0.0026716598736681195,0.002103228867792487
tfidf_fund,0.0026711114509335664,0.0014662830442290766
tfidf_initiatives,0.002669271689047614,0.0011950446478873416
tfidf_expected,0.0026689480886469717,0.0023714610840641728
tfidf_establishing,0.0026173536800704056,0.00105681834600418
tfidf_csa,0.002615392733533772,0.0020082191895794844
tfidf_optional,0.0026094597093697268,0.0021829547215560467
tfidf_engine,0.002564561236643825,0.000893974358679998
tfidf_ii,0.002563471060606093,0.00030522790600778294
tfidf_potential,0.0025617210700362046,0.0017137751711345556
tfidf_these,0.0025129697625049406,0.0016391160954995398
tfidf_2015,0.002509583885913452,0.0016682213396243572
tfidf_trl,0.0024589802569178754,0.0012546860919464252
tfidf_data,0.0024110729215105044,0.0016114615480480852
tfidf_significant,0.0024057488944449813,0.0014911999880650524
tfidf_design,0.002355684122565804,0.001547771792676488
tfidf_cloud,0.0023547039336137554,0.0012477139182259808
tfidf_the union,0.0023545957749101566,0.002228789522142618
tfidf_using,0.0023536105643505723,0.00043791159296043447
tfidf_data and,0.0023535010336428242,0.00046822532989150876
tfidf_level,0.0023062612983735077,0.0020578875679316466
tfidf_opportunities,0.002304846989996867,0.0008933704871256994
tfidf_industry,0.002303651923856531,0.0005791983573903643
tfidf_framework,0.0023028919137528083,0.002161605739961247
tfidf_bio based,0.002301691639747161,0.00025709381984785775
tfidf_computing,0.0021985089232349764,0.001570979782935727
tfidf_16,0.0021971993474288578,0.0012663958372288496
tfidf_programme,0.002190168610603277,0.002495902972893377
tfidf_efficiency,0.002146913004757345,0.0023230075929913654
tfidf_consumer,0.0021465802483497942,0.00019301152127738602
tfidf_physical,0.002146262433001811,0.0008152243136953489
tfidf_and monitoring,0.0021457169476152616,0.0009550324460672799
tfidf_от,0.0021453893819855076,0.0016544514221181607
tfidf_joint,0.002144843669128327,0.0012533369487529992
tfidf_savings,0.0021444055434300725,0.0001964830723483515
tfidf_adoption,0.0021440703979270894,0.002269469612966201
tfidf_member,0.0020941252460012216,0.0014867928230268557
tfidf_an,0.002050029244399698,0.0032215443305295215
tfidf_technologies and,0.0020410054801544343,0.0016060441443054943
tfidf_the provision,0.0020394751254135144,0.00010515016758307905
tfidf_route,0.002039365250630254,0.00019654180287729517
tfidf_development and,0.001993000738712175,0.0016173449948006656
tfidf_the proposals,0.0019923520763095613,0.0013856580661687737
tfidf_operational,0.0019883207433006424,0.0016498960227576411
tfidf_evaluation,0.001987774231426642,0.002171026798865038
tfidf_citizens,0.0019877721741387577,0.0011036669670167897
tfidf_european partnership,0.001986900041621975,0.00012878212847334218
tfidf_allow for,0.001986900041621975,0.00012878212847334218
tfidf_goods,0.001986900041621975,0.00012878212847334218
tfidf_scalable,0.0019867901668387143,0.00021010808122906493
tfidf_purposes,0.0019867901668387143,0.00021010808122906493
tfidf_eu and,0.0019867901668387143,0.00021010808122906493
tfidf_circular,0.0019867901668387143,0.00021010808122906493
tfidf_grant,0.0019862427364621795,0.0014282572558130303
tfidf_challenge,0.0019380379852231623,0.0031482818123963656
tfidf_tool,0.0019366206583841916,0.0007304088700300711
tfidf_site,0.0019366206583841916,0.0007304088700300712
tfidf_run,0.0019343249578304355,0.00012878212847334218
tfidf_proposals should,0.0019343249578304355,0.00012878212847334218
tfidf_following expected,0.0019343249578304355,0.00012878212847334218
tfidf_and associated,0.0019343249578304355,0.00012878212847334218
tfidf_models and,0.0019343249578304355,0.00012878212847334218
tfidf_organic farming,0.0019343249578304355,0.00012878212847334218
tfidf_of bio,0.0019343249578304355,0.00012878212847334218
tfidf_labs,0.0019343249578304355,0.00012878212847334218
tfidf_the areas,0.0019343249578304355,0.00012878212847334218
tfidf_including in,0.0019343249578304355,0.00012878212847334218
tfidf_managers,0.001934215083047175,0.00021008058559963684
tfidf_as to,0.001934215083047175,0.00021008058559963684
tfidf_eip,0.001934215083047175,0.00021008058559963684
tfidf_scale up,0.001934215083047175,0.00021008058559963684
tfidf_with the,0.0019341151078047848,0.0025919464452699207
tfidf_nuclear,0.00193399464244427,0.0003155612795850586
tfidf_limited,0.0019337766118307175,0.0014201698629761398
tfidf_the proposed,0.0019334466433948872,0.0004864510266046943
tfidf_support,0.0018935797207175974,0.0007916065894526394
programme_name_2014 - 2020,0.0018934002663245797,0.003269337738667347
tfidf_skills,0.0018856939353581348,0.002890675243555693
tfidf_required,0.001885247109717214,0.0012836830785087625
tfidf_implement,0.001881749874038896,0.00010515016758307905
tfidf_land use,0.001881749874038896,0.00010515016758307905
tfidf_lex,0.001881749874038896,0.00010515016758307905
tfidf_four,0.001881749874038896,0.00010515016758307905
tfidf_scaling up,0.001881749874038896,0.00010515016758307905
tfidf_scaling,0.001881749874038896,0.00010515016758307905
tfidf_should demonstrate,0.001881749874038896,0.00010515016758307905
tfidf_and evaluation,0.001881749874038896,0.00010515016758307905
tfidf_outcomes and,0.001881749874038896,0.00010515016758307905
tfidf_track,0.001881749874038896,0.00010515016758307905
tfidf_eur lex,0.001881749874038896,0.00010515016758307905
tfidf_changes in,0.001881749874038896,0.00010515016758307905
tfidf_the multi,0.001881749874038896,0.00010515016758307905
tfidf_third parties,0.001881749874038896,0.00010515016758307905
tfidf_the effective,0.001881749874038896,0.00010515016758307905
tfidf_working,0.001881749874038896,0.00010515016758307905
tfidf_des,0.001881749874038896,0.00010515016758307905
tfidf_operators,0.001881749874038896,0.00010515016758307905
tfidf_barriers,0.001881749874038896,0.00010515016758307905
tfidf_validated,0.001881749874038896,0.00010515016758307905
tfidf_countries not,0.001881749874038896,0.00010515016758307905
tfidf_effectively,0.001881749874038896,0.00010515016758307905
tfidf_proposals must,0.001881749874038896,0.00010515016758307905
tfidf_crops,0.001881749874038896,0.00010515016758307905
tfidf_digital,0.0018345200496137192,0.0013922890203501071
tfidf_restoration,0.0018316898962921213,0.0006800842345075192
tfidf_non,0.0018313631296806854,0.0008094016478618815
tfidf_in order,0.0018310355654830635,0.0015422773885588735
tfidf_advisory,0.0018307068581901232,0.0009647431522367844
tfidf_scalability,0.0018291747902473565,0.0
tfidf_on how,0.0018291747902473565,0.0
tfidf_and financial,0.0018291747902473565,0.0
tfidf_access and,0.0018291747902473565,0.0
tfidf_complementarity,0.0018291747902473565,0.0
tfidf_and develop,0.0018291747902473565,0.0
tfidf_resources to,0.0018291747902473565,0.0
tfidf_die,0.0018291747902473565,0.0
tfidf_should involve,0.0018291747902473565,0.0
tfidf_inequalities,0.0018291747902473565,0.0
tfidf_foresters,0.0018291747902473565,0.0
tfidf_calls,0.0018291747902473565,0.0
tfidf_chains and,0.0018291747902473565,0.0
tfidf_the farm,0.0018291747902473565,0.0
tfidf_der,0.0018291747902473565,0.0
tfidf_process,0.0017848820494359874,0.000979566278138179
tfidf_pp,0.001781624444850316,0.001559824739416855
tfidf_would,0.001780862290820273,0.0010494188323015331
tfidf_improve,0.0017799901482739022,0.0013258644565023138
tfidf_initiative,0.0017796628129820968,0.0013968704879996267
tfidf_simulation,0.0017796618973588973,0.0013958880852925207
tfidf_fully,0.0017792246872838425,0.0006470542949545332
tfidf_impacts,0.0017790052817928336,0.0006881400581886802
tfidf_virtual,0.0017790032302290703,0.001492187528551099
tfidf_concept,0.001777585834076767,0.001077157096593079
tfidf_critical,0.0017775821614958054,0.0010247813951852942
tfidf_large,0.0017312260906076292,0.0008808038801953597
tfidf_fostering,0.0017297174119738467,0.002003782764932094
tfidf_commission,0.0017297050638689527,0.0014630094802307952
tfidf_develop,0.0017293756812815086,0.0014924353884355846
tfidf_help,0.0017286158005871076,0.0009988090525279365
tfidf_are,0.0017280663129256913,0.002123785206572657
tfidf_actors,0.0017268685468617262,0.0014084446294360133
tfidf_traditional,0.0017268662721357964,0.00048204760431872916
tfidf_action the,0.0017264327116641276,0.0007495909850855735
tfidf_the mission,0.0017263199776998417,0.0006923534596831011
tfidf_earth,0.0017262126165794145,0.0007855359286133968
tfidf_proposal,0.0017261053763723221,0.0008690121895988675
tfidf_demand,0.0017258859708813134,0.0009000090862870469
tfidf_all of,0.0017253379703997985,0.0010291949880502976
tfidf_clean,0.0016810029030044694,0.0037158710750643306
tfidf_services,0.0016800789426507812,0.0023296581637593386
tfidf_policies,0.0016762569305037943,0.0015951837695082297
tfidf_that will,0.0016759339229353355,0.0010523397277205256
tfidf_proposals,0.0016750617875452456,0.0018444934238401364
tfidf_updated,0.0016750617875452346,0.001286523652967624
tfidf_multi actor,0.0016735302925807826,0.0008530882620899458
tfidf_actor,0.0016735302925807826,0.0008530882620899458
tfidf_analytical,0.0016735302925807826,0.0008530882620899458
tfidf_the sector,0.001673420417797522,0.0008690519485236578
tfidf_order to,0.001673201582414513,0.0015305332860324503
tfidf_facilitating,0.0016728727613915194,0.001002121482645959
tfidf_defence,0.0016728700044337463,0.0009451093903848873
tfidf_lump sum,0.0016711188779683806,0.00012905211197119647
tfidf_administrations,0.0016711188779683806,0.00012905211197119647
tfidf_projects are,0.0016711188779683806,0.00012905211197119647
tfidf_risk,0.0016311754887984365,0.0012671148642711518
tfidf_societal,0.0016266257347767987,0.0008300512067018459
tfidf_focused,0.0016243503525625925,0.0020299092831721865
tfidf_in an,0.0016243380044576982,0.0014985928286055186
tfidf_increase,0.0016231426397826433,0.002179639342481879
tfidf_user,0.0016222686717019986,0.0012956622135814654
tfidf_involved,0.0016217161045527172,0.0004149173713892784
tfidf_based solutions,0.0016216093106924845,0.0005559701721914
tfidf_accelerate the,0.0016213924188643093,0.0006885504703493001
tfidf_the necessary,0.0016213924188643093,0.0006885504703493001
tfidf_monitoring and,0.0016212825440810486,0.0007082245401426134
tfidf_however,0.0016210650835725038,0.0008169017836792315
tfidf_safe,0.0016209552087892432,0.0008335518587877392
tfidf_the food,0.0016209552087892432,0.0008335518587877392
tfidf_field of,0.0016209552087892432,0.0008335518587877392
tfidf_how,0.001618212786304074,0.0002580372859859054
tfidf_02,0.0015739436339046841,0.000888035074529294
tfidf_power,0.0015714392349777673,0.0008732451619749725
tfidf_cross,0.0015708924941949531,0.0010052449158691782
tfidf_member states,0.0015706758255514598,0.0010839381998551435
tfidf_opportunities for,0.0015698034626937195,0.0012700120509894666
tfidf_the projects,0.0015688173350727696,0.0006600519391929554
tfidf_women,0.0015687071147713171,0.0006806692004525905
tfidf_animal,0.0015687071147713171,0.0006806692004525906
tfidf_space,0.001568707114771306,0.0014879449558295747
tfidf_for proposals,0.0015684899997809643,0.0007930075138557385
tfidf_successful proposal,0.0015684899997809643,0.0007930075138557385
tfidf_the transition,0.0015683801249977037,0.0008101416794548788
tfidf_eur,0.0015682699046962512,0.0008270256600756152
tfidf_soil health,0.0015679419992994492,0.0009369708527613673
tfidf_after the,0.0015657482697823966,0.0
tfidf_http,0.00156563770251254,0.0013363507674124815
tfidf_topic,0.0015272003823491864,0.002967946652783627
tfidf_challenge the,0.0015220235662431025,0.0006863576027111387
tfidf_real time,0.001518320147250929,0.001037503245173658
tfidf_must be,0.0015170092008788105,0.0013165665158436542
tfidf_with relevant,0.00151624225128123,0.0006258650779322527
tfidf_past,0.00151624225128123,0.0006258650779322527
tfidf_to overcome,0.0015159149159894247,0.0007647646899626276
tfidf_action plan,0.0015159149159894247,0.0007647646899626276
tfidf_und,0.0015159149159894247,0.0007647646899626276
tfidf_soils,0.0015159149159894247,0.0007647646899626276
tfidf_strategies to,0.0015159149159894247,0.0007647646899626275
tfidf_overcome,0.0015159149159894247,0.0007647646899626276
tfidf_the value,0.0015159149159894247,0.0007647646899626275
tfidf_to take,0.0015159149159894247,0.0007647646899626275
tfidf_developing,0.0014723835145697862,0.0013625854570028797
sector_standard_climate_environment,0.0014722363842473497,0.0006901247718634198
tfidf_18,0.0014689065243767342,0.0008816391619972313
tfidf_for food,0.001466728445636889,0.0015175110929140055
tfidf_academic,0.001466292148317716,0.0008826801976425376
tfidf_end,0.00146585493824265,0.0009998478182096837
tfidf_deal,0.001465745407534902,0.0010133950773895943
tfidf_necessary,0.0014653059069591801,0.0010661869936572684
tfidf_modelling,0.0014635569471882382,0.0006081415697784391
tfidf_involve,0.0014633398321978852,0.0007316699160989426
tfidf_social sciences,0.0014633398321978852,0.0007316699160989426
tfidf_interoperable,0.0014633398321978852,0.0007316699160989426
tfidf_and re,0.0014633398321978852,0.0007316699160989426
tfidf_consumers and,0.0014633398321978852,0.0007316699160989426
tfidf_concerns,0.0014633398321978852,0.0007316699160989426
tfidf_land,0.0014632296118964327,0.0007503063458430129
tfidf_central,0.0014630095168117196,0.0007861448997584133
tfidf_20,0.0014628989495418577,0.0008036272759220314
tfidf_healthcare,0.0014165531194118342,0.0008817793131502816
tfidf_it will,0.0014141542746012314,0.0015015079811166914
tfidf_impacts of,0.0014137170645261766,0.0008511065292219609
tfidf_as part,0.0014114214777024737,0.0013600359682587456
tfidf_energy efficiency,0.0014110935723056716,0.0014295236649202344
tfidf_re,0.001410871643095246,0.0005851613106445789
tfidf_administrative,0.0014106545281048933,0.0007126679305036471
tfidf_mechanical,0.0014105443078034408,0.0007317805078547897
tfidf_certification,0.0013689724427425054,0.002110169825672483
tfidf_disease,0.0013639775892315853,0.0015702603964522688
tfidf_law,0.0013634358543414549,0.0010359059115485792
tfidf_its,0.0013631059044938109,0.0010755993176216503
tfidf_ai,0.0013614689705082395,0.0014906033068134907
tfidf_well as,0.0013614680577523574,0.0014884608464369557
tfidf_possible,0.0013610317604331845,0.0008316899998911434
tfidf_mitigation,0.0013609250889064727,0.0016049955919915098
tfidf_directive,0.0013609250889064616,0.0009104932560803621
tfidf_access,0.0013605881510058149,0.00159903498326656
tfidf_instance,0.0013603783481236475,0.001037655050581802
tfidf_for instance,0.0013603783481236475,0.001037655050581802
tfidf_efficient,0.0013590595858072485,0.0022117329735995596
tfidf_not,0.0013584082682126797,0.0023508770108207587
tfidf_sum,0.0013576413186150993,0.0008177431312596203
tfidf_adoption of,0.0013545647843309805,0.00010559174272570804
tfidf_use of,0.001308783443253081,0.0006585008553302412
tfidf_domain,0.001308676771726358,0.0007555805338307918
tfidf_strengthening,0.001308456676641645,0.0007911372202513261
tfidf_day,0.0013081325446063774,0.0009637359711907301
tfidf_evolution of,0.0013081325446063774,0.0009637359711907301
tfidf_that can,0.0013080226698231167,0.0009778539934403995
tfidf_social and,0.0013080226698231167,0.0009778539934403995
tfidf_life,0.0013079065094176111,0.0008742287256054045
tfidf_behaviour,0.0013057229641196878,0.00140430958544044
tfidf_secondary,0.0013049560145221074,0.0007938016283088826
tfidf_collaboration with,0.0013049560145221074,0.0007938016283088825
tfidf_the project,0.0013049560145221074,0.0007938016283088826
tfidf_vehicle,0.0013049518696830354,0.0007209716676529897
tfidf_maritime,0.0013020840939042323,0.0021864277693035053
tfidf_marine,0.0013016579972719767,0.00016713063288056258
tfidf_where,0.0012617705121374168,0.0007072009002952781
tfidf_the action,0.0012613354673428612,0.0008476545064234704
tfidf_sensitive,0.0012588336858077587,0.0008945067613909696
tfidf_of defence,0.0012588336858077587,0.0008945067613909696
tfidf_states,0.0012583973884885747,0.0010097588467019125
tfidf_and research,0.001257305162319211,0.0012303486949159861
tfidf_world,0.001256979080996029,0.0013466545484731602
tfidf_the benefits,0.0012565379852539915,0.001422492759029482
tfidf_end users,0.0012563229218048976,0.0014823810226018612
tfidf_and technologies,0.0012559955865130922,0.0015461051936622905
tfidf_test,0.0012559887207517662,0.0020068971579537283
tfidf_scenarios,0.0012558847961066434,0.0008151239287583454
tfidf_ensure that,0.001255557460814838,0.0009259667953581287
tfidf_mutual,0.001255557460814838,0.0009259667953581287
tfidf_ongoing,0.001255557460814838,0.0009259667953581287
tfidf_thereby,0.0012554475860315772,0.0009406457160240122
tfidf_individuals,0.0012551193351165724,0.001682080516526407
tfidf_encouraged to,0.001254900845248763,0.0010641565016478764
tfidf_supporting,0.0012533645360672473,0.0012760836656978472
tfidf_ecological,0.0012525986158259173,0.0006262993079129586
tfidf_entire,0.0012522707104291153,0.0007654977066945635
tfidf_and sustainable,0.0012487512102129727,0.00019778125423924558
tfidf_urban,0.0012106063699092672,0.0021983482075171585
tfidf_advanced,0.001209524587748645,0.0005843718640928703
tfidf_regulation,0.0012086499600305277,0.0008195866496936718
tfidf_function,0.0012068056868745347,0.0014921535451132902
tfidf_future,0.0012060389733405286,0.0008824761621945255
tfidf_of this,0.0012056054128688598,0.0010525347066368243
tfidf_in addition,0.0012037493266208788,0.0014569263931674258
tfidf_of knowledge,0.0012034195870983754,0.0015189421071633055
tfidf_collaboration,0.001203417286521552,0.002707583289796264
tfidf_specifically,0.001203309712315115,0.0015279311256097502
tfidf_scientists,0.0012031994920136512,0.0007842971815290286
tfidf_should include,0.0012031992688514737,0.000784663171532465
tfidf_the programme,0.0012029823770232984,0.0008834668704446651
tfidf_produce,0.0012029823770232984,0.000883466870444665
tfidf_known,0.0012029823770232984,0.0008834668704446651
tfidf_activities should,0.001202655041731493,0.0009866440920550214
tfidf_strengthened,0.001202655041731493,0.0009866440920550214
tfidf_spaces,0.001202544251325044,0.001000888789536949
tfidf_among,0.0012024343765417833,0.0010144784750597017
tfidf_up to,0.0012010077089051664,0.0011765896222650396
tfidf_basic,0.0011998027444630687,0.0014588872748832477
tfidf_accurate,0.0011995854063361234,0.0007323257268925465
tfidf_demonstrating,0.0011995854063361234,0.0007323257268925465
tfidf_education and,0.0011992533561002495,0.0007871977920077879
tfidf_be,0.001168856396705703,0.0035981709071186
tfidf_the final,0.0011567360185691488,0.0007297093135899768
tfidf_opportunity,0.0011540002487174684,0.00034962415422236967
tfidf_architectures,0.0011539032677912008,0.0007659937700722148
tfidf_standard,0.001153463767215468,0.0015619299103142158
tfidf_aim,0.0011529196624290084,0.0010268264905016304
tfidf_such as,0.001152366205339994,0.0010416590755602843
tfidf_types,0.0011511742428293391,0.0014283858323935698
tfidf_out in,0.001150844503306836,0.0014915770257758999
tfidf_fair,0.001150844503306836,0.0014915770257758999
tfidf_addition,0.0011507361171310849,0.001503830225484307
tfidf_and technical,0.0011507342830053835,0.0015007837564592155
tfidf_cultural and,0.0011504072932317587,0.000835514594348539
tfidf_supports,0.0011504072932317587,0.000835514594348539
tfidf_synergies with,0.0011501853640213389,0.0015840455530933847
tfidf_allow,0.0011500799579399646,0.0016253223379860049
tfidf_are encouraged,0.0011500799579399535,0.0009439295901826583
tfidf_the clean,0.001148107135513199,0.002241338623701969
tfidf_to demonstrate,0.0011472295005679589,0.0014308808471727842
tfidf_way,0.0011039443870056176,0.0007808868128673799
tfidf_as well,0.001101547589490659,0.0014791768570698723
tfidf_the world,0.0011011112921714861,0.0008148189576999395
tfidf_testing of,0.0011010014173882254,0.0008314420312427858
tfidf_2016,0.0011000165509071568,0.0010769941884758397
tfidf_interactive,0.0010998081372630864,0.002199616274526173
tfidf_transnational,0.0010982694195152964,0.0014618107414641202
tfidf_disaster,0.0010975048741484138,0.0008961089772936942
tfidf_place,0.0010975048741484138,0.0008961089772936942
tfidf_take place,0.0010975048741484138,0.0008961089772936942
tfidf_steel,0.0010975048741484138,0.0008961089772936942
tfidf_alternative,0.0010973946538469614,0.0009113448308931673
tfidf_children,0.0010973946538469614,0.0009113448308931673
tfidf_vehicles,0.0010972838634405123,0.0009267350655646112
tfidf_private,0.0010968466533654464,0.0010387909037605102
tfidf_produced,0.0010939936636104152,0.0006897085215661902
tfidf_biodiversity,0.0010938830963405533,0.0007095133809589996
tfidf_mass,0.0010936651866795045,0.0008185862278688549
tfidf_recycling,0.0010935546194096423,0.0008353410877347148
tfidf_relevant,0.0010599503819090361,0.003588339387291031
tfidf_european,0.0010585154413530306,0.0018983878554310171
tfidf_scale,0.0010546316649610032,0.0018710212305445364
tfidf_of advanced,0.0010516984626168457,0.0006592799352890097
tfidf_means,0.0010501651506977018,0.0010200014827370014
tfidf_measures,0.0010491894089591004,0.0012252055970270602
tfidf_prototype,0.001048974334078201,0.0014505162063226146
tfidf_and economic,0.0010487510543669809,0.0014656663856945661
tfidf_outside,0.0010483193165517712,0.0008576359521879438
tfidf_battery,0.00104831931655176,0.0015767717201989689
tfidf_involvement,0.0010482088730881412,0.0008738654588835259
tfidf_provided,0.001047988900336938,0.0009049427632105713
tfidf_listed,0.0010475553398652693,0.001071377378887698
tfidf_planning and,0.00104733410599519,0.0010973732938374685
tfidf_work,0.001044819570055422,0.0008584973850892624
tfidf_due,0.0010448158974744604,0.0007917839825958381
tfidf_to the,0.0010447093497539695,0.0008743822092393278
tfidf_by the,0.001003252575787833,0.001761224806913187
tfidf_demonstrators,0.0009990165849650735,0.0006878421762608129
tfidf_guidance,0.0009986903856138319,0.0008151412970014284
tfidf_therefore,0.0009985802876458893,0.0008320881724629158
tfidf_contribute,0.0009974750909467645,0.0010819584052261767
tfidf_field,0.0009958541075435034,0.001535095306366705
tfidf_vulnerable,0.0009955273409320564,0.000895307172853966
tfidf_tangible or,0.0009955273409320564,0.000895307172853966
tfidf_types of,0.0009955273409320564,0.000895307172853966
tfidf_product tangible,0.0009955273409320564,0.000895307172853966
tfidf_defence product,0.0009955273409320564,0.000895307172853966
tfidf_component or,0.0009955273409320564,0.000895307172853966
tfidf_or intangible,0.0009955273409320564,0.000895307172853966
tfidf_intangible component,0.0009955273409320564,0.000895307172853966
tfidf_intangible,0.0009955273409320564,0.000895307172853966
tfidf_drug,0.0009954174661487957,0.0009104491469742605
tfidf_fellowships,0.000991806360565628,0.0009268429420454716
tfidf_proposed,0.0009913654779096005,0.0009844277473956015
tfidf_noise,0.0009883974276193475,0.0005316456282696458
tfidf_youth,0.000987956537727186,0.001506063916374075
tfidf_associated,0.0009511887981546119,0.001548583159377745
tfidf_training,0.0009491787452692968,0.005213736102189311
tfidf_integrated,0.0009482836516625515,0.0021173070432173578
tfidf_the development,0.0009465513759567945,0.0005847382281054169
tfidf_direct,0.0009462246093453585,0.000730723469934989
tfidf_companies,0.000945898409994117,0.0008516165937388695
tfidf_events,0.000945010757610254,0.0016057448958848133
tfidf_out,0.0009437164641649676,0.001859304285970309
tfidf_infrastructures,0.0009437038857296632,0.0013030960520256654
tfidf_awarded,0.0009433903828387713,0.0014935302516718265
tfidf_take,0.0009432781109960598,0.001499860798024127
tfidf_work plan,0.0009429522571405169,0.0008350640263769759
tfidf_iot,0.0009429522571405169,0.0008350640263769759
tfidf_scenario,0.0009429522571405169,0.0008350640263769759
tfidf_etc,0.0009428418136768868,0.0008517100842935542
tfidf_both,0.0009428418136768868,0.0008517100842935542
tfidf_providing,0.0009426249218487115,0.0009434588211959085
tfidf_sensors,0.0009426249218487115,0.0009434588211959085
tfidf_tangible,0.0009426249218487115,0.0009434588211959085
tfidf_interoperability and,0.0009426249218487115,0.0009434588211959085
tfidf_vision,0.0009424055163577139,0.0016406150670211844
tfidf_stakeholder,0.0009398894989982365,0.0014582312492940118
tfidf_sources,0.0009394489618694379,0.0007670568653224978
tfidf_conditions,0.000939121056472636,0.0008842549313278855
tfidf_the public,0.000939121056472636,0.0008842549313278855
tfidf_years,0.000939010489202774,0.0008997688197163974
tfidf_conventional,0.000939010489202774,0.0008997688197163974
tfidf_dissemination,0.000937582214905075,0.0018050589310039287
tfidf_targeting,0.0009375760012380385,0.0011815330170689103
tfidf_especially,0.0008937594003370797,0.0006302453819019903
tfidf_tools and,0.0008935427316935862,0.0007492132504269678
tfidf_knowledge and,0.0008924505055242227,0.0010269705300522038
tfidf_commercial,0.0008911441229465577,0.001389302325797949
tfidf_set out,0.0008907039399604245,0.001463752721143825
tfidf_applicant,0.0008904879637554264,0.0015210706373386994
tfidf_and information,0.0008904870481322491,0.0015189647434037097
tfidf_generation,0.000890049838057172,0.0008833509174984622
tfidf_the system,0.000890049838057172,0.0008833509174984621
tfidf_be provided,0.000890049838057172,0.0008833509174984621
tfidf_is encouraged,0.000890049838057172,0.0008833509174984621
tfidf_providers,0.000890049838057172,0.0008833509174984622
tfidf_refer to,0.0008896117123589175,0.0010006494359757275
tfidf_effects,0.0008892852926903006,0.0010923021528330046
tfidf_independent,0.0008873124630274232,0.001381188588317492
tfidf_during,0.0008872041949052444,0.0014296282067367335
tfidf_diversity,0.0008872041949052444,0.0014296282067367335
tfidf_where appropriate,0.000886435752379644,0.0008361962959742883
tfidf_follow,0.0008861078469828421,0.0009448386252188463
tfidf_can,0.0008855585824806167,0.0010687028483427306
tfidf_equipment,0.0008854480152107547,0.0010815688045145294
tfidf_of eu,0.0008853405794556679,0.002016117366548992
tfidf_exchanges,0.0008835751596167563,0.00118997340445133
tfidf_contribute to,0.0008428118073130486,0.0016751216592407502
tfidf_and services,0.0008408608540418139,0.0007636317432185627
tfidf_competences,0.0008408608540418139,0.0007636317432185627
tfidf_that the,0.0008374747542656436,0.0015530575461557663
tfidf_during the,0.0008374747542656324,0.000815459907492086
tfidf_must,0.0008374747542656324,0.0008154599074920859
tfidf_introduction,0.00083736453396418,0.000832139195771925
tfidf_construction,0.0008372528250552124,0.0015735156941988056
tfidf_implementing,0.0008371474189738271,0.0009261146942210145
tfidf_training and,0.0008371474189738271,0.0009261146942210145
tfidf_services and,0.0008371474189738271,0.0009261146942210145
tfidf_two stage,0.0008341885739849176,0.0014631193915949582
tfidf_order,0.0008334183980507782,0.0008331426450463514
tfidf_road,0.0008334183980507782,0.0008331426450463514
tfidf_council,0.0008328674189418073,0.000972488899176101
tfidf_prevention and,0.0007883956450335349,0.0006597954442538842
tfidf_sub,0.000788068878422099,0.0007920004181435782
tfidf_на,0.000788068878422099,0.0007920004181435782
tfidf_of innovation,0.000788068878422099,0.0007920004181435782
tfidf_over,0.000788068878422099,0.0007920004181435783
tfidf_trials,0.000788068878422099,0.0007920004181435783
tfidf_encouraged,0.00078806500563402,0.0007204943640560301
tfidf_young,0.0007879584349584689,0.0008095113280025181
tfidf_objectives,0.0007876239198842394,0.0007943173517678935
tfidf_further,0.0007874120396713424,0.0009498616654804513
tfidf_forest,0.0007848993249559121,0.0015137034850868944
tfidf_better,0.0007847894501726404,0.0007560302836970415
tfidf_build,0.0007845686626013259,0.0007916400376646516
tfidf_eco,0.0007844615447758386,0.00087464902185347
tfidf_long,0.0007844582191376959,0.0008091582687624044
tfidf_open access,0.0007842449998904822,0.0009640905965566991
tfidf_to assess,0.0007838068741922277,0.0010725522910352751
tfidf_implementation of,0.0007836969994089671,0.0010852025649557898
tfidf_local authorities,0.0007836960837857787,0.0010856276585096915
tfidf_de,0.000779526874160208,0.0011126356340271206
tfidf_energy,0.0007360283182830218,0.001879332868406104
tfidf_group,0.0007356036694138202,0.0006884197609577065
tfidf_and data,0.0007356036694138202,0.0006884197609577065
tfidf_micro,0.0007352769028023843,0.0008159791051543658
tfidf_automation,0.0007351664593387541,0.0008329790914639087
tfidf_finance,0.0007351664593387541,0.0008329790914639087
tfidf_low,0.0007351664593387541,0.0008329790914639086
tfidf_implemented,0.0007316699160989426,0.0008961089772936942
tfidf_horizon europe,0.0007316699160989426,0.0008961089772936942
tfidf_of climate,0.0007316699160989426,0.0008961089772936942
tfidf_links,0.0007316699160989426,0.0008961089772936942
tfidf_essential,0.0007316699160989426,0.0008961089772936942
tfidf_could be,0.0007315591256924936,0.001607966609436594
tfidf_framework for,0.0007311209999942391,0.0010257047894585143
tfidf_ground,0.0007310098611902682,0.0010394492371686554
tfidf_already,0.0007283723450324908,0.0013991396231776046
tfidf_highly,0.0007268417960664464,0.0010667128293527625
tfidf_if,0.0006958389768864593,0.0014561421057059803
tfidf_capabilities,0.0006867286109668913,0.0017954159352161242
tfidf_clinical trials,0.0006858580479598752,0.000428033597264532
tfidf_demonstrate,0.0006840119677997802,0.0022621378964998097
tfidf_research should,0.0006830285856222806,0.0005851049000335576
tfidf_entrepreneurs,0.0006827012503304753,0.0007314097338735648
tfidf_ways,0.0006822640402554092,0.0008688189336120241
tfidf_to all,0.0006821539422874667,0.0008846988506169679
tfidf_footprint,0.0006821532498489602,0.0008848970761479918
tfidf_in particular,0.0006819381863998663,0.0016409772107320744
tfidf_this topic,0.0006794186188244899,0.0014558107094350243
tfidf_investigators,0.0006792017269963091,0.0015137116835076633
tfidf_service,0.0006790739339707863,0.0003503240288694912
tfidf_higher,0.0006789846120059506,0.0008357448822336481
tfidf_situational,0.0006789846120059506,0.0008357448822336481
tfidf_should take,0.0006789846120059506,0.0008357448822336483
tfidf_period,0.0006789846120059506,0.0008357448822336481
tfidf_annual work,0.0006789846120059506,0.0008357448822336483
tfidf_cyber,0.0006789846120059506,0.0008357448822336481
tfidf_and processing,0.0006789846120059506,0.0008357448822336481
tfidf_sources of,0.0006789846120059506,0.0008357448822336481
tfidf_situational awareness,0.0006789846120059506,0.0008357448822336481
tfidf_appropriate,0.0006789804931262245,0.000767802757838868
tfidf_sectors and,0.0006786567066091487,0.0009443671117669506
tfidf_following outcomes,0.0006786567066091487,0.0009443671117669506
tfidf_and sustainability,0.0006786567066091487,0.0009443671117669506
tfidf_an eu,0.0006786567066091487,0.0009443671117669506
tfidf_enterprise,0.0006786567066091487,0.0009443671117669505
tfidf_pdf,0.0006786567066091487,0.0009443671117669505
tfidf_post,0.0006786567066091487,0.0009443671117669506
tfidf_policy,0.0006786518923890816,0.0008850049637077266
tfidf_12,0.0006784347773987287,0.001643999856515251
tfidf_businesses,0.0006782185809108942,0.0010548148930184741
tfidf_2018,0.0006422969392351873,0.0009669600324525751
tfidf_into,0.000637752638921596,0.0025563189587798586
tfidf_starting,0.0006338357288188434,0.00012904371893857468
tfidf_the call,0.0006338357288188434,0.0001290437189385747
tfidf_ocean,0.0006333953355075695,0.0003577617081809387
tfidf_standards,0.0006302366100025658,0.0006081236819916198
tfidf_comparison,0.0006300197181743905,0.0007310152455153318
tfidf_evolution,0.0006300197181743905,0.0007310152455153318
tfidf_bodies,0.0006300197181743905,0.0007310152455153318
tfidf_dimensions,0.0006300197181743905,0.0007310152455153318
tfidf_together with,0.0006300197181743905,0.0007310152455153318
tfidf_concrete,0.0006300197181743905,0.0007310152455153318
tfidf_academia,0.0006300197181743905,0.0007310152455153318
tfidf_eligibility,0.0006300197181743905,0.0007310152455153318
tfidf_unmanned,0.0006300197181743905,0.0007310152455153318
tfidf_after,0.0006300197181743905,0.0007310152455153318
tfidf_aimed at,0.0006300197181743905,0.0007310152455153318
tfidf_input,0.0006300197181743905,0.0007310152455153318
tfidf_aimed,0.0006300197181743905,0.0007310152455153318
tfidf_characterisation,0.0006300197181743905,0.0007310152455153319
tfidf_entrepreneurship,0.0006300197181743905,0.0007310152455153318
tfidf_for future,0.0006299092747107604,0.0007499282005680781
tfidf_technologies for,0.0006294720646356944,0.0008844389658070048
tfidf_era,0.0006293612742292454,0.0009002316826914179
tfidf_improving,0.0006292407731959937,0.0023784480688119466
tfidf_case,0.0006270677504385591,0.001390463447397061
tfidf_erc,0.0006264104467169351,0.0015225087084167071
tfidf_year,0.0006264104467169351,0.0015225087084167071
tfidf_long term,0.0006262993079129697,0.0015293939537517076
tfidf_budget,0.0006261887406430966,0.0007848466119574885
tfidf_authorities,0.0006261887406430966,0.0007848466119574884
tfidf_and digital,0.0006261887406430966,0.0007848466119574885
tfidf_submitted,0.0006261887406430966,0.0007848466119574885
tfidf_renewable energy,0.0006261885175065151,0.0015409665762719871
tfidf_experiences,0.0006260779502366476,0.0008026009438464464
tfidf_transfer,0.0006259714025161567,0.0008841387994283508
tfidf_list of,0.0006259714025161567,0.0008841387994283508
tfidf_citizens and,0.0006259714025161567,0.0008841387994283508
tfidf_experience,0.0006259714025161567,0.0008841387994283508
tfidf_cells,0.0006256434971193547,0.0009874342426850185
tfidf_political,0.0006256434971193547,0.0009874342426850185
tfidf_evolving,0.0006256434971193547,0.0009874342426850185
tfidf_leadership,0.0006255323583153838,0.0010016922381012395
tfidf_technical,0.0006254221380139313,0.0010152937503873794
tfidf_processing,0.0006215774835273025,0.0008853744346167254
tfidf_national and,0.0006204721490619958,0.0017455202541798553
tfidf_development,0.0005871158889008355,0.001722574056065245
tfidf_materials,0.0005812592887380341,0.00127128527787745
tfidf_10,0.0005810437531991286,0.0001972941300677767
tfidf_three,0.0005809336552311861,0.0002583571217203258
tfidf_improvement,0.0005809146651242547,0.0018768696517376543
tfidf_testing,0.0005796215672034144,0.0015699499204888962
tfidf_approach,0.0005795162187025915,0.0030317703250882138
tfidf_conduct,0.000577444634382851,0.0006258650779322527
tfidf_flow,0.000577444634382851,0.0006258650779322527
tfidf_transition to,0.000577444634382851,0.0006258650779322527
tfidf_researchers,0.000577444634382851,0.0006258650779322527
tfidf_base,0.000577444634382851,0.0006258650779322527
tfidf_applying,0.000577444634382851,0.0006258650779322527
tfidf_the coordination,0.000577444634382851,0.0006258650779322527
tfidf_research results,0.0005773341909192208,0.0006478460461080782
tfidf_functioning,0.0005771172990910456,0.0007643627593164693
tfidf_multiple,0.0005771172990910456,0.0007643627593164692
tfidf_jti,0.0005771172990910456,0.0007643627593164692
tfidf_principle,0.0005771172990910456,0.0007643627593164692
tfidf_density,0.0005771172990910456,0.0007643627593164692
tfidf_establishment,0.0005771172990910456,0.0007643627593164692
tfidf_and european,0.0005771172990910456,0.0007643627593164692
tfidf_should provide,0.0005771172990910456,0.0007643627593164692
tfidf_not limited,0.0005771172990910456,0.0007643627593164692
tfidf_materials for,0.0005771172990910456,0.0007643627593164692
tfidf_used,0.0005770068556274155,0.000782462624799757
tfidf_through,0.0005746018532717167,0.001285841377131887
tfidf_care,0.0005740392470739875,0.001825700560013303
tfidf_operation,0.0005735034365501046,0.000707338531174838
tfidf_satellite,0.0005732860984231647,0.0008161017761207342
tfidf_build on,0.0005731755311533026,0.0008328375325347128
tfidf_hydrogen,0.0005729581930263627,0.0009269911134248584
tfidf_performed,0.0005729581930263627,0.0009269911134248584
tfidf_list,0.0005728470542223918,0.0009421580386806799
tfidf_europe,0.0005728470542223918,0.0009421580386806799
tfidf_public and,0.0005728470542223918,0.0009421580386806799
tfidf_benefit,0.0005725191488255898,0.001039688365473973
tfidf_of all,0.0005725191488255898,0.001039688365473973
tfidf_time to,0.0005284719735152987,0.0
tfidf_process of,0.0005284719735152987,0.0
tfidf_about,0.0005281413341157836,0.0002891543158332269
tfidf_for research,0.0005281413341157836,0.0002891543158332269
tfidf_to contribute,0.0005279264881287382,0.0014103541772445168
tfidf_with,0.0005249794253745832,0.0014011695799172647
tfidf_phase,0.0005246449910830897,0.00043517177565448724
tfidf_annex of,0.0005245422152995061,0.0006603116962443014
tfidf_iii,0.0005245422152995061,0.0006603116962443014
tfidf_and climate,0.0005245422152995061,0.0006603116962443014
tfidf_to improve,0.0005244317718358759,0.0006811734393140677
tfidf_key,0.0005244317718358759,0.0006811734393140678
tfidf_available,0.0005244276529561498,0.0005958586644692455
tfidf_action will,0.0005242148800077007,0.0007927926807143168
tfidf_understand,0.0005242148800077007,0.0007927926807143168
tfidf_account the,0.0005242148800077007,0.0007927926807143168
tfidf_rate,0.0005242148800077007,0.0007927926807143168
tfidf_funds,0.0005242148800077007,0.0007927926807143168
tfidf_would be,0.0005242148800077007,0.0007927926807143168
tfidf_and use,0.0005242148800077007,0.0007927926807143168
tfidf_definition,0.0005242148800077007,0.0007927926807143168
tfidf_networking,0.0005241040896012516,0.0008103590006320144
tfidf_of specific,0.0005241040896012516,0.0008103590006320144
tfidf_treatment,0.0005205967747807904,0.001482084439145124
tfidf_horizon 2020,0.0005204902270603106,0.0007565552953063691
tfidf_stack,0.0005202728889333707,0.0008590967248078877
tfidf_resource,0.0005201617501293998,0.0008754340165279383
tfidf_and other,0.0005201531105307189,0.0007388529271065795
tfidf_good practices,0.0005198338447325978,0.0009796123177841663
tfidf_the following,0.0005193904296935225,0.001035127167269963
tfidf_renewable,0.0005178321863809621,0.0018263877586873636
tfidf_good,0.0005145549254178206,0.001138657766770486
tfidf_2012,0.0004806777929665773,0.0005278341866669706
tfidf_activity,0.0004756799978955839,0.00010558395123942965
tfidf_increasing the,0.0004756799978955839,0.00010558395123942965
tfidf_units,0.0004756799978955839,0.00010558395123942965
tfidf_ghg,0.0004756799978955839,0.00010558395123942965
tfidf_emerging,0.0004755698999276414,0.00019735297989397903
tfidf_capacity,0.00047261997513712293,0.0012816004189519113
tfidf_contribution,0.0004719589152458514,0.0013848628747875642
tfidf_well,0.0004718569112065196,0.0023559887979822947
tfidf_supporting the,0.0004718569112065141,0.000556457162219168
tfidf_flexibility,0.0004718569112065141,0.0005564571622191681
tfidf_delivering,0.0004718569112065141,0.000556457162219168
tfidf_the introduction,0.0004718569112065141,0.000556457162219168
tfidf_against,0.00047163979621616113,0.0006889982908027919
tfidf_addressed,0.00047163979621616113,0.0006889982908027919
tfidf_enhancing,0.00047163979621616113,0.0006889982908027919
tfidf_innovation,0.0004715252338727938,0.0014618858065126605
tfidf_experimental,0.00047141856234608206,0.0007285893759282175
tfidf_in real,0.00047131246092435575,0.0008168186515186581
tfidf_modern,0.00047120167051790675,0.0008338719701602032
tfidf_young people,0.00047120167051790675,0.0008338719701602031
tfidf_initial,0.00047120167051790675,0.0008338719701602032
tfidf_patients,0.0004707644604428407,0.0009565791466064174
tfidf_of non,0.0004704320877687906,0.0009997467636001262
tfidf_particularly,0.00046681534590198304,0.0009576948213268576
tfidf_no,0.00046670949643883296,0.0010268026437329617
tfidf_impact the,0.0004628613925078184,0.0015675466787618314
tfidf_missions,0.0004228880222758691,0.00012931340278175108
tfidf_with high,0.0004228880222758691,0.00012931340278175108
tfidf_many,0.0004228880222758691,0.00012931340278175108
tfidf_advice,0.0004228880222758691,0.00012931340278175108
tfidf_threats,0.0004228880222758691,0.00012931340278175108
tfidf_educational,0.0004228880222758691,0.00012931340278175108
tfidf_big data,0.0004227779243079266,0.0002109752579669465
tfidf_big,0.0004227779243079266,0.0002109752579669465
tfidf_current,0.00042277757881223896,0.00021138878940611948
tfidf_represent,0.00042277757881223896,0.00021138878940611948
tfidf_that could,0.0004226674808442965,0.0002692095824865956
tfidf_dimension,0.0004226674808442965,0.0002692095824865956
tfidf_further development,0.00042255738287635405,0.00031664231251603823
tfidf_crop,0.0004222270875330225,0.00042851950198063277
tfidf_two,0.0004218967921897132,0.002349256105300487
tfidf_human,0.00042146083460793405,0.0014941814529113502
tfidf_to provide,0.0004189544921231692,0.0005854718796354183
tfidf_off,0.0004189544921231692,0.0005854718796354183
tfidf_to allow,0.0004188437017167201,0.0006090283026860414
tfidf_million,0.0004187373771328162,0.0007126208117726923
tfidf_practice,0.0004187373771328162,0.0007126208117726924
tfidf_cooperation in,0.0004187373771328162,0.0007126208117726923
tfidf_it should,0.0004187373771328162,0.0007126208117726923
tfidf_efforts,0.0004186265867263672,0.0007320973465952912
tfidf_compared to,0.0004182992514345618,0.0008534669785308981
tfidf_take into,0.00041807732222414183,0.0008859225324591667
tfidf_and biodiversity,0.00041807732222414183,0.0008859225324591667
tfidf_features,0.00041807732222414183,0.0008859225324591667
tfidf_near,0.0004145702305115129,0.0007494800440470304
tfidf_resilience,0.00041413118631074,0.000884997531479717
tfidf_research,0.0004138021364121891,0.0009888962189070307
tfidf_including,0.0004130355337830238,0.0011800115655300747
tfidf_sectors,0.00037205608477522965,0.002049165807783112
tfidf_this,0.00037183667928422095,0.0020623579965214317
tfidf_intervention,0.00037009604665615424,0.00012931340278175108
tfidf_for,0.0003699859486882229,0.0013384736888860085
tfidf_support of,0.00036998560319252417,0.0002113612055920057
tfidf_including the,0.00036998560319252417,0.0002113612055920057
tfidf_the current,0.00036987550522458166,0.0002691663308566837
tfidf_artificial,0.0003661586207603151,0.00048252977570886323
tfidf_approach and,0.00036605207303982425,0.0006085332681233707
tfidf_earth observation,0.0003658349580494713,0.0007316699160989426
tfidf_regard,0.0003658349580494713,0.0007316699160989426
tfidf_proof of,0.0003658349580494713,0.0007316699160989426
tfidf_market uptake,0.0003658349580494713,0.0007316699160989426
tfidf_months,0.0003658349580494713,0.0007316699160989426
tfidf_submitted under,0.0003658349580494713,0.0007316699160989426
tfidf_subject,0.0003658349580494713,0.0007316699160989426
tfidf_concept of,0.0003658349580494713,0.0007316699160989426
tfidf_meet,0.0003658349580494713,0.0007316699160989426
tfidf_participating organisations,0.0003658349580494713,0.0007316699160989426
tfidf_and if,0.0003658349580494713,0.0007316699160989426
tfidf_participation in,0.0003658349580494713,0.0007316699160989426
tfidf_depending,0.0003658349580494713,0.0007316699160989426
tfidf_to further,0.0003658349580494713,0.0007316699160989426
tfidf_capacity building,0.0003658349580494713,0.0007316699160989426
tfidf_offered,0.0003658349580494713,0.0007316699160989426
tfidf_accuracy,0.0003658349580494713,0.0007316699160989426
tfidf_environmental impacts,0.0003658349580494713,0.0007316699160989426
tfidf_inform,0.0003658349580494713,0.0007316699160989426
tfidf_characteristics,0.0003658349580494713,0.0007316699160989426
tfidf_at different,0.0003658349580494713,0.0007316699160989426
tfidf_products and,0.0003658349580494713,0.0007316699160989426
tfidf_grant agreement,0.0003658349580494713,0.0007316699160989426
tfidf_sound,0.0003658349580494713,0.0007316699160989426
tfidf_reporting,0.0003658349580494713,0.0007316699160989426
tfidf_for each,0.0003658349580494713,0.0007316699160989426
tfidf_networking and,0.0003658349580494713,0.0007316699160989426
tfidf_has to,0.0003658349580494713,0.0007316699160989426
tfidf_topic are,0.0003658349580494713,0.0007316699160989426
tfidf_advantage,0.0003658349580494713,0.0007316699160989426
tfidf_coordination of,0.0003658349580494713,0.0007316699160989426
tfidf_host,0.0003658349580494713,0.0007316699160989426
tfidf_code,0.0003658349580494713,0.0007316699160989426
tfidf_platforms and,0.0003658349580494713,0.0007316699160989426
tfidf_agreement,0.0003658349580494713,0.0007316699160989426
tfidf_of information,0.0003658349580494713,0.0007316699160989426
tfidf_of stakeholders,0.0003658349580494713,0.0007316699160989426
tfidf_in case,0.0003658349580494713,0.0007316699160989426
tfidf_the target,0.0003658349580494713,0.0007316699160989426
tfidf_provided by,0.0003658349580494713,0.0007316699160989426
tfidf_cooperative,0.0003658349580494713,0.0007316699160989426
tfidf_the purpose,0.0003658349580494713,0.0007316699160989426
tfidf_europe the,0.0003658349580494713,0.0007316699160989426
tfidf_conditions for,0.0003658349580494713,0.0007316699160989426
tfidf_among others,0.0003658349580494713,0.0007316699160989426
tfidf_local level,0.0003658349580494713,0.0007316699160989426
tfidf_2027,0.0003658349580494713,0.0007316699160989426
tfidf_net,0.0003657241676430223,0.0007506445546885048
tfidf_each,0.0003653968323512169,0.0008694089787762275
tfidf_multidisciplinary,0.0003653968323512169,0.0008694089787762275
tfidf_objectives of,0.0003650641127343479,0.0009167483713497938
tfidf_europa eu,0.00036155679791388673,0.0015424670319612917
tfidf_ju,0.0003611168323191971,0.0009164496819213174
tfidf_have,0.00032286757576482363,0.00303353781392804
tfidf_implementation,0.0003224148758279033,0.002406715158293723
tfidf_to develop,0.00032198267023269,0.000762399999888633
tfidf_the national,0.0003215531957638573,0.000954994363217409
tfidf_next,0.00031730407103643945,0.00010558395123942965
tfidf_flexible,0.00031730407103643945,0.00010558395123942965
tfidf_shared,0.0003171936275728093,0.00019770663315215892
tfidf_and co,0.0003171936275728093,0.00019770663315215892
tfidf_and related,0.0003171936275728093,0.00019770663315215892
tfidf_development of,0.0003171936275728093,0.00019770663315215892
tfidf_for sustainable,0.0003171936275728093,0.00019770663315215892
tfidf_research in,0.0003171936275728093,0.00019770663315215892
tfidf_innovation actions,0.00031708352960486686,0.0002585599401520412
tfidf_batteries,0.00031708318410917925,0.0002588973356948215
tfidf_informed,0.00031697308614123674,0.000307884939498086
tfidf_preparatory,0.0003167532342615353,0.00038749216393172987
tfidf_the exchange,0.0003167532342615353,0.00038749216393172987
tfidf_system for,0.0003167532342615353,0.0003874921639317299
tfidf_sustainability of,0.0003167525447096642,0.0003879410546333962
tfidf_envisaged,0.00031314965395647933,0.0006262993079129587
tfidf_possibility,0.00031314965395647933,0.0006262993079129587
tfidf_included,0.00031314965395647933,0.0006262993079129587
tfidf_reduce,0.00031314965395647933,0.0006262993079129587
tfidf_addition to,0.00031314965395647933,0.0006262993079129587
tfidf_expand,0.00031314965395647933,0.0006262993079129587
tfidf_established,0.00031314965395647933,0.0006262993079129587
tfidf_foster,0.00031314965395647933,0.0006262993079129587
tfidf_may be,0.00031314965395647933,0.0006262993079129587
tfidf_and relevant,0.00031314965395647933,0.0006262993079129587
tfidf_and control,0.00031314965395647933,0.0006262993079129587
tfidf_media,0.00031314965395647933,0.0006262993079129587
tfidf_open science,0.00031314965395647933,0.0006262993079129587
tfidf_and will,0.00031314965395647933,0.0006262993079129587
tfidf_and regulatory,0.00031314965395647933,0.0006262993079129587
tfidf_and promote,0.00031314965395647933,0.0006262993079129587
tfidf_foster the,0.00031314965395647933,0.0006262993079129587
tfidf_be included,0.00031314965395647933,0.0006262993079129587
tfidf_and international,0.00031314965395647933,0.0006262993079129587
tfidf_of up,0.00031314965395647933,0.0006262993079129587
tfidf_nbs,0.00031314965395647933,0.0006262993079129587
tfidf_strengthening the,0.0003130388635500303,0.0006483560213331965
tfidf_action should,0.0003130388635500303,0.0006483560213331965
tfidf_provide,0.0003129280731435813,0.00066968665296297
tfidf_among the,0.00031282174855967737,0.000765095182435102
tfidf_vulnerability,0.00031282174855967737,0.000765095182435102
tfidf_stronger,0.00031282174855967737,0.000765095182435102
tfidf_published in,0.00031282174855967737,0.0007650951824351019
tfidf_of solutions,0.00031282174855967737,0.000765095182435102
tfidf_http ec,0.00031282174855967737,0.000765095182435102
tfidf_tools for,0.00031282174855967737,0.000765095182435102
tfidf_of concept,0.00031282174855967737,0.000765095182435102
tfidf_hydrogen ju,0.00031282174855967737,0.000765095182435102
tfidf_loss,0.00031282174855967737,0.000765095182435102
tfidf_ways to,0.00031282174855967737,0.000765095182435102
tfidf_weight,0.00031282174855967737,0.0007650951824351019
tfidf_descriptions,0.00031282174855967737,0.0007650951824351019
tfidf_discrimination,0.00031282174855967737,0.000765095182435102
tfidf_proposals submitted,0.00031282174855967737,0.000765095182435102
tfidf_the grant,0.00031282174855967737,0.000765095182435102
tfidf_between the,0.00031282174855967737,0.000765095182435102
tfidf_practices and,0.00031282174855967737,0.000765095182435102
tfidf_the operational,0.00031282174855967737,0.000765095182435102
tfidf_potentially,0.00031282174855967737,0.000765095182435102
tfidf_optimise,0.00031282174855967737,0.000765095182435102
tfidf_assembly,0.00031282174855967737,0.0007650951824351019
tfidf_capacities,0.00031282174855967737,0.0007650951824351019
tfidf_to reach,0.00031282174855967737,0.0007650951824351019
tfidf_infrastructures and,0.00031282174855967737,0.000765095182435102
tfidf_topic descriptions,0.00031282174855967737,0.0007650951824351019
tfidf_influence,0.00031282174855967737,0.000765095182435102
tfidf_open innovation,0.00031282174855967737,0.0007650951824351019
tfidf_train,0.00031282174855967737,0.000765095182435102
tfidf_professional,0.00031282174855967737,0.000765095182435102
tfidf_economy and,0.00031282174855967737,0.000765095182435102
tfidf_navigation,0.00031282174855967737,0.000765095182435102
tfidf_data spaces,0.00031282174855967737,0.0007650951824351019
tfidf_scope of,0.00031282174855967737,0.000765095182435102
tfidf_upgrade,0.00031282174855967737,0.000765095182435102
tfidf_and impact,0.00031282174855967737,0.000765095182435102
tfidf_mode,0.00031282174855967737,0.000765095182435102
tfidf_participate,0.00031282174855967737,0.000765095182435102
tfidf_and air,0.00031282174855967737,0.000765095182435102
tfidf_regions and,0.00031282174855967737,0.000765095182435102
tfidf_competitiveness of,0.00031282174855967737,0.000765095182435102
tfidf_demonstrations,0.00031282174855967737,0.000765095182435102
tfidf_kw,0.00031282174855967737,0.000765095182435102
tfidf_weather,0.00031271095815322837,0.0007832530069106783
tfidf_to design,0.000312383622861423,0.0008976944310504784
tfidf_green,0.0002696329048819335,0.001484839168964151
tfidf_cross border,0.00026963108792424915,0.0006779228585855382
tfidf_innovative,0.00026952133401247913,0.001493495353270753
tfidf_to understand,0.0002645120954167246,0.0
tfidf_composition,0.0002645120954167246,0.0
tfidf_go,0.0002645120954167246,0.0
tfidf_organised,0.0002645120954167246,0.0
tfidf_define the,0.0002645120954167246,0.0
status_standard_open,0.0002645120954167246,0.0
tfidf_challenges and,0.0002645120954167246,0.0
tfidf_of critical,0.0002645120954167246,0.0
tfidf_autonomy,0.0002645120954167246,0.0
tfidf_the support,0.0002645120954167246,0.0
tfidf_the requirements,0.0002645120954167246,0.0
tfidf_cooperation is,0.0002645120954167246,0.0
tfidf_control and,0.0002645120954167246,0.0
tfidf_preliminary,0.0002645120954167246,0.0
tfidf_ageing,0.0002645120954167246,0.0
tfidf_hubs,0.0002645120954167246,0.0
tfidf_services to,0.0002645120954167246,0.0
tfidf_com 2012,0.0002645120954167246,0.0
tfidf_continue,0.0002645120954167246,0.0
tfidf_plastic,0.0002645120954167246,0.0
tfidf_therapeutic,0.0002645120954167246,0.0
tfidf_transformative,0.0002645120954167246,0.0
tfidf_right,0.0002645120954167246,0.0
tfidf_or to,0.0002645120954167246,0.0
tfidf_bbi,0.0002645120954167246,0.0
tfidf_necessary for,0.0002645120954167246,0.0
tfidf_also contribute,0.0002645120954167246,0.0
tfidf_larger,0.0002645120954167246,0.0
tfidf_verification,0.0002645120954167246,0.0
tfidf_qualification,0.0002645120954167246,0.0
tfidf_innovators,0.0002645120954167246,0.0
tfidf_centres,0.0002645120954167246,0.0
tfidf_interest,0.0002645120954167246,0.0
tfidf_interactions,0.0002645120954167246,0.0
tfidf_international cooperation,0.0002645120954167246,0.0
tfidf_intensive,0.0002645120954167246,0.0
tfidf_the eosc,0.0002645120954167246,0.0
tfidf_accessibility,0.0002645120954167246,0.0
tfidf_and developing,0.0002645120954167246,0.0
tfidf_and distribution,0.0002645120954167246,0.0
tfidf_strengthen the,0.0002645120954167246,0.0
tfidf_referred,0.0002645120954167246,0.0
tfidf_capable,0.0002645120954167246,0.0
tfidf_sea,0.00026440165195309453,0.00016711756632907697
tfidf_genetic,0.00026440165195309453,0.00016711756632907697
tfidf_the existing,0.00026440165195309453,0.000167117566329077
tfidf_or the,0.00026440165195309453,0.00016711756632907697
tfidf_population,0.00026440165195309453,0.000167117566329077
tfidf_and water,0.00026440165195309453,0.00016711756632907697
tfidf_next generation,0.00026440165195309453,0.00016711756632907697
tfidf_state of,0.0002642912084894644,0.00023633987720228167
tfidf_vessels,0.0002642912084894644,0.00023633987720228167
tfidf_accordance,0.0002642912084894644,0.00023633987720228167
tfidf_streams,0.0002642912084894644,0.00023633987720228164
tfidf_the european,0.0002642912084894644,0.00023633987720228167
tfidf_19,0.0002642912084894644,0.00023633987720228167
tfidf_accordance with,0.0002642912084894644,0.00023633987720228167
tfidf_the state,0.0002642912084894644,0.00023633987720228167
tfidf_in accordance,0.0002642912084894644,0.00023633987720228167
tfidf_optimised,0.0002642912084894644,0.00023633987720228167
tfidf_integrating,0.0002642912084894644,0.00023633987720228164
tfidf_policies and,0.00026418111052152194,0.00028915431609674054
tfidf_problems,0.00026418111052152194,0.00028915431609674054
tfidf_single,0.00026418111052152194,0.00028915431609674054
tfidf_connected,0.00026418111052152194,0.00028915431609674054
tfidf_proposed solutions,0.00026418111052152194,0.00028915431609674054
tfidf_emission,0.00026418111052152194,0.00028915431609674054
tfidf_members,0.0002639598766514428,0.0003736873810123095
tfidf_and safety,0.0002638508151781904,0.00040849994630243566
tfidf_as an,0.00026035378259362527,0.0005207075651872505
tfidf_available to,0.00026035378259362527,0.0005207075651872505
tfidf_forms,0.00026013644446668536,0.0006608286926485476
tfidf_duty,0.00026013644446668536,0.0006608286926485476
tfidf_acceptance,0.00026013644446668536,0.0006608286926485477
tfidf_projects in,0.00026013644446668536,0.0006608286926485477
tfidf_regular,0.00026013644446668536,0.0006608286926485476
tfidf_of life,0.00026013644446668536,0.0006608286926485476
tfidf_civil protection,0.00026013644446668536,0.0006608286926485476
tfidf_indicative,0.00026013644446668536,0.0006608286926485476
tfidf_adapt,0.00026013644446668536,0.0006608286926485477
tfidf_improving the,0.00026013644446668536,0.0006608286926485477
tfidf_actively,0.00026013644446668536,0.0006608286926485476
tfidf_to include,0.00026013644446668536,0.0006608286926485476
tfidf_additional,0.00026013644446668536,0.0006608286926485476
tfidf_and integrated,0.00026013644446668536,0.0006608286926485476
tfidf_equality,0.00026013644446668536,0.0006608286926485476
tfidf_and innovation,0.00026002106297675633,0.000596340567689698
tfidf_whilst,0.00025980853906988345,0.00079358654820111
tfidf_circular economy,0.00025980853906988345,0.00079358654820111
tfidf_requirements for,0.00025980853906988345,0.00079358654820111
tfidf_have to,0.00025980853906988345,0.00079358654820111
tfidf_resource efficient,0.00025980853906988345,0.00079358654820111
tfidf_stakeholders in,0.00025980853906988345,0.00079358654820111
tfidf_in this,0.00025980853906988345,0.00079358654820111
tfidf_where relevant,0.00025980853906988345,0.00079358654820111
tfidf_2014,0.00025980853906988345,0.00079358654820111
tfidf_uptake,0.00025980853906988345,0.00079358654820111
tfidf_transport infrastructure,0.00025980853906988345,0.00079358654820111
tfidf_preparedness,0.00025980853906988345,0.00079358654820111
tfidf_uptake of,0.00025980853906988345,0.00079358654820111
tfidf_and civil,0.00025980853906988345,0.00079358654820111
tfidf_dynamics,0.00025980853906988345,0.00079358654820111
tfidf_proof,0.00025980853906988345,0.00079358654820111
tfidf_judicial,0.00025980853906988345,0.00079358654820111
tfidf_commitment,0.00025980853906988345,0.00079358654820111
tfidf_are also,0.00025980853906988345,0.00079358654820111
tfidf_please refer,0.00025969740026591246,0.0008112085113037891
tfidf_crisis,0.00025969740026591246,0.0008112085113037891
tfidf_refer,0.00025969740026591246,0.0008112085113037891
tfidf_activities in,0.00025969740026591246,0.0008112085113037892
tfidf_introduction of,0.00025969740026591246,0.0008112085113037892
tfidf_grid,0.00025969740026591246,0.0008112085113037891
tfidf_assessment of,0.00025969740026591246,0.0008112085113037892
tfidf_ecosystem,0.0002589187245238933,0.0009254053749057468
tfidf_participating,0.0002554141738973392,0.0007936666408301835
tfidf_information,0.0002191244932643055,0.002732359000838503
tfidf_operations,0.0002148754487501292,0.0011278959791884249
tfidf_with european,0.00021160967633337968,0.00010580483816668984
tfidf_workforce,0.00021160967633337968,0.00010580483816668984
tfidf_perform,0.00021160967633337968,0.00010580483816668984
tfidf_innovation action,0.00021160967633337968,0.00010580483816668984
tfidf_require,0.00021160967633337968,0.00010580483816668984
tfidf_agreed,0.00021160967633337968,0.00010580483816668984
tfidf_agencies,0.00021160967633337968,0.00010580483816668984
tfidf_the innovation,0.00021160967633337968,0.00010580483816668984
tfidf_establishment of,0.00021160967633337968,0.00010580483816668984
tfidf_esfri,0.00021160967633337968,0.00010580483816668984
tfidf_eosc,0.00021160967633337968,0.00010580483816668984
tfidf_and high,0.00021160967633337968,0.00010580483816668984
tfidf_should focus,0.00021160967633337968,0.00010580483816668984
tfidf_transformation,0.00021160967633337968,0.00010580483816668984
tfidf_applications and,0.00021160967633337968,0.00010580483816668984
tfidf_exploiting,0.00021160967633337968,0.00010580483816668984
tfidf_identity,0.00021160967633337968,0.00010580483816668984
tfidf_actors in,0.00021160967633337968,0.00010580483816668984
tfidf_help to,0.00021160967633337968,0.00010580483816668984
tfidf_rri,0.00021160967633337968,0.00010580483816668984
tfidf_interface,0.00021160967633337968,0.00010580483816668984
tfidf_the establishment,0.00021160967633337968,0.00010580483816668984
tfidf_25,0.00021160967633337968,0.00010580483816668984
tfidf_above,0.00021160967633337968,0.00010580483816668984
tfidf_energy and,0.00021160967633337968,0.00010580483816668984
tfidf_edge,0.00021160967633337968,0.00010580483816668984
tfidf_the demonstration,0.00021160967633337968,0.00010580483816668984
tfidf_knowledge of,0.00021160967633337968,0.00010580483816668984
tfidf_and contribute,0.00021160967633337968,0.00010580483816668984
tfidf_meet the,0.00021160967633337968,0.00010580483816668984
tfidf_subsequent,0.00021160967633337968,0.00010580483816668984
tfidf_literacy,0.00021160967633337968,0.00010580483816668984
tfidf_data on,0.00021160967633337968,0.00010580483816668984
tfidf_and systems,0.00021160967633337968,0.00010580483816668984
publish_year,0.00021160967633337968,0.00010580483816668984
tfidf_full topic,0.00021149923286974958,0.0001977656676535058
tfidf_this challenge,0.00021149923286974958,0.00019776566765350583
tfidf_validate,0.00021149923286974958,0.0001977656676535058
tfidf_sensor,0.00021149923286974958,0.0001977656676535058
tfidf_the atm,0.00021149923286974958,0.00019776566765350583
tfidf_is required,0.00021149923286974958,0.00019776566765350583
tfidf_drive,0.00021149923286974958,0.0001977656676535058
tfidf_identification,0.00021149923286974958,0.0001977656676535058
tfidf_costs of,0.00021149923286974958,0.0001977656676535058
tfidf_coal,0.00021149923286974958,0.0001977656676535058
tfidf_expert,0.00021149923286974958,0.0001977656676535058
tfidf_operation of,0.00021149923286974958,0.0001977656676535058
tfidf_airspace,0.00021149923286974958,0.00019776566765350583
tfidf_the activities,0.00021149923286974958,0.0001977656676535058
tfidf_by,0.00021149923286974958,0.0001977656676535058
tfidf_published,0.00021138878940611948,0.0002588973356948215
tfidf_capability,0.00021127869143817702,0.0003078471414413014
tfidf_environmentally,0.00021127869143817702,0.0003078471414413014
tfidf_challenge is,0.00021127869143817702,0.0003078471414413014
tfidf_and low,0.00021127869143817702,0.0003078471414413014
tfidf_frameworks,0.00021127869143817702,0.0003078471414413014
tfidf_cycle,0.000211167901031728,0.00035051675730221024
tfidf_solutions in,0.00021083760568839648,0.00045397022449596467
tfidf_pollutants,0.00020734057310383135,0.000556760585171995
tfidf_connection,0.00020712323497689144,0.0006895777680596358
tfidf_socio,0.00020712323497689144,0.0006895777680596358
tfidf_in all,0.00020712323497689144,0.0006895777680596358
tfidf_organisations,0.00020712323497689144,0.0006895777680596358
tfidf_all the,0.00020712323497689144,0.0006895777680596358
tfidf_law enforcement,0.00020712323497689144,0.0006895777680596358
tfidf_this specific,0.00020712323497689144,0.0006895777680596358
tfidf_property,0.00020712323497689144,0.0006895777680596359
tfidf_atc,0.00020712323497689144,0.0006895777680596358
tfidf_regulatory,0.0002070120961729205,0.0007097784349814375
tfidf_moving,0.0002070120961729205,0.0007097784349814375
tfidf_complementary,0.0002070120961729205,0.0007097784349814375
tfidf_and private,0.0002070120961729205,0.0007097784349814375
tfidf_temperature,0.00020690130576647147,0.0007292987152224576
tfidf_ec europa,0.0002067953295800895,0.000817659941555954
tfidf_in their,0.0002067953295800895,0.000817659941555954
tfidf_decision making,0.0002067953295800895,0.000817659941555954
tfidf_incentives,0.0002067953295800895,0.000817659941555954
tfidf_renovation,0.0002067953295800895,0.000817659941555954
tfidf_for the,0.0002067953295800895,0.0008176599415559538
tfidf_stakeholders,0.0002067953295800895,0.000817659941555954
tfidf_the horizon,0.0002067953295800895,0.000817659941555954
tfidf_better understanding,0.00020668419077611854,0.0008347668151656775
tfidf_impact on,0.00020668419077611854,0.0008347668151656775
tfidf_due to,0.00020646156330835774,0.0008680720593868317
tfidf_legal,0.00020635077290190874,0.0008841041610359066
tfidf_tourism,0.00020218340317278426,0.000913422188864179
tfidf_safety and,0.00016372275429127336,0.0007837263409397302
tfidf_and training,0.0001593613591532872,0.0011747390884906605
tfidf_the objectives,0.00015870725725003476,0.00012958393291307045
tfidf_impact in,0.00015870725725003476,0.00012958393291307043
tfidf_compared,0.00015870725725003476,0.00012958393291307045
tfidf_sport,0.00015870725725003476,0.00012958393291307043
tfidf_funded projects,0.00015870725725003476,0.00012958393291307043
tfidf_humans,0.00015870725725003476,0.00012958393291307043
tfidf_actors and,0.00015870725725003476,0.00012958393291307043
tfidf_currently,0.00015870725725003476,0.00012958393291307043
tfidf_for european,0.00015870725725003476,0.00012958393291307045
tfidf_for eu,0.00015870725725003476,0.00012958393291307045
tfidf_to market,0.00015870725725003476,0.00012958393291307043
tfidf_complexity,0.00015870725725003476,0.00012958393291307045
tfidf_how to,0.00015870725725003476,0.00012958393291307043
tfidf_ensure the,0.00015870725725003476,0.00012958393291307043
tfidf_the implementation,0.00015870725725003476,0.00012958393291307043
tfidf_efficiency of,0.00015870725725003476,0.00012958393291307043
tfidf_there,0.00015870725725003476,0.00012958393291307043
tfidf_element,0.00015870725725003476,0.00012958393291307045
tfidf_age,0.00015870725725003476,0.00012958393291307043
tfidf_complete,0.00015870725725003476,0.00012958393291307043
tfidf_they are,0.00015870725725003476,0.00012958393291307043
tfidf_the different,0.00015870725725003476,0.00012958393291307043
tfidf_the process,0.00015870725725003476,0.00012958393291307043
tfidf_addressing the,0.00015870725725003476,0.00012958393291307045
tfidf_home,0.00015870725725003476,0.00012958393291307043
tfidf_view to,0.00015870725725003476,0.00012958393291307043
tfidf_to monitor,0.00015870725725003476,0.00012958393291307043
tfidf_and best,0.00015870725725003476,0.00012958393291307043
tfidf_city,0.00015870725725003476,0.00012958393291307045
tfidf_groups,0.00015870725725003476,0.00012958393291307043
tfidf_language,0.00015870725725003476,0.00012958393291307045
tfidf_reuse,0.00015870725725003476,0.00012958393291307043
tfidf_results of,0.00015870725725003476,0.00012958393291307043
tfidf_link,0.00015870725725003476,0.00012958393291307043
tfidf_like,0.00015870725725003476,0.00012958393291307045
tfidf_resolution,0.00015870725725003476,0.00012958393291307045
tfidf_been,0.00015870725725003476,0.00012958393291307043
tfidf_and operational,0.00015870725725003476,0.00012958393291307043
tfidf_production of,0.00015870725725003476,0.00012958393291307043
tfidf_metrics,0.00015870725725003476,0.00012958393291307043
tfidf_range of,0.00015870725725003476,0.00012958393291307045
tfidf_be integrated,0.00015870725725003476,0.00012958393291307043
tfidf_and solutions,0.00015870725725003476,0.00012958393291307045
tfidf_operating,0.00015870725725003476,0.00012958393291307043
tfidf_become,0.00015870725725003476,0.00012958393291307043
tfidf_wood,0.00015870725725003476,0.00012958393291307043
tfidf_of health,0.00015870725725003476,0.00012958393291307045
tfidf_with view,0.00015870725725003476,0.00012958393291307043
tfidf_of materials,0.00015870725725003476,0.00012958393291307043
tfidf_offer,0.00015870725725003476,0.00012958393291307043
tfidf_installation,0.00015870725725003476,0.00012958393291307045
tfidf_optimisation of,0.00015870725725003476,0.00012958393291307045
tfidf_fundamental rights,0.00015870725725003476,0.00012958393291307045
tfidf_akis,0.00015859681378640466,0.00021141642731675487
tfidf_17,0.00015859681378640466,0.00021141642731675487
tfidf_copernicus,0.00015859681378640466,0.00021141642731675484
tfidf_art,0.00015859681378640466,0.00021141642731675484
tfidf_distribution of,0.00015859681378640466,0.00021141642731675484
tfidf_able to,0.00015859681378640466,0.00021141642731675487
tfidf_strategies for,0.00015859681378640466,0.00021141642731675484
tfidf_actions will,0.00015859681378640466,0.00021141642731675484
tfidf_explored,0.00015859681378640466,0.00021141642731675484
tfidf_similar,0.00015859681378640466,0.00021141642731675484
tfidf_pressure,0.00015859681378640466,0.00021141642731675487
tfidf_impacts and,0.00015859681378640466,0.00021141642731675484
tfidf_euratom,0.00015859681378640466,0.00021141642731675487
tfidf_the future,0.00015859681378640466,0.00021141642731675484
tfidf_of smes,0.00015859681378640466,0.00021141642731675484
tfidf_trl at,0.00015859681378640466,0.00021141642731675484
tfidf_ec,0.00015859681378640466,0.00021141642731675484
tfidf_line with,0.00015859646684358576,0.0002118312571462777
tfidf_new technologies,0.00015859646684358576,0.0002118312571462777
tfidf_in line,0.00015859646684358576,0.0002118312571462777
tfidf_specific objectives,0.00015859646684358576,0.0002118312571462777
tfidf_need for,0.00015859646684358576,0.0002118312571462777
tfidf_activities will,0.00015859646684358576,0.00021183125714627769
tfidf_achieved,0.00015859646684358576,0.00021183125714627769
tfidf_transparent,0.00015859646684358576,0.0002118312571462777
tfidf_investigate,0.00015859646684358576,0.0002118312571462777
tfidf_public private,0.00015859646684358576,0.0002118312571462777
tfidf_income,0.00015859646684358576,0.0002118312571462777
tfidf_exposure,0.00015859646684358576,0.0002118312571462777
tfidf_protecting,0.0001583762723548321,0.0003167525447096642
tfidf_accelerating,0.0001583762723548321,0.0003167525447096642
tfidf_other,0.0001582622672225975,0.0018732154110164465
tfidf_forms of,0.00015399888668312655,0.0007327863123237269
tfidf_participation,0.00015399888668312655,0.0007327863123237269
tfidf_training activities,0.00015399888668312655,0.0007327863123237269
tfidf_making,0.00015367098128632461,0.0008543952374815589
tfidf_resilience of,0.00015367098128632461,0.0008543952374815589
tfidf_means of,0.00015344835381856382,0.0008869504394408082
tfidf_2030,0.00015344835381856382,0.0008869504394408082
tfidf_understanding of,0.00015344835381856382,0.0008869504394408082
tfidf_chemicals,0.00011082534110058439,0.0008515086276929285
tfidf_should be,0.00010753793110515053,0.000743605687099903
tfidf_approaches,0.00010689523738910411,0.0010760903406326315
tfidf_functions,0.00010580483816668984,0.00012958393291307043
tfidf_50,0.00010580483816668984,0.00012958393291307043
tfidf_information and,0.00010580483816668984,0.00012958393291307043
tfidf_innovation activities,0.00010580483816668984,0.00012958393291307043
tfidf_interests,0.00010580483816668984,0.00012958393291307043
tfidf_situ,0.00010580483816668984,0.00012958393291307043
tfidf_is considered,0.00010580483816668984,0.00012958393291307045
tfidf_but also,0.00010580483816668984,0.00012958393291307043
tfidf_call h2020,0.00010580483816668984,0.00012958393291307045
tfidf_without,0.00010580483816668984,0.00012958393291307043
tfidf_safety of,0.00010580483816668984,0.00012958393291307045
tfidf_the other,0.00010580483816668984,0.00012958393291307045
tfidf_components and,0.00010580483816668984,0.00012958393291307043
tfidf_also include,0.00010580483816668984,0.00012958393291307043
tfidf_connections,0.00010580483816668984,0.00012958393291307043
tfidf_and knowledge,0.00010580483816668984,0.00012958393291307043
tfidf_farms,0.00010580483816668984,0.00012958393291307045
tfidf_levels,0.00010580483816668984,0.00012958393291307043
tfidf_role in,0.00010580483816668984,0.00012958393291307043
tfidf_common,0.00010580483816668984,0.00012958393291307043
tfidf_food waste,0.00010580483816668984,0.00012958393291307043
tfidf_facility,0.00010580483816668984,0.00012958393291307045
tfidf_compliance with,0.00010580483816668984,0.00012958393291307043
tfidf_to enhance,0.00010580483816668984,0.00012958393291307043
tfidf_response,0.00010580483816668984,0.00012958393291307043
tfidf_the funding,0.00010580483816668984,0.00012958393291307043
tfidf_borders,0.00010580483816668984,0.00012958393291307045
tfidf_located,0.00010580483816668984,0.00012958393291307043
tfidf_whole,0.00010580483816668984,0.00012958393291307043
tfidf_which will,0.00010580483816668984,0.00012958393291307043
tfidf_support actions,0.00010580483816668984,0.00012958393291307045
tfidf_in situ,0.00010580483816668984,0.00012958393291307043
tfidf_activities to,0.00010580483816668984,0.00012958393291307043
tfidf_reports,0.00010580483816668984,0.00012958393291307043
tfidf_that are,0.00010580483816668984,0.00012958393291307043
tfidf_manner,0.00010580483816668984,0.00012958393291307043
tfidf_the next,0.00010580483816668984,0.00012958393291307043
tfidf_european research,0.00010580483816668984,0.00012958393291307043
tfidf_grants,0.00010580483816668984,0.00012958393291307045
tfidf_waterborne,0.00010580483816668984,0.00012958393291307043
tfidf_and smes,0.00010580483816668984,0.00012958393291307043
tfidf_methodologies and,0.00010580483816668984,0.00012958393291307043
tfidf_mitigation and,0.00010580483816668984,0.00012958393291307043
tfidf_2014 2015,0.00010580483816668984,0.00012958393291307043
tfidf_methods to,0.00010580483816668984,0.00012958393291307045
tfidf_volume,0.00010580483816668984,0.00012958393291307043
tfidf_models for,0.00010580483816668984,0.00012958393291307045
tfidf_visibility,0.00010580483816668984,0.00012958393291307045
tfidf_teachers,0.00010580483816668984,0.00012958393291307043
tfidf_provides,0.00010580483816668984,0.00012958393291307043
tfidf_the era,0.00010580483816668984,0.00012958393291307045
tfidf_activities on,0.00010580483816668984,0.00012958393291307043
tfidf_protect,0.00010580483816668984,0.00012958393291307043
tfidf_disruptive,0.00010580483816668984,0.00012958393291307045
tfidf_supply chain,0.00010580483816668984,0.00012958393291307043
tfidf_tactical,0.00010580483816668984,0.00012958393291307043
tfidf_aircraft,0.00010580483816668984,0.00012958393291307045
tfidf_identification and,0.00010580483816668984,0.00012958393291307043
tfidf_promotion of,0.00010580483816668984,0.00012958393291307043
tfidf_the integration,0.00010580483816668984,0.00012958393291307043
tfidf_this activity,0.00010580483816668984,0.00012958393291307043
tfidf_and thus,0.00010580483816668984,0.00012958393291307043
tfidf_research infrastructure,0.00010580483816668984,0.00012958393291307045
tfidf_encouraging,0.00010580483816668984,0.00012958393291307043
tfidf_annex,0.00010580483816668984,0.00012958393291307043
tfidf_the uptake,0.00010580483816668984,0.00012958393291307043
tfidf_nutrition,0.00010580483816668984,0.00012958393291307045
tfidf_aviation,0.00010580483816668984,0.00012958393291307043
tfidf_to which,0.00010580483816668984,0.00012958393291307043
tfidf_cl4,0.00010580483816668984,0.00012958393291307043
tfidf_the sustainable,0.00010580483816668984,0.00012958393291307043
tfidf_policy and,0.00010580483816668984,0.00012958393291307045
tfidf_to kpi,0.00010580483816668984,0.00012958393291307043
tfidf_aquaculture,0.00010580483816668984,0.00012958393291307045
tfidf_players,0.00010580483816668984,0.00012958393291307043
tfidf_current and,0.00010580483816668984,0.00012958393291307043
tfidf_fundamental,0.00010580483816668984,0.00012958393291307043
tfidf_performance of,0.00010580483816668984,0.00012958393291307043
tfidf_costs and,0.00010580483816668984,0.00012958393291307043
tfidf_union quality,0.00010580483816668984,0.00012958393291307043
tfidf_operate,0.00010580483816668984,0.00012958393291307043
tfidf_horizon cl4,0.00010580483816668984,0.00012958393291307043
tfidf_pan,0.00010580483816668984,0.00012958393291307043
tfidf_assessments,0.00010580483816668984,0.00012958393291307045
tfidf_contact,0.00010580483816668984,0.00012958393291307045
tfidf_ability to,0.00010580483816668984,0.00012958393291307045
tfidf_council of,0.00010580483816668984,0.00012958393291307045
tfidf_100,0.00010580483816668984,0.00012958393291307043
tfidf_out of,0.00010580483816668984,0.00012958393291307043
tfidf_specialisation,0.00010569439470305974,0.00021138878940611948
tfidf_quantitative,0.00010569439470305974,0.00021138878940611948
tfidf_embedded,0.00010569439470305974,0.00021138878940611948
tfidf_databases,0.00010569439470305974,0.00021138878940611948
tfidf_and technology,0.00010569439470305974,0.00021138878940611948
tfidf_framework of,0.00010569439470305974,0.00021138878940611948
tfidf_areas and,0.00010569439470305974,0.00021138878940611948
tfidf_transportation,0.00010569439470305974,0.00021138878940611948
tfidf_acquisition,0.00010569439470305974,0.00021138878940611948
tfidf_and communities,0.00010569439470305974,0.00021138878940611948
tfidf_smart specialisation,0.00010569439470305974,0.00021138878940611948
tfidf_priority,0.00010569439470305974,0.00021138878940611948
tfidf_clusters,0.00010569439470305974,0.00021138878940611948
tfidf_rules,0.00010569404776024083,0.0002118035867098281
tfidf_objectives and,0.00010569404776024083,0.0002118035867098281
tfidf_several,0.00010569404776024083,0.0002118035867098281
tfidf_gap,0.00010569404776024083,0.0002118035867098281
tfidf_can also,0.00010569404776024083,0.0002118035867098281
tfidf_of innovative,0.00010569404776024083,0.0002118035867098281
tfidf_line,0.00010569404776024083,0.0002118035867098281
tfidf_pre,0.00010569404776024083,0.0002118035867098281
tfidf_the full,0.00010558360429661074,0.000269729419026477
tfidf_tests,0.00010558360429661074,0.000269729419026477
tfidf_eu of,0.00010558360429661074,0.000269729419026477
tfidf_aspects of,0.00010547211854982086,0.00031807995373380756
tfidf_society,0.00010482088730883188,0.0019959634401410177
region_Europe,0.00010218581731659126,0.0022547928188834197
donor_type_supranational,0.00010218581731659126,0.0022547928188834197
opportunity_type_call_for_proposals,0.00010218581731659126,0.0022547928188834197
source_system_eu_ftop,0.00010218581731659126,0.0022547928188834197
status_standard_unknown,0.00010218581731659126,0.0022547928188834197
tfidf_wind,0.00010131415412424349,0.0006089432719344753
tfidf_of food,0.00010120301532027254,0.0006317090453741053
tfidf_quality,0.00010120301532027254,0.0006317090453741053
tfidf_architecture,0.00010098567719333263,0.0007513623170831079
tfidf_performance,0.00010098567719333263,0.0007513623170831079
tfidf_degradation,0.00010098567719333263,0.0007513623170831079
tfidf_they should,0.00010098567719333263,0.000751362317083108
tfidf_such,0.00010098567719333263,0.0007513623170831079
tfidf_sites,0.00010076304972557182,0.0007881698632489658
tfidf_integration,0.00010076304972557182,0.0007881698632489658
tfidf_the partnership,0.00010076304972557182,0.0007881698632489658
tfidf_are expected,0.00010054663299255973,0.0008864368397544059
tfidf_cost,9.5048083675775e-05,0.0011343519720660045
tfidf_01,6.691599963966066e-05,0.0010363559366264362
tfidf_state,6.390124591416635e-05,0.0007223629258910763
tfidf_the market,5.835830943585751e-05,0.0007062978746025727
tfidf_cell,5.8143463448800944e-05,0.00155170145969998
tfidf_the new,5.803336548086957e-05,0.0008319363750447731
tfidf_capital,5.803336548086957e-05,0.0008319363750447731
tfidf_national,5.556738679881601e-05,0.0025551564904425844
tfidf_encourage,5.475736367264172e-05,0.0015773279393059229
tfidf_enhanced,5.4753691091680155e-05,0.0015420312159090926
tfidf_develop and,5.290241908334492e-05,0.00010580483816668984
tfidf_detection and,5.290241908334492e-05,0.00010580483816668984
tfidf_solutions and,5.290241908334492e-05,0.00010580483816668984
tfidf_solid,5.290241908334492e-05,0.00010580483816668984
tfidf_the assessment,5.290241908334492e-05,0.00010580483816668984
tfidf_impact and,5.290241908334492e-05,0.00010580483816668984
tfidf_insights,5.290241908334492e-05,0.00010580483816668984
tfidf_design and,5.290241908334492e-05,0.00010580483816668984
tfidf_challenge in,5.290241908334492e-05,0.00010580483816668984
tfidf_europe and,5.290241908334492e-05,0.00010580483816668984
tfidf_the ability,5.290241908334492e-05,0.00010580483816668984
tfidf_small scale,5.290241908334492e-05,0.00010580483816668984
tfidf_for all,5.290241908334492e-05,0.00010580483816668984
tfidf_interconnection,5.290241908334492e-05,0.00010580483816668984
tfidf_to and,5.290241908334492e-05,0.00010580483816668984
tfidf_to an,5.290241908334492e-05,0.00010580483816668984
tfidf_considerations,5.290241908334492e-05,0.00010580483816668984
tfidf_even,5.290241908334492e-05,0.00010580483816668984
tfidf_and ensure,5.290241908334492e-05,0.00010580483816668984
tfidf_developed and,5.290241908334492e-05,0.00010580483816668984
tfidf_internal,5.290241908334492e-05,0.00010580483816668984
tfidf_and deployment,5.290241908334492e-05,0.00010580483816668984
tfidf_digital transformation,5.290241908334492e-05,0.00010580483816668984
tfidf_should build,5.290241908334492e-05,0.00010580483816668984
tfidf_the conditions,5.290241908334492e-05,0.00010580483816668984
tfidf_short term,5.290241908334492e-05,0.00010580483816668984
tfidf_differences,5.290241908334492e-05,0.00010580483816668984
tfidf_european level,5.290241908334492e-05,0.00010580483816668984
tfidf_involved in,5.290241908334492e-05,0.00010580483816668984
tfidf_invited,5.290241908334492e-05,0.00010580483816668984
tfidf_the management,5.290241908334492e-05,0.00010580483816668984
tfidf_setting up,5.290241908334492e-05,0.00010580483816668984
tfidf_the main,5.290241908334492e-05,0.00010580483816668984
tfidf_identified in,5.290241908334492e-05,0.00010580483816668984
tfidf_set of,5.290241908334492e-05,0.00010580483816668984
tfidf_execution,5.290241908334492e-05,0.00010580483816668984
tfidf_suitable,5.290241908334492e-05,0.00010580483816668984
tfidf_business plan,5.290241908334492e-05,0.00010580483816668984
tfidf_security of,5.290241908334492e-05,0.00010580483816668984
tfidf_for their,5.290241908334492e-05,0.00010580483816668984
tfidf_value of,5.290241908334492e-05,0.00010580483816668984
tfidf_scope specific,5.290241908334492e-05,0.00010580483816668984
tfidf_and initiatives,5.290241908334492e-05,0.00010580483816668984
tfidf_and industrial,5.290241908334492e-05,0.00010580483816668984
tfidf_and in,5.290241908334492e-05,0.00010580483816668984
tfidf_this should,5.290241908334492e-05,0.00010580483816668984
tfidf_leading to,5.290241908334492e-05,0.00010580483816668984
tfidf_lc,5.290241908334492e-05,0.00010580483816668984
tfidf_2020 and,5.290241908334492e-05,0.00010580483816668984
tfidf_launch,5.290241908334492e-05,0.00010580483816668984
tfidf_2018 2020,5.290241908334492e-05,0.00010580483816668984
tfidf_valorisation,5.290241908334492e-05,0.00010580483816668984
tfidf_validation of,5.290241908334492e-05,0.00010580483816668984
tfidf_expected to,5.290241908334492e-05,0.00010580483816668984
tfidf_the identification,5.290241908334492e-05,0.00010580483816668984
tfidf_the hydrogen,5.290241908334492e-05,0.00010580483816668984
tfidf_levels of,5.290241908334492e-05,0.00010580483816668984
tfidf_expected impacts,5.290241908334492e-05,0.00010580483816668984
tfidf_and its,5.290241908334492e-05,0.00010580483816668984
tfidf_users,5.290241908334492e-05,0.00010580483816668984
tfidf_roadmaps,5.290241908334492e-05,0.00010580483816668984
tfidf_rights,5.290241908334492e-05,0.00010580483816668984
tfidf_used to,5.290241908334492e-05,0.00010580483816668984
tfidf_use in,5.290241908334492e-05,0.00010580483816668984
tfidf_contribution of,5.290241908334492e-05,0.00010580483816668984
tfidf_formal,5.290241908334492e-05,0.00010580483816668984
tfidf_economic viability,5.290241908334492e-05,0.00010580483816668984
tfidf_likely,5.290241908334492e-05,0.00010580483816668984
tfidf_economic science,5.290241908334492e-05,0.00010580483816668984
tfidf_the cef,5.290241908334492e-05,0.00010580483816668984
tfidf_respective,5.290241908334492e-05,0.00010580483816668984
tfidf_universities,5.290241908334492e-05,0.00010580483816668984
tfidf_and applications,5.290241908334492e-05,0.00010580483816668984
tfidf_the business,5.290241908334492e-05,0.00010580483816668984
tfidf_humanities h2020,5.290241908334492e-05,0.00010580483816668984
tfidf_ability,5.290241908334492e-05,0.00010580483816668984
tfidf_and open,5.290241908334492e-05,0.00010580483816668984
tfidf_experiments,5.290241908334492e-05,0.00010580483816668984
tfidf_all relevant,5.290241908334492e-05,0.00010580483816668984
tfidf_managing,5.290241908334492e-05,0.00010580483816668984
tfidf_5g,5.290241908334492e-05,0.00010580483816668984
tfidf_makers and,5.290241908334492e-05,0.00010580483816668984
tfidf_maintain,5.290241908334492e-05,0.00010580483816668984
tfidf_under horizon,5.290241908334492e-05,0.00010580483816668984
tfidf_type of,5.290241908334492e-05,0.00010580483816668984
tfidf_heterogeneous,5.290241908334492e-05,0.00010580483816668984
tfidf_created,5.290241908334492e-05,0.00010580483816668984
tfidf_covid 19,5.290241908334492e-05,0.00010580483816668984
tfidf_will support,5.290241908334492e-05,0.00010580483816668984
tfidf_covid,5.290241908334492e-05,0.00010580483816668984
tfidf_regulations,5.290241908334492e-05,0.00010580483816668984
tfidf_measure,5.290241908334492e-05,0.00010580483816668984
tfidf_measurable,5.290241908334492e-05,0.00010580483816668984
tfidf_technology and,5.290241908334492e-05,0.00010580483816668984
tfidf_may also,5.290241908334492e-05,0.00010580483816668984
tfidf_maximum,5.290241908334492e-05,0.00010580483816668984
tfidf_readiness levels,5.290241908334492e-05,0.00010580483816668984
tfidf_external,5.290241908334492e-05,0.00010580483816668984
tfidf_and sharing,5.290241908334492e-05,0.00010580483816668984
tfidf_according to,5.290241908334492e-05,0.00010580483816668984
tfidf_readiness level,5.290241908334492e-05,0.00010580483816668984
tfidf_raw materials,5.290241908334492e-05,0.00010580483816668984
tfidf_raw,5.290241908334492e-05,0.00010580483816668984
tfidf_rates,5.290241908334492e-05,0.00010580483816668984
tfidf_according,5.290241908334492e-05,0.00010580483816668984
tfidf_and address,5.290241908334492e-05,0.00010580483816668984
tfidf_electrolysis,5.290241908334492e-05,0.00010580483816668984
tfidf_implementation and,5.290241908334492e-05,0.00010580483816668984
tfidf_raise,5.290241908334492e-05,0.00010580483816668984
tfidf_them to,5.290241908334492e-05,0.00010580483816668984
tfidf_the way,5.290241908334492e-05,0.00010580483816668984
tfidf_across the,5.290241908334492e-05,0.00010580483816668984
tfidf_friendly,5.290241908334492e-05,0.00010580483816668984
tfidf_encouraged in,5.290241908334492e-05,0.00010580483816668984
tfidf_public health,5.290241908334492e-05,0.00010580483816668984
tfidf_provisions,5.290241908334492e-05,0.00010580483816668984
tfidf_enabling the,5.290241908334492e-05,0.00010580483816668984
tfidf_the total,5.290241908334492e-05,0.00010580483816668984
tfidf_protocols,5.290241908334492e-05,0.00010580483816668984
tfidf_protection and,5.290241908334492e-05,0.00010580483816668984
tfidf_en,5.290241908334492e-05,0.00010580483816668984
tfidf_teams,5.290241908334492e-05,0.00010580483816668984
tfidf_achievement of,5.290241908334492e-05,0.00010580483816668984
tfidf_and supporting,5.290241908334492e-05,0.00010580483816668984
tfidf_achieve the,5.290241908334492e-05,0.00010580483816668984
tfidf_countries in,5.290241908334492e-05,0.00010580483816668984
tfidf_multimodal,5.290241908334492e-05,0.00010580483816668984
tfidf_functionality,5.290241908334492e-05,0.00010580483816668984
tfidf_coming,5.290241908334492e-05,0.00010580483816668984
tfidf_collaborative,5.290241908334492e-05,0.00010580483816668984
tfidf_have been,5.290241908334492e-05,0.00010580483816668984
tfidf_cover the,5.290241908334492e-05,0.00010580483816668984
tfidf_promote the,5.290241908334492e-05,0.00010580483816668984
tfidf_and where,5.290241908334492e-05,0.00010580483816668984
tfidf_financial support,5.290241908334492e-05,0.00010580483816668984
tfidf_necessary to,5.290241908334492e-05,0.00010580483816668984
tfidf_hate speech,5.290241908334492e-05,0.00010580483816668984
tfidf_and tools,5.290241908334492e-05,0.00010580483816668984
tfidf_final,5.290241908334492e-05,0.00010580483816668984
tfidf_projects and,5.290241908334492e-05,0.00010580483816668984
tfidf_programming,5.290241908334492e-05,0.00010580483816668984
tfidf_productivity,5.290241908334492e-05,0.00010580483816668984
tfidf_to third,5.290241908334492e-05,0.00010580483816668984
tfidf_producers,5.290241908334492e-05,0.00010580483816668984
tfidf_processes and,5.290241908334492e-05,0.00010580483816668984
tfidf_applicable,5.290241908334492e-05,0.00010580483816668984
tfidf_newly,5.290241908334492e-05,0.00010580483816668984
tfidf_has been,5.290241908334492e-05,0.00010580483816668984
tfidf_another,5.290241908334492e-05,0.00010580483816668984
tfidf_com,5.290241908334492e-05,0.00010580483816668984
tfidf_privacy,5.290241908334492e-05,0.00010580483816668984
tfidf_the feasibility,5.290241908334492e-05,0.00010580483816668984
tfidf_and practices,5.290241908334492e-05,0.00010580483816668984
tfidf_basin,5.290241908334492e-05,0.00010580483816668984
tfidf_priorities international,5.290241908334492e-05,0.00010580483816668984
tfidf_priorities,5.290241908334492e-05,0.00010580483816668984
tfidf_prevent and,5.290241908334492e-05,0.00010580483816668984
tfidf_gender dimension,5.290241908334492e-05,0.00010580483816668984
tfidf_observation,5.290241908334492e-05,0.00010580483816668984
tfidf_focusing on,5.290241908334492e-05,0.00010580483816668984
tfidf_action research,5.290241908334492e-05,0.00010580483816668984
tfidf_prepare,5.290241908334492e-05,0.00010580483816668984
tfidf_predictive,5.290241908334492e-05,0.00010580483816668984
tfidf_airports,5.290241908334492e-05,0.00010580483816668984
tfidf_to reduce,5.290241908334492e-05,0.00010580483816668984
tfidf_possibilities,5.290241908334492e-05,0.00010580483816668984
tfidf_to prevent,5.290241908334492e-05,0.00010580483816668984
tfidf_of hydrogen,5.290241908334492e-05,0.00010580483816668984
tfidf_the proposal,5.290241908334492e-05,0.00010580483816668984
tfidf_the basis,5.290241908334492e-05,0.00010580483816668984
tfidf_of eur,5.290241908334492e-05,0.00010580483816668984
tfidf_allow this,5.290241908334492e-05,0.00010580483816668984
tfidf_co2,5.290241908334492e-05,0.00010580483816668984
tfidf_to integrate,5.290241908334492e-05,0.00010580483816668984
tfidf_in agriculture,5.290241908334492e-05,0.00010580483816668984
tfidf_civil,5.290241908334492e-05,0.00010580483816668984
tfidf_clearly,5.290241908334492e-05,0.00010580483816668984
tfidf_strongly,5.290241908334492e-05,0.00010580483816668984
tfidf_appropriately nonetheless,5.290241908334492e-05,0.00010580483816668984
tfidf_strategies and,5.290241908334492e-05,0.00010580483816668984
tfidf_play,5.290241908334492e-05,0.00010580483816668984
tfidf_step,5.290241908334492e-05,0.00010580483816668984
tfidf_plan for,5.290241908334492e-05,0.00010580483816668984
tfidf_performing,5.290241908334492e-05,0.00010580483816668984
tfidf_and capacity,5.290241908334492e-05,0.00010580483816668984
tfidf_to identify,5.290241908334492e-05,0.00010580483816668984
tfidf_will provide,5.290241908334492e-05,0.00010580483816668984
tfidf_perception,5.290241908334492e-05,0.00010580483816668984
tfidf_people and,5.290241908334492e-05,0.00010580483816668984
tfidf_patterns,5.290241908334492e-05,0.00010580483816668984
tfidf_as,5.290241908334492e-05,0.00010580483816668984
tfidf_impact is,5.290241908334492e-05,0.00010580483816668984
tfidf_around,5.290241908334492e-05,0.00010580483816668984
tfidf_the organisation,5.290241908334492e-05,0.00010580483816668984
tfidf_standardised,5.290241908334492e-05,0.00010580483816668984
tfidf_partner,5.290241908334492e-05,0.00010580483816668984
tfidf_choices,5.290241908334492e-05,0.00010580483816668984
tfidf_www,5.290241908334492e-05,0.00010580483816668984
tfidf_pan european,5.290241908334492e-05,0.00010580483816668984
tfidf_derived,5.290241908334492e-05,0.00010580483816668984
tfidf_given,5.290241908334492e-05,0.00010580483816668984
tfidf_to facilitate,5.290241908334492e-05,0.00010580483816668984
tfidf_operations and,5.290241908334492e-05,0.00010580483816668984
tfidf_deliver,5.290241908334492e-05,0.00010580483816668984
tfidf_hrs,5.290241908334492e-05,0.00010580483816668984
tfidf_innovative and,5.290241908334492e-05,0.00010580483816668984
tfidf_as possible,5.290241908334492e-05,0.00010580483816668984
tfidf_as for,5.290241908334492e-05,0.00010580483816668984
tfidf_will allow,5.290241908334492e-05,0.00010580483816668984
tfidf_demands,5.290241908334492e-05,0.00010580483816668984
tfidf_channels,5.290241908334492e-05,0.00010580483816668984
tfidf_nutrient,5.290241908334492e-05,0.00010580483816668984
tfidf_mechanism,5.2791628676895905e-05,0.0001981204312845679
tfidf_h2020 cs2,5.2791628676895905e-05,0.0001981204312845679
tfidf_on board,5.2791628676895905e-05,0.0001981204312845679
tfidf_of different,5.2791628676895905e-05,0.0001981204312845679
tfidf_used in,5.2791628676895905e-05,0.0001981204312845679
tfidf_plans,5.2791628676895905e-05,0.0001981204312845679
tfidf_address the,5.2791628676895905e-05,0.0001981204312845679
tfidf_cs2,5.2791628676895905e-05,0.0001981204312845679
tfidf_side,5.268118521326581e-05,0.0002591007911697693
tfidf_european union,5.2680838270446896e-05,0.0002594392457903365
tfidf_distributed,5.25703948068168e-05,0.00030852911123024256
tfidf_port,5.25703948068168e-05,0.00030852911123024256
tfidf_competition,5.2353502978630397e-05,0.0014191005536608036
tfidf_position,5.2349853375244225e-05,0.00038830234982644384
tfidf_outreach,5.2349160936737694e-05,0.0003887526485720876
tfidf_large scale,4.786132889956773e-05,0.0007840450469749221
tfidf_interdisciplinary,4.731079603500499e-05,0.0009296854703359066
tfidf_people,1.5783587197415462e-05,0.0009734385262314463
tfidf_research and,1.5779516757952194e-05,0.0020725649303262035
tfidf_infrastructure and,5.676777279772782e-06,0.0006576451114428091
tfidf_forward,5.676777279772782e-06,0.000657645111442809
tfidf_the financial,5.456235848200208e-06,0.0006986164262581846
tfidf_workshops,5.456235848200208e-06,0.0006986164262581846
tfidf_union,5.3514878290972234e-06,0.0007911375811721118
tfidf_to be,5.2413898611547435e-06,0.000808452432632938
tfidf_roadmap,5.2413898611547435e-06,0.0008084524326329381
tfidf_innovations,5.13094639752465e-06,0.0008255097499705198
tfidf_growing,5.13094639752465e-06,0.0008255097499705198
tfidf_and management,5.13094639752465e-06,0.0008255097499705198
tfidf_impact,4.9047066347895905e-06,0.0007918796651396415
tfidf_consumers,0.0,0.0
tfidf_following areas,0.0,0.0
tfidf_following activities,0.0,0.0
tfidf_following,0.0,0.0
tfidf_follow up,0.0,0.0
tfidf_focusing,0.0,0.0
tfidf_fit,0.0,0.0
tfidf_the region,0.0,0.0
tfidf_the reduction,0.0,0.0
tfidf_the quality,0.0,0.0
tfidf_the present,0.0,0.0
tfidf_affordable,0.0,0.0
tfidf_affect,0.0,0.0
tfidf_adopted,0.0,0.0
tfidf_the possibility,0.0,0.0
tfidf_the participating,0.0,0.0
tfidf_the overall,0.0,0.0
tfidf_conservation,0.0,0.0
tfidf_consequences,0.0,0.0
tfidf_connectivity,0.0,0.0
tfidf_connect,0.0,0.0
tfidf_conferences,0.0,0.0
tfidf_food system,0.0,0.0
tfidf_food security,0.0,0.0
tfidf_for europe,0.0,0.0
tfidf_for data,0.0,0.0
tfidf_for both,0.0,0.0
tfidf_for an,0.0,0.0
tfidf_considered as,0.0,0.0
tfidf_consider the,0.0,0.0
tfidf_the needs,0.0,0.0
tfidf_the member,0.0,0.0
tfidf_the maximum,0.0,0.0
tfidf_the life,0.0,0.0
tfidf_compounds,0.0,0.0
tfidf_foresee,0.0,0.0
tfidf_force,0.0,0.0
tfidf_for use,0.0,0.0
tfidf_for this,0.0,0.0
tfidf_for funding,0.0,0.0
tfidf_for example,0.0,0.0
tfidf_the innovative,0.0,0.0
tfidf_forum,0.0,0.0
tfidf_form of,0.0,0.0
tfidf_form,0.0,0.0
tfidf_fork strategy,0.0,0.0
tfidf_fork,0.0,0.0
tfidf_foreseen,0.0,0.0
tfidf_concerning,0.0,0.0
tfidf_concepts and,0.0,0.0
tfidf_comprehensive,0.0,0.0
tfidf_the high,0.0,0.0
tfidf_the health,0.0,0.0
tfidf_the green,0.0,0.0
tfidf_the gender,0.0,0.0
tfidf_agricultural,0.0,0.0
tfidf_from this,0.0,0.0
tfidf_from different,0.0,0.0
tfidf_found,0.0,0.0
tfidf_fossil,0.0,0.0
tfidf_component,0.0,0.0
tfidf_comply with,0.0,0.0
tfidf_comply,0.0,0.0
tfidf_agenda,0.0,0.0
tfidf_ag,0.0,0.0
tfidf_the form,0.0,0.0
tfidf_the focus,0.0,0.0
tfidf_the first,0.0,0.0
tfidf_the extent,0.0,0.0
tfidf_the evaluation,0.0,0.0
tfidf_gender based,0.0,0.0
tfidf_gases,0.0,0.0
tfidf_gaps in,0.0,0.0
tfidf_fusion,0.0,0.0
tfidf_the efficiency,0.0,0.0
tfidf_the effectiveness,0.0,0.0
tfidf_the digital,0.0,0.0
tfidf_aiming to,0.0,0.0
tfidf_aiming at,0.0,0.0
tfidf_aiming,0.0,0.0
tfidf_give,0.0,0.0
tfidf_geographical,0.0,0.0
tfidf_generation of,0.0,0.0
tfidf_generating,0.0,0.0
tfidf_generated,0.0,0.0
tfidf_generate,0.0,0.0
tfidf_general annex,0.0,0.0
tfidf_aim is,0.0,0.0
tfidf_the developed,0.0,0.0
tfidf_the definition,0.0,0.0
tfidf_the core,0.0,0.0
tfidf_going,0.0,0.0
tfidf_goals,0.0,0.0
tfidf_goal,0.0,0.0
tfidf_globally,0.0,0.0
tfidf_competent,0.0,0.0
tfidf_competence,0.0,0.0
tfidf_the concept,0.0,0.0
tfidf_the co,0.0,0.0
tfidf_the climate,0.0,0.0
tfidf_the child,0.0,0.0
tfidf_the capacity,0.0,0.0
tfidf_the bio,0.0,0.0
tfidf_alliances,0.0,0.0
tfidf_h2,0.0,0.0
tfidf_guidelines,0.0,0.0
tfidf_guide,0.0,0.0
tfidf_growth and,0.0,0.0
tfidf_groups of,0.0,0.0
tfidf_groups and,0.0,0.0
tfidf_green deal,0.0,0.0
tfidf_greater,0.0,0.0
tfidf_combine,0.0,0.0
tfidf_harmonised,0.0,0.0
tfidf_alignment,0.0,0.0
tfidf_the best,0.0,0.0
tfidf_the awareness,0.0,0.0
tfidf_heavy,0.0,0.0
tfidf_healthy and,0.0,0.0
tfidf_healthy,0.0,0.0
tfidf_commercialisation,0.0,0.0
tfidf_the appropriate,0.0,0.0
tfidf_the above,0.0,0.0
tfidf_that they,0.0,0.0
tfidf_that have,0.0,0.0
tfidf_thanks to,0.0,0.0
tfidf_thanks,0.0,0.0
tfidf_tested,0.0,0.0
tfidf_terrestrial,0.0,0.0
tfidf_how they,0.0,0.0
tfidf_how the,0.0,0.0
tfidf_housing,0.0,0.0
tfidf_highest,0.0,0.0
tfidf_high quality,0.0,0.0
tfidf_high performance,0.0,0.0
tfidf_high level,0.0,0.0
tfidf_technologies to,0.0,0.0
tfidf_technical and,0.0,0.0
tfidf_collected,0.0,0.0
tfidf_collaboration between,0.0,0.0
tfidf_collaborate with,0.0,0.0
tfidf_collaborate,0.0,0.0
tfidf_cohesion,0.0,0.0
tfidf_coastal,0.0,0.0
tfidf_https ec,0.0,0.0
tfidf_hpc,0.0,0.0
tfidf_along the,0.0,0.0
tfidf_allows,0.0,0.0
tfidf_allow the,0.0,0.0
tfidf_task,0.0,0.0
tfidf_targets,0.0,0.0
tfidf_taking into,0.0,0.0
tfidf_id,0.0,0.0
tfidf_human health,0.0,0.0
tfidf_https www,0.0,0.0
tfidf_https eur,0.0,0.0
tfidf_collective,0.0,0.0
tfidf_collection and,0.0,0.0
tfidf_climate and,0.0,0.0
tfidf_identify the,0.0,0.0
tfidf_taking,0.0,0.0
tfidf_tailored,0.0,0.0
tfidf_tackling,0.0,0.0
tfidf_systems in,0.0,0.0
tfidf_surface,0.0,0.0
tfidf_amount,0.0,0.0
tfidf_alternatives,0.0,0.0
tfidf_supported under,0.0,0.0
tfidf_support will,0.0,0.0
tfidf_support action,0.0,0.0
tfidf_supply chains,0.0,0.0
tfidf_implemented by,0.0,0.0
tfidf_implement the,0.0,0.0
tfidf_impacts on,0.0,0.0
tfidf_co creation,0.0,0.0
tfidf_closely,0.0,0.0
tfidf_suppliers,0.0,0.0
tfidf_sufficient,0.0,0.0
tfidf_successful proposals,0.0,0.0
tfidf_successful,0.0,0.0
tfidf_and are,0.0,0.0
tfidf_and analysis,0.0,0.0
tfidf_accessible,0.0,0.0
tfidf_in eu,0.0,0.0
tfidf_in areas,0.0,0.0
tfidf_in and,0.0,0.0
tfidf_outcome project,0.0,0.0
tfidf_describe,0.0,0.0
tfidf_and adaptation,0.0,0.0
tfidf_and activities,0.0,0.0
tfidf_and achieve,0.0,0.0
tfidf_analytics,0.0,0.0
tfidf_analysis of,0.0,0.0
tfidf_analysis and,0.0,0.0
tfidf_analyse,0.0,0.0
tfidf_an open,0.0,0.0
tfidf_subject to,0.0,0.0
tfidf_sub topic,0.0,0.0
tfidf_studies and,0.0,0.0
tfidf_class,0.0,0.0
tfidf_organisations and,0.0,0.0
tfidf_civil society,0.0,0.0
tfidf_work programme,0.0,0.0
tfidf_work package,0.0,0.0
region_North America,0.0,0.0
opportunity_type_grant_opportunity,0.0,0.0
tfidf_in support,0.0,0.0
tfidf_yield,0.0,0.0
tfidf_in relation,0.0,0.0
tfidf_in place,0.0,0.0
donor_type_government,0.0,0.0
tfidf_clear,0.0,0.0
tfidf_students,0.0,0.0
tfidf_strongly encouraged,0.0,0.0
source_system_grants_gov,0.0,0.0
tfidf_strategy and,0.0,0.0
tfidf_with regard,0.0,0.0
tfidf_deployed,0.0,0.0
tfidf_strategic,0.0,0.0
tfidf_storage and,0.0,0.0
tfidf_stock,0.0,0.0
tfidf_steps,0.0,0.0
tfidf_deploy,0.0,0.0
tfidf_and citizens,0.0,0.0
tfidf_depending on,0.0,0.0
tfidf_and by,0.0,0.0
tfidf_and build,0.0,0.0
tfidf_chemicals and,0.0,0.0
tfidf_deliverables,0.0,0.0
tfidf_chemical,0.0,0.0
tfidf_definition of,0.0,0.0
tfidf_inclusion of,0.0,0.0
tfidf_including through,0.0,0.0
tfidf_including for,0.0,0.0
tfidf_include an,0.0,0.0
tfidf_will help,0.0,0.0
tfidf_and better,0.0,0.0
tfidf_will enable,0.0,0.0
tfidf_and benefits,0.0,0.0
tfidf_and be,0.0,0.0
tfidf_and at,0.0,0.0
tfidf_details,0.0,0.0
tfidf_start at,0.0,0.0
tfidf_standards and,0.0,0.0
tfidf_detailed,0.0,0.0
tfidf_stakeholders and,0.0,0.0
tfidf_indicators and,0.0,0.0
tfidf_increase of,0.0,0.0
tfidf_increase in,0.0,0.0
tfidf_circularity,0.0,0.0
tfidf_chosen,0.0,0.0
tfidf_destination,0.0,0.0
tfidf_designing,0.0,0.0
tfidf_stability,0.0,0.0
tfidf_ssh disciplines,0.0,0.0
tfidf_sria,0.0,0.0
tfidf_designed to,0.0,0.0
tfidf_speed,0.0,0.0
tfidf_design of,0.0,0.0
tfidf_challenging,0.0,0.0
tfidf_challenge of,0.0,0.0
tfidf_described in,0.0,0.0
tfidf_will address,0.0,0.0
tfidf_info,0.0,0.0
tfidf_indirect,0.0,0.0
tfidf_specialised,0.0,0.0
tfidf_wider,0.0,0.0
tfidf_spatial,0.0,0.0
tfidf_some of,0.0,0.0
tfidf_some,0.0,0.0
tfidf_solutions should,0.0,0.0
tfidf_and demonstrate,0.0,0.0
tfidf_and decision,0.0,0.0
tfidf_and cross,0.0,0.0
tfidf_widening,0.0,0.0
tfidf_wide range,0.0,0.0
tfidf_who,0.0,0.0
tfidf_which is,0.0,0.0
tfidf_inland,0.0,0.0
tfidf_initiatives in,0.0,0.0
tfidf_characteristics of,0.0,0.0
tfidf_which are,0.0,0.0
tfidf_and cooperation,0.0,0.0
tfidf_wherever,0.0,0.0
tfidf_and communication,0.0,0.0
tfidf_database,0.0,0.0
tfidf_data to,0.0,0.0
tfidf_solution,0.0,0.0
tfidf_data space,0.0,0.0
tfidf_device,0.0,0.0
tfidf_instrument,0.0,0.0
tfidf_institutions and,0.0,0.0
tfidf_installations,0.0,0.0
tfidf_development in,0.0,0.0
tfidf_development goals,0.0,0.0
tfidf_innovative technologies,0.0,0.0
tfidf_developers,0.0,0.0
tfidf_developed in,0.0,0.0
tfidf_chain and,0.0,0.0
tfidf_society and,0.0,0.0
tfidf_develop new,0.0,0.0
tfidf_societies,0.0,0.0
tfidf_societal challenges,0.0,0.0
tfidf_smes and,0.0,0.0
tfidf_digital and,0.0,0.0
tfidf_dialogue,0.0,0.0
tfidf_small and,0.0,0.0
tfidf_decrease,0.0,0.0
tfidf_interested,0.0,0.0
tfidf_decisions,0.0,0.0
tfidf_decision makers,0.0,0.0
tfidf_interaction,0.0,0.0
tfidf_inter,0.0,0.0
tfidf_was,0.0,0.0
tfidf_integral,0.0,0.0
tfidf_situation,0.0,0.0
tfidf_2011,0.0,0.0
tfidf_vocational,0.0,0.0
tfidf_simple,0.0,0.0
tfidf_violence against,0.0,0.0
tfidf_victims of,0.0,0.0
tfidf_and energy,0.0,0.0
tfidf_and effective,0.0,0.0
tfidf_and dissemination,0.0,0.0
tfidf_carry out,0.0,0.0
tfidf_carry,0.0,0.0
tfidf_do not,0.0,0.0
tfidf_diversity of,0.0,0.0
tfidf_interfaces,0.0,0.0
tfidf_diverse,0.0,0.0
tfidf_dissemination of,0.0,0.0
tfidf_should support,0.0,0.0
tfidf_should not,0.0,0.0
tfidf_should cover,0.0,0.0
tfidf_and gender,0.0,0.0
tfidf_investors,0.0,0.0
tfidf_investments in,0.0,0.0
tfidf_disciplines,0.0,0.0
tfidf_introduction to,0.0,0.0
tfidf_into the,0.0,0.0
tfidf_cbe,0.0,0.0
tfidf_categories,0.0,0.0
tfidf_and future,0.0,0.0
tfidf_and further,0.0,0.0
tfidf_and facilitate,0.0,0.0
tfidf_and exploitation,0.0,0.0
tfidf_and exchange,0.0,0.0
tfidf_and eu,0.0,0.0
tfidf_should contribute,0.0,0.0
tfidf_disciplinary,0.0,0.0
tfidf_directly,0.0,0.0
tfidf_should aim,0.0,0.0
tfidf_very,0.0,0.0
tfidf_can be,0.0,0.0
tfidf_value chain,0.0,0.0
tfidf_campaigns,0.0,0.0
tfidf_calls for,0.0,0.0
tfidf_is essential,0.0,0.0
tfidf_2050,0.0,0.0
tfidf_cutting priorities,0.0,0.0
tfidf_involve the,0.0,0.0
tfidf_downstream,0.0,0.0
tfidf_shipping,0.0,0.0
tfidf_sharing and,0.0,0.0
tfidf_shall address,0.0,0.0
tfidf_sex and,0.0,0.0
tfidf_sex,0.0,0.0
tfidf_done,0.0,0.0
tfidf_settings,0.0,0.0
tfidf_documents,0.0,0.0
tfidf_issues,0.0,0.0
tfidf_is strongly,0.0,0.0
tfidf_2021,0.0,0.0
tfidf_is not,0.0,0.0
tfidf_is needed,0.0,0.0
tfidf_is necessary,0.0,0.0
tfidf_capacity and,0.0,0.0
tfidf_capable of,0.0,0.0
tfidf_2019 2020,0.0,0.0
tfidf_cap,0.0,0.0
tfidf_sets,0.0,0.0
tfidf_set up,0.0,0.0
tfidf_users and,0.0,0.0
tfidf_cross cutting,0.0,0.0
tfidf_but not,0.0,0.0
tfidf_each of,0.0,0.0
tfidf_duration of,0.0,0.0
tfidf_business opportunities,0.0,0.0
tfidf_kg,0.0,0.0
tfidf_key enabling,0.0,0.0
tfidf_justice,0.0,0.0
tfidf_jointly,0.0,0.0
tfidf_joint activities,0.0,0.0
tfidf_seek,0.0,0.0
tfidf_see general,0.0,0.0
tfidf_duration,0.0,0.0
tfidf_secure,0.0,0.0
tfidf_labour market,0.0,0.0
tfidf_kpi,0.0,0.0
tfidf_know how,0.0,0.0
tfidf_know,0.0,0.0
tfidf_data in,0.0,0.0
tfidf_by providing,0.0,0.0
tfidf_by 2030,0.0,0.0
tfidf_useful,0.0,0.0
tfidf_use the,0.0,0.0
tfidf_scope proposals,0.0,0.0
tfidf_use cases,0.0,0.0
tfidf_uri,0.0,0.0
tfidf_urban areas,0.0,0.0
tfidf_and improved,0.0,0.0
tfidf_and implementation,0.0,0.0
tfidf_and implement,0.0,0.0
tfidf_and human,0.0,0.0
tfidf_and horizon,0.0,0.0
tfidf_same time,0.0,0.0
tfidf_curricula,0.0,0.0
tfidf_learning,0.0,0.0
tfidf_up the,0.0,0.0
tfidf_lca,0.0,0.0
tfidf_up and,0.0,0.0
tfidf_unit,0.0,0.0
tfidf_underwater,0.0,0.0
tfidf_last,0.0,0.0
tfidf_about the,0.0,0.0
tfidf_able,0.0,0.0
tfidf_lack of,0.0,0.0
tfidf_70,0.0,0.0
tfidf_running,0.0,0.0
tfidf_efficiency and,0.0,0.0
tfidf_roma,0.0,0.0
tfidf_effectiveness of,0.0,0.0
tfidf_and maintenance,0.0,0.0
tfidf_education institutions,0.0,0.0
tfidf_and long,0.0,0.0
tfidf_and local,0.0,0.0
tfidf_ecosystems and,0.0,0.0
tfidf_and joint,0.0,0.0
tfidf_and jobs,0.0,0.0
tfidf_broader,0.0,0.0
tfidf_bringing,0.0,0.0
tfidf_level and,0.0,0.0
tfidf_less,0.0,0.0
tfidf_24,0.0,0.0
tfidf_least one,0.0,0.0
tfidf_light,0.0,0.0
tfidf_lex europa,0.0,0.0
tfidf_underlying,0.0,0.0
tfidf_un,0.0,0.0
tfidf_level the,0.0,0.0
tfidf_level in,0.0,0.0
tfidf_business case,0.0,0.0
tfidf_burden,0.0,0.0
tfidf_creation and,0.0,0.0
tfidf_and integration,0.0,0.0
tfidf_and innovative,0.0,0.0
tfidf_either,0.0,0.0
tfidf_effort,0.0,0.0
tfidf_twinning,0.0,0.0
tfidf_risk management,0.0,0.0
tfidf_rights of,0.0,0.0
tfidf_trucks,0.0,0.0
tfidf_trl by,0.0,0.0
tfidf_return,0.0,0.0
tfidf_trl and,0.0,0.0
tfidf_resulting in,0.0,0.0
tfidf_resulting from,0.0,0.0
tfidf_links with,0.0,0.0
tfidf_linked,0.0,0.0
tfidf_triggered by,0.0,0.0
tfidf_triggered,0.0,0.0
tfidf_acceptance of,0.0,0.0
tfidf_eligible for,0.0,0.0
tfidf_criteria,0.0,0.0
tfidf_responses,0.0,0.0
tfidf_response to,0.0,0.0
tfidf_travel,0.0,0.0
tfidf_respond to,0.0,0.0
tfidf_respond,0.0,0.0
tfidf_transport and,0.0,0.0
tfidf_respect to,0.0,0.0
tfidf_respect,0.0,0.0
tfidf_resource efficiency,0.0,0.0
tfidf_transparency,0.0,0.0
tfidf_both the,0.0,0.0
tfidf_transmission,0.0,0.0
tfidf_longer term,0.0,0.0
tfidf_transition towards,0.0,0.0
tfidf_local regional,0.0,0.0
tfidf_resilient,0.0,0.0
tfidf_transfer of,0.0,0.0
tfidf_residues,0.0,0.0
tfidf_researchers and,0.0,0.0
tfidf_research projects,0.0,0.0
tfidf_and or,0.0,0.0
tfidf_across europe,0.0,0.0
tfidf_encouraged the,0.0,0.0
tfidf_and of,0.0,0.0
tfidf_mainly,0.0,0.0
tfidf_main,0.0,0.0
tfidf_made available,0.0,0.0
tfidf_made,0.0,0.0
tfidf_low carbon,0.0,0.0
tfidf_bring together,0.0,0.0
tfidf_bring,0.0,0.0
tfidf_enabled,0.0,0.0
tfidf_research centre,0.0,0.0
tfidf_enable the,0.0,0.0
tfidf_res,0.0,0.0
tfidf_requirements and,0.0,0.0
tfidf_employment,0.0,0.0
tfidf_emphasis,0.0,0.0
tfidf_managed,0.0,0.0
tfidf_manage,0.0,0.0
tfidf_making and,0.0,0.0
tfidf_achieving the,0.0,0.0
tfidf_achieving,0.0,0.0
tfidf_achievements,0.0,0.0
tfidf_requirement,0.0,0.0
tfidf_requested,0.0,0.0
tfidf_representatives,0.0,0.0
tfidf_representative,0.0,0.0
tfidf_achieve trl,0.0,0.0
tfidf_enforcement,0.0,0.0
tfidf_remain,0.0,0.0
tfidf_map,0.0,0.0
tfidf_manufacturers,0.0,0.0
tfidf_energy storage,0.0,0.0
tfidf_blocks,0.0,0.0
tfidf_relevant to,0.0,0.0
tfidf_relevant projects,0.0,0.0
tfidf_relevant actors,0.0,0.0
tfidf_relevance,0.0,0.0
tfidf_relation to,0.0,0.0
tfidf_relation,0.0,0.0
tfidf_relating to,0.0,0.0
tfidf_and quality,0.0,0.0
tfidf_and products,0.0,0.0
tfidf_tracking,0.0,0.0
tfidf_topics,0.0,0.0
tfidf_topic will,0.0,0.0
tfidf_and policy,0.0,0.0
tfidf_topic should,0.0,0.0
tfidf_topic horizon,0.0,0.0
tfidf_regional or,0.0,0.0
tfidf_measures and,0.0,0.0
tfidf_topic and,0.0,0.0
tfidf_topic aims,0.0,0.0
tfidf_tools to,0.0,0.0
tfidf_may include,0.0,0.0
tfidf_entities,0.0,0.0
tfidf_maximum of,0.0,0.0
tfidf_ensuring,0.0,0.0
tfidf_maximise,0.0,0.0
tfidf_markets,0.0,0.0
tfidf_regards,0.0,0.0
tfidf_regarding,0.0,0.0
tfidf_regard to,0.0,0.0
tfidf_reference,0.0,0.0
tfidf_reduced,0.0,0.0
tfidf_benefit from,0.0,0.0
tfidf_beneficiaries,0.0,0.0
tfidf_before,0.0,0.0
tfidf_covered,0.0,0.0
tfidf_recommended,0.0,0.0
tfidf_recognition of,0.0,0.0
tfidf_recognition,0.0,0.0
tfidf_realistic,0.0,0.0
tfidf_ready,0.0,0.0
tfidf_coverage,0.0,0.0
tfidf_together,0.0,0.0
tfidf_and skills,0.0,0.0
tfidf_and should,0.0,0.0
tfidf_today,0.0,0.0
tfidf_to use,0.0,0.0
tfidf_member state,0.0,0.0
tfidf_meeting,0.0,0.0
tfidf_best practice,0.0,0.0
tfidf_benefits of,0.0,0.0
tfidf_benefits and,0.0,0.0
tfidf_and security,0.0,0.0
tfidf_and rural,0.0,0.0
tfidf_and resource,0.0,0.0
tfidf_to tackle,0.0,0.0
tfidf_re use,0.0,0.0
tfidf_to support,0.0,0.0
tfidf_actions in,0.0,0.0
tfidf_actions for,0.0,0.0
tfidf_rare,0.0,0.0
tfidf_rapidly,0.0,0.0
tfidf_coordination and,0.0,0.0
tfidf_mining,0.0,0.0
tfidf_minimum,0.0,0.0
tfidf_coordination,0.0,0.0
tfidf_era net,0.0,0.0
tfidf_methods and,0.0,0.0
tfidf_equipment and,0.0,0.0
tfidf_environmental sustainability,0.0,0.0
tfidf_radar,0.0,0.0
tfidf_actions and,0.0,0.0
tfidf_quality schemes,0.0,0.0
tfidf_quality and,0.0,0.0
tfidf_action to,0.0,0.0
tfidf_qualitative,0.0,0.0
tfidf_put,0.0,0.0
tfidf_more effective,0.0,0.0
tfidf_modular,0.0,0.0
tfidf_to start,0.0,0.0
tfidf_modelling and,0.0,0.0
tfidf_mixed,0.0,0.0
tfidf_mix,0.0,0.0
tfidf_purpose of,0.0,0.0
tfidf_to promote,0.0,0.0
tfidf_publication,0.0,0.0
tfidf_public sector,0.0,0.0
tfidf_public procurement,0.0,0.0
tfidf_to produce,0.0,0.0
tfidf_to other,0.0,0.0
tfidf_etc the,0.0,0.0
tfidf_etc and,0.0,0.0
tfidf_provided in,0.0,0.0
tfidf_be paid,0.0,0.0
tfidf_be on,0.0,0.0
tfidf_estimated,0.0,0.0
tfidf_be in,0.0,0.0
tfidf_move,0.0,0.0
tfidf_moreover,0.0,0.0
tfidf_prototyping,0.0,0.0
tfidf_established in,0.0,0.0
tfidf_cost of,0.0,0.0
tfidf_to measure,0.0,0.0
tfidf_to implement,0.0,0.0
tfidf_controlled,0.0,0.0
tfidf_eu wide,0.0,0.0
tfidf_and support,0.0,0.0
tfidf_and supply,0.0,0.0
tfidf_eu member,0.0,0.0
tfidf_propose,0.0,0.0
tfidf_proposals under,0.0,0.0
tfidf_proposals may,0.0,0.0
tfidf_proposals for,0.0,0.0
tfidf_national regional,0.0,0.0
tfidf_eu level,0.0,0.0
tfidf_eu legal,0.0,0.0
tfidf_eu info,0.0,0.0
tfidf_eu in,0.0,0.0
tfidf_eu funding,0.0,0.0
tfidf_because,0.0,0.0
tfidf_eu between,0.0,0.0
tfidf_to foster,0.0,0.0
tfidf_to fork,0.0,0.0
tfidf_projects under,0.0,0.0
tfidf_to explore,0.0,0.0
tfidf_and waste,0.0,0.0
tfidf_and validation,0.0,0.0
tfidf_be clearly,0.0,0.0
tfidf_be based,0.0,0.0
tfidf_be achieved,0.0,0.0
tfidf_needed to,0.0,0.0
tfidf_to european,0.0,0.0
tfidf_need,0.0,0.0
tfidf_to eur,0.0,0.0
tfidf_to eu,0.0,0.0
tfidf_to ensure,0.0,0.0
tfidf_to engage,0.0,0.0
tfidf_and test,0.0,0.0
tfidf_projects to,0.0,0.0
tfidf_to define,0.0,0.0
tfidf_project see,0.0,0.0
tfidf_network and,0.0,0.0
tfidf_negative,0.0,0.0
tfidf_needs to,0.0,0.0
tfidf_needs of,0.0,0.0
tfidf_be funded,0.0,0.0
tfidf_be established,0.0,0.0
tfidf_be done,0.0,0.0
tfidf_project in,0.0,0.0
tfidf_progress,0.0,0.0
tfidf_europe in,0.0,0.0
tfidf_programme and,0.0,0.0
tfidf_profiles,0.0,0.0
tfidf_euro,0.0,0.0
tfidf_production systems,0.0,0.0
tfidf_cooperation with,0.0,0.0
tfidf_production and,0.0,0.0
tfidf_producing,0.0,0.0
tfidf_cooperate,0.0,0.0
tfidf_processing and,0.0,0.0
tfidf_to bring,0.0,0.0
tfidf_applicants are,0.0,0.0
tfidf_to better,0.0,0.0
tfidf_any other,0.0,0.0
tfidf_background,0.0,0.0
tfidf_awareness raising,0.0,0.0
tfidf_nonetheless this,0.0,0.0
tfidf_nonetheless,0.0,0.0
tfidf_ngos,0.0,0.0
tfidf_activities the,0.0,0.0
tfidf_activities that,0.0,0.0
tfidf_new or,0.0,0.0
tfidf_activities such,0.0,0.0
tfidf_annexes,0.0,0.0
tfidf_evidence based,0.0,0.0
tfidf_and with,0.0,0.0
tfidf_process and,0.0,0.0
tfidf_private sector,0.0,0.0
tfidf_evaluated,0.0,0.0
tfidf_evaluate,0.0,0.0
tfidf_nutrients,0.0,0.0
tfidf_european innovation,0.0,0.0
tfidf_null,0.0,0.0
tfidf_not only,0.0,0.0
tfidf_not be,0.0,0.0
tfidf_basis for,0.0,0.0
tfidf_european green,0.0,0.0
tfidf_based products,0.0,0.0
tfidf_contributes,0.0,0.0
tfidf_priorities and,0.0,0.0
tfidf_continuous,0.0,0.0
tfidf_and potential,0.0,0.0
tfidf_previous,0.0,0.0
tfidf_exist,0.0,0.0
tfidf_excluded,0.0,0.0
tfidf_present,0.0,0.0
tfidf_authorities and,0.0,0.0
tfidf_of agricultural,0.0,0.0
tfidf_of action,0.0,0.0
tfidf_exchange of,0.0,0.0
tfidf_excellence,0.0,0.0
tfidf_objective the,0.0,0.0
tfidf_objective of,0.0,0.0
tfidf_activities of,0.0,0.0
tfidf_active in,0.0,0.0
tfidf_preparation of,0.0,0.0
tfidf_times,0.0,0.0
tfidf_timely,0.0,0.0
tfidf_potential for,0.0,0.0
tfidf_of common,0.0,0.0
tfidf_of both,0.0,0.0
tfidf_of best,0.0,0.0
tfidf_of and,0.0,0.0
tfidf_time and,0.0,0.0
tfidf_availability,0.0,0.0
tfidf_this context,0.0,0.0
tfidf_this area,0.0,0.0
tfidf_portfolio,0.0,0.0
tfidf_experimentation,0.0,0.0
tfidf_approach in,0.0,0.0
tfidf_applications in,0.0,0.0
tfidf_experience and,0.0,0.0
tfidf_of horizon,0.0,0.0
tfidf_expected that,0.0,0.0
tfidf_of good,0.0,0.0
tfidf_expected results,0.0,0.0
tfidf_of europe,0.0,0.0
tfidf_expected outcomes,0.0,0.0
tfidf_of education,0.0,0.0
tfidf_expected impact,0.0,0.0
tfidf_applicants should,0.0,0.0
tfidf_expectations,0.0,0.0
tfidf_populations,0.0,0.0
tfidf_contributing,0.0,0.0
tfidf_policymakers,0.0,0.0
tfidf_policy making,0.0,0.0
tfidf_contributes to,0.0,0.0
tfidf_points,0.0,0.0
tfidf_are needed,0.0,0.0
tfidf_are in,0.0,0.0
tfidf_explore the,0.0,0.0
tfidf_explore,0.0,0.0
tfidf_of products,0.0,0.0
tfidf_of other,0.0,0.0
tfidf_of national,0.0,0.0
tfidf_of more,0.0,0.0
tfidf_expertise in,0.0,0.0
tfidf_of key,0.0,0.0
tfidf_expertise and,0.0,0.0
tfidf_of industrial,0.0,0.0
tfidf_expertise,0.0,0.0
tfidf_third country,0.0,0.0
tfidf_appropriate resources,0.0,0.0
tfidf_they can,0.0,0.0
tfidf_thermal,0.0,0.0
tfidf_adapted to,0.0,0.0
tfidf_of sustainable,0.0,0.0
tfidf_of ssh,0.0,0.0
tfidf_of social,0.0,0.0
tfidf_adapted,0.0,0.0
tfidf_of services,0.0,0.0
tfidf_of results,0.0,0.0
tfidf_of renewable,0.0,0.0
tfidf_of relevant,0.0,0.0
tfidf_of raw,0.0,0.0
tfidf_of projects,0.0,0.0
tfidf_planned,0.0,0.0
tfidf_farmers and,0.0,0.0
tfidf_pesticides,0.0,0.0
tfidf_personal,0.0,0.0
tfidf_farm to,0.0,0.0
tfidf_on an,0.0,0.0
tfidf_oj,0.0,0.0
tfidf_offs,0.0,0.0
tfidf_offering,0.0,0.0
tfidf_extent,0.0,0.0
tfidf_of water,0.0,0.0
tfidf_of various,0.0,0.0
tfidf_of union,0.0,0.0
tfidf_of transport,0.0,0.0
tfidf_actor approach,0.0,0.0
tfidf_there is,0.0,0.0
tfidf_themes,0.0,0.0
tfidf_thematic,0.0,0.0
tfidf_them,0.0,0.0
tfidf_the wider,0.0,0.0
tfidf_the water,0.0,0.0
tfidf_the various,0.0,0.0
tfidf_arrangements,0.0,0.0
tfidf_the topic,0.0,0.0
tfidf_attention,0.0,0.0
tfidf_the supply,0.0,0.0
tfidf_at trl,0.0,0.0
tfidf_at supporting,0.0,0.0
tfidf_at regional,0.0,0.0
tfidf_on going,0.0,0.0
tfidf_consistent,0.0,0.0
tfidf_considering the,0.0,0.0
tfidf_area of,0.0,0.0
tfidf_are the,0.0,0.0
tfidf_are required,0.0,0.0
tfidf_fch ju,0.0,0.0
tfidf_the strategic,0.0,0.0
tfidf_op,0.0,0.0
tfidf_only,0.0,0.0
tfidf_one of,0.0,0.0
tfidf_on their,0.0,0.0
tfidf_attention should,0.0,0.0
tfidf_particular with,0.0,0.0
tfidf_participatory,0.0,0.0
tfidf_the short,0.0,0.0
tfidf_the selected,0.0,0.0
tfidf_address one,0.0,0.0
tfidf_paid to,0.0,0.0
tfidf_paid,0.0,0.0
tfidf_packaging,0.0,0.0
tfidf_package,0.0,0.0
tfidf_ownership,0.0,0.0
tfidf_owners,0.0,0.0
tfidf_over the,0.0,0.0
tfidf_assessed,0.0,0.0
tfidf_assess the,0.0,0.0
tfidf_associated to,0.0,0.0
tfidf_assets,0.0,0.0
tfidf_address all,0.0,0.0
tfidf_assessment and,0.0,0.0
tfidf_the role,0.0,0.0
tfidf_the rights,0.0,0.0
tfidf_the right,0.0,0.0
tfidf_the results,0.0,0.0
tfidf_the respective,0.0,0.0
tfidf_as the,0.0,0.0
tfidf_as regards,0.0,0.0
tfidf_the relevant,0.0,0.0
tfidf_findings,0.0,0.0
tfidf_as appropriate,0.0,0.0
tfidf_find,0.0,0.0
tfidf_outputs,0.0,0.0
tfidf_output,0.0,0.0
tfidf_with respect,0.0,0.0
tfidf_will not,0.0,0.0
tfidf_14,0.0,0.0
tfidf_11,0.0,0.0
tfidf_financed,0.0,0.0
tfidf_defined in,0.0,0.0
tfidf_defined,0.0,0.0
tfidf_define,0.0,0.0
tfidf_dedicated,0.0,0.0
tfidf_demonstrate the,0.0,0.0
tfidf_democratic,0.0,0.0
tfidf_fields of,0.0,0.0
tfidf_demand for,0.0,0.0
tfidf_delivered,0.0,0.0
tfidf_described,0.0,0.0
tfidf_with and,0.0,0.0
tfidf_with eu,0.0,0.0
tfidf_organisational,0.0,0.0
tfidf_org,0.0,0.0
tfidf_or technology,0.0,0.0
tfidf_or other,0.0,0.0
tfidf_or new,0.0,0.0
tfidf_or in,0.0,0.0
tfidf_at eu,0.0,0.0
tfidf_assurance,0.0,0.0
tfidf_outcome of,0.0,0.0
tfidf_outcome in,0.0,0.0
tfidf_outcome,0.0,0.0
tfidf_fields,0.0,0.0
tfidf_contain,0.0,0.0
tfidf_organise,0.0,0.0
tfidf_principles,0.0,0.0
tfidf_approaches for,-1.1079040644901283e-07,0.0001674673680209939
tfidf_maintenance,-1.1079040644901283e-07,0.0001674673680209939
tfidf_specific challenge,-1.1079040644901283e-07,0.0001674673680209939
tfidf_autonomous,-1.1079040644901283e-07,0.0001674673680209939
tfidf_board,-1.1079040644901283e-07,0.0001674673680209939
tfidf_exploration,-1.1079040644901283e-07,0.0001674673680209939
tfidf_anti,-1.1079040644901283e-07,0.0001674673680209939
tfidf_reducing,-1.1079040644901283e-07,0.0001674673680209939
tfidf_concepts,-1.1079040644901283e-07,0.0001674673680209939
tfidf_integration of,-1.1079040644901283e-07,0.0001674673680209939
tfidf_driven,-1.1079040644901283e-07,0.0001674673680209939
tfidf_eu no,-2.2158081289802566e-07,0.0002368345712828465
tfidf_effectiveness,-2.2158081289802566e-07,0.00023683457128284647
tfidf_demonstration of,-2.2158081289802566e-07,0.0002368345712828465
tfidf_the potential,-2.2158081289802566e-07,0.0002368345712828465
tfidf_the network,-2.2158081289802566e-07,0.0002368345712828465
tfidf_beyond,-3.3271961686898165e-07,0.0002903660700006917
tfidf_hybrid,-8.852853249696757e-07,0.00047311486330983265
tfidf_benefits,-5.0460311270761334e-06,0.0007028501950519255
tfidf_awareness,-4.200073687504746e-05,0.0020570619430197064
tfidf_in europe,-4.385635264327892e-05,0.0011953728877298253
tfidf_to increase,-4.678843172849501e-05,0.0013942992319659214
tfidf_engage,-4.722564180357214e-05,0.0006452175814690733
tfidf_enabling,-4.733608526720223e-05,0.0006664571626306287
tfidf_the art,-4.733608526720223e-05,0.0006664571626306287
tfidf_sustainable energy,-4.7446183235144715e-05,0.0006869135400612338
tfidf_addressing,-4.75509312542477e-05,0.000780815528775747
tfidf_materials and,-4.75509312542477e-05,0.000780815528775747
tfidf_methods,-4.7882263092269284e-05,0.000832617538063264
tfidf_of technologies,-4.809732654135201e-05,0.0009270025628704554
tfidf_reliability,-4.809732654135201e-05,0.0009270025628704556
tfidf_across,-5.24687592076245e-05,0.0011852991331685872
tfidf_sciences and,-5.3013209489793936e-05,0.00010602641897958787
tfidf_share of,-5.3013209489793936e-05,0.00010602641897958787
tfidf_viable,-5.3013209489793936e-05,0.00010602641897958787
tfidf_violence,-5.3013209489793936e-05,0.00010602641897958787
tfidf_outlined,-5.3013209489793936e-05,0.00010602641897958787
tfidf_other eu,-5.3013209489793936e-05,0.00010602641897958787
tfidf_durability,-5.3013209489793936e-05,0.00010602641897958787
tfidf_crucial,-5.3013209489793936e-05,0.00010602641897958787
tfidf_using the,-5.3013209489793936e-05,0.00010602641897958787
tfidf_utilisation,-5.3013209489793936e-05,0.00010602641897958787
tfidf_valuable,-5.3013209489793936e-05,0.00010602641897958787
tfidf_attention to,-5.3013209489793936e-05,0.00010602641897958787
tfidf_ones,-5.3013209489793936e-05,0.00010602641897958787
tfidf_parties,-5.3013209489793936e-05,0.00010602641897958787
tfidf_what,-5.3013209489793936e-05,0.00010602641897958787
tfidf_date,-5.3013209489793936e-05,0.00010602641897958787
tfidf_innovative approaches,-5.3013209489793936e-05,0.00010602641897958787
tfidf_industries,-5.3013209489793936e-05,0.00010602641897958787
tfidf_challenge to,-5.3013209489793936e-05,0.00010602641897958787
tfidf_challenges in,-5.3013209489793936e-05,0.00010602641897958787
tfidf_resistance,-5.3013209489793936e-05,0.00010602641897958787
tfidf_local,-5.3013209489793936e-05,0.00010602641897958787
tfidf_results and,-5.3013209489793936e-05,0.00010602641897958787
tfidf_risk of,-5.3013209489793936e-05,0.00010602641897958787
tfidf_roll,-5.3013209489793936e-05,0.00010602641897958787
tfidf_effects of,-5.3013209489793936e-05,0.00010602641897958787
tfidf_up,-5.3013209489793936e-05,0.00010602641897958787
tfidf_cultural heritage,-5.3013209489793936e-05,0.00010602641897958787
tfidf_easy,-5.3013209489793936e-05,0.00010602641897958787
tfidf_economically,-5.3013209489793936e-05,0.00010602641897958787
tfidf_are to,-5.3013209489793936e-05,0.00010602641897958787
tfidf_on existing,-5.3013209489793936e-05,0.00010602641897958787
tfidf_at european,-5.3013209489793936e-05,0.00010602641897958787
tfidf_at large,-5.3013209489793936e-05,0.00010602641897958787
tfidf_at local,-5.3013209489793936e-05,0.00010602641897958787
tfidf_participate in,-5.3013209489793936e-05,0.00010602641897958787
tfidf_viability,-5.3013209489793936e-05,0.00010602641897958787
tfidf_viability of,-5.3013209489793936e-05,0.00010602641897958787
tfidf_eligible,-5.3013209489793936e-05,0.00010602641897958787
tfidf_trends,-5.3013209489793936e-05,0.00010602641897958787
tfidf_creating,-5.3013209489793936e-05,0.00010602641897958787
tfidf_of the,-5.3013209489793936e-05,0.00010602641897958787
tfidf_30,-5.3013209489793936e-05,0.00010602641897958787
tfidf_ecosystem services,-5.3013209489793936e-05,0.00010602641897958787
tfidf_effect,-5.3013209489793936e-05,0.00010602641897958787
tfidf_parts of,-5.3013209489793936e-05,0.00010602641897958787
tfidf_2018 2019,-5.3013209489793936e-05,0.00010602641897958787
tfidf_could include,-5.3013209489793936e-05,0.00010602641897958787
tfidf_pillar,-5.3013209489793936e-05,0.00010602641897958787
tfidf_trafficking,-5.3013209489793936e-05,0.00010602641897958787
tfidf_enabling technologies,-5.3013209489793936e-05,0.00010602641897958787
tfidf_at national,-5.3013209489793936e-05,0.00010602641897958787
tfidf_crime,-5.3013209489793936e-05,0.00010602641897958787
tfidf_and coordination,-5.3013209489793936e-05,0.00010602641897958787
tfidf_initiatives and,-5.3013209489793936e-05,0.00010602641897958787
tfidf_citizen,-5.3013209489793936e-05,0.00010602641897958787
tfidf_increasingly,-5.3013209489793936e-05,0.00010602641897958787
tfidf_and assess,-5.3013209489793936e-05,0.00010602641897958787
tfidf_and beyond,-5.3013209489793936e-05,0.00010602641897958787
tfidf_including those,-5.3013209489793936e-05,0.00010602641897958787
tfidf_strengthen,-5.3013209489793936e-05,0.00010602641897958787
tfidf_enhancement,-5.3013209489793936e-05,0.00010602641897958787
tfidf_enterprises,-5.3013209489793936e-05,0.00010602641897958787
tfidf_of local,-5.3013209489793936e-05,0.00010602641897958787
tfidf_of project,-5.3013209489793936e-05,0.00010602641897958787
tfidf_energy performance,-5.3013209489793936e-05,0.00010602641897958787
tfidf_effective contribution,-5.3013209489793936e-05,0.00010602641897958787
tfidf_energy system,-5.3013209489793936e-05,0.00010602641897958787
tfidf_lower,-5.3013209489793936e-05,0.00010602641897958787
tfidf_in general,-5.3013209489793936e-05,0.00010602641897958787
tfidf_in member,-5.3013209489793936e-05,0.00010602641897958787
tfidf_skills and,-5.3013209489793936e-05,0.00010602641897958787
tfidf_so that,-5.3013209489793936e-05,0.00010602641897958787
tfidf_centred,-5.3013209489793936e-05,0.00010602641897958787
tfidf_inputs,-5.3013209489793936e-05,0.00010602641897958787
tfidf_society organisations,-5.3013209489793936e-05,0.00010602641897958787
tfidf_makers,-5.3013209489793936e-05,0.00010602641897958787
tfidf_policy makers,-5.3013209489793936e-05,0.00010602641897958787
tfidf_of future,-5.3013209489793936e-05,0.00010602641897958787
tfidf_application of,-5.3013209489793936e-05,0.00010602641897958787
tfidf_apply,-5.3013209489793936e-05,0.00010602641897958787
tfidf_act,-5.3013209489793936e-05,0.00010602641897958787
tfidf_coordinated,-5.3013209489793936e-05,0.00010602641897958787
tfidf_actions to,-5.3013209489793936e-05,0.00010602641897958787
tfidf_to their,-5.3013209489793936e-05,0.00010602641897958787
tfidf_requires,-5.3013209489793936e-05,0.00010602641897958787
tfidf_research activities,-5.3013209489793936e-05,0.00010602641897958787
tfidf_cl6 2021,-5.3013209489793936e-05,0.00010602641897958787
tfidf_clean energy,-5.3013209489793936e-05,0.00010602641897958787
tfidf_improve the,-5.3013209489793936e-05,0.00010602641897958787
tfidf_improvement of,-5.3013209489793936e-05,0.00010602641897958787
tfidf_still,-5.3013209489793936e-05,0.00010602641897958787
tfidf_strategy for,-5.3013209489793936e-05,0.00010602641897958787
tfidf_substances,-5.3013209489793936e-05,0.00010602641897958787
tfidf_supply of,-5.3013209489793936e-05,0.00010602641897958787
tfidf_although,-5.3013209489793936e-05,0.00010602641897958787
tfidf_to more,-5.3013209489793936e-05,0.00010602641897958787
tfidf_preclude the,-5.3013209489793936e-05,0.00010602641897958787
tfidf_to optimise,-5.3013209489793936e-05,0.00010602641897958787
tfidf_ethical,-5.3013209489793936e-05,0.00010602641897958787
tfidf_please see,-5.3013209489793936e-05,0.00010602641897958787
tfidf_cooling,-5.3013209489793936e-05,0.00010602641897958787
tfidf_cooperation and,-5.3013209489793936e-05,0.00010602641897958787
tfidf_involvement of,-5.3013209489793936e-05,0.00010602641897958787
tfidf_cannot,-5.3013209489793936e-05,0.00010602641897958787
tfidf_should address,-5.3013209489793936e-05,0.00010602641897958787
tfidf_case of,-5.3013209489793936e-05,0.00010602641897958787
tfidf_investment in,-5.3013209489793936e-05,0.00010602641897958787
tfidf_investments,-5.3013209489793936e-05,0.00010602641897958787
tfidf_eu funded,-5.3013209489793936e-05,0.00010602641897958787
tfidf_to help,-5.3013209489793936e-05,0.00010602641897958787
tfidf_ambition,-5.3013209489793936e-05,0.00010602641897958787
tfidf_ambitious,-5.3013209489793936e-05,0.00010602641897958787
tfidf_amongst,-5.3013209489793936e-05,0.00010602641897958787
tfidf_amount of,-5.3013209489793936e-05,0.00010602641897958787
tfidf_beyond the,-5.3013209489793936e-05,0.00010602641897958787
tfidf_renewables,-5.3013209489793936e-05,0.00010602641897958787
tfidf_reported,-5.3013209489793936e-05,0.00010602641897958787
tfidf_synergies and,-5.3013209489793936e-05,0.00010602641897958787
tfidf_systems the,-5.3013209489793936e-05,0.00010602641897958787
tfidf_should have,-5.3013209489793936e-05,0.00010602641897958787
tfidf_to accelerate,-5.3013209489793936e-05,0.00010602641897958787
tfidf_activities for,-5.3013209489793936e-05,0.00010602641897958787
tfidf_contexts,-5.3013209489793936e-05,0.00010602641897958787
tfidf_presented,-5.3013209489793936e-05,0.00010602641897958787
tfidf_preparation,-5.3013209489793936e-05,0.00010602641897958787
tfidf_objective,-5.3013209489793936e-05,0.00010602641897958787
tfidf_objective is,-5.3013209489793936e-05,0.00010602641897958787
tfidf_of activities,-5.3013209489793936e-05,0.00010602641897958787
tfidf_tackle,-5.3013209489793936e-05,0.00010602641897958787
tfidf_and processes,-5.3013209489793936e-05,0.00010602641897958787
tfidf_and provide,-5.3013209489793936e-05,0.00010602641897958787
tfidf_relevant eu,-5.3013209489793936e-05,0.00010602641897958787
tfidf_relevant for,-5.3013209489793936e-05,0.00010602641897958787
tfidf_relevant stakeholders,-5.3013209489793936e-05,0.00010602641897958787
tfidf_as defined,-5.3013209489793936e-05,0.00010602641897958787
tfidf_reliable,-5.3013209489793936e-05,0.00010602641897958787
tfidf_outlined in,-5.3013209489793936e-05,0.00010602641897958787
tfidf_in different,-5.3013209489793936e-05,0.00010602641897958787
tfidf_that is,-5.3013209489793936e-05,0.00010602641897958787
tfidf_that would,-5.3013209489793936e-05,0.00010602641897958787
tfidf_the actions,-5.3013209489793936e-05,0.00010602641897958787
tfidf_practical,-5.3013209489793936e-05,0.00010602641897958787
tfidf_adaptation to,-5.3013209489793936e-05,0.00010602641897958787
tfidf_these activities,-5.3013209489793936e-05,0.00010602641897958787
tfidf_or regional,-5.3013209489793936e-05,0.00010602641897958787
tfidf_extended,-5.3013209489793936e-05,0.00010602641897958787
tfidf_number of,-5.3013209489793936e-05,0.00010602641897958787
tfidf_job,-5.3013209489793936e-05,0.00010602641897958787
tfidf_neutrality,-5.3013209489793936e-05,0.00010602641897958787
tfidf_building and,-5.3013209489793936e-05,0.00010602641897958787
tfidf_building blocks,-5.3013209489793936e-05,0.00010602641897958787
tfidf_should ensure,-5.3013209489793936e-05,0.00010602641897958787
tfidf_threat,-5.3013209489793936e-05,0.00010602641897958787
tfidf_the submission,-5.3013209489793936e-05,0.00010602641897958787
tfidf_the technical,-5.3013209489793936e-05,0.00010602641897958787
tfidf_the whole,-5.3013209489793936e-05,0.00010602641897958787
tfidf_activities with,-5.3013209489793936e-05,0.00010602641897958787
tfidf_actual,-5.3013209489793936e-05,0.00010602641897958787
tfidf_project activities,-5.3013209489793936e-05,0.00010602641897958787
tfidf_project and,-5.3013209489793936e-05,0.00010602641897958787
tfidf_project is,-5.3013209489793936e-05,0.00010602641897958787
tfidf_preservation,-5.3013209489793936e-05,0.00010602641897958787
tfidf_prevent,-5.3013209489793936e-05,0.00010602641897958787
tfidf_preventing,-5.3013209489793936e-05,0.00010602641897958787
tfidf_basis of,-5.3013209489793936e-05,0.00010602641897958787
tfidf_is key,-5.3013209489793936e-05,0.00010602641897958787
tfidf_the security,-5.3013209489793936e-05,0.00010602641897958787
tfidf_the services,-5.3013209489793936e-05,0.00010602641897958787
tfidf_networks of,-5.3013209489793936e-05,0.00010602641897958787
tfidf_project should,-5.3013209489793936e-05,0.00010602641897958787
tfidf_project will,-5.3013209489793936e-05,0.00010602641897958787
tfidf_the solutions,-5.3013209489793936e-05,0.00010602641897958787
tfidf_faster,-5.3013209489793936e-05,0.00010602641897958787
tfidf_feasibility,-5.3013209489793936e-05,0.00010602641897958787
tfidf_this will,-5.3013209489793936e-05,0.00010602641897958787
tfidf_this work,-5.3013209489793936e-05,0.00010602641897958787
tfidf_climate neutrality,-5.3013209489793936e-05,0.00010602641897958787
tfidf_is need,-5.3013209489793936e-05,0.00010602641897958787
tfidf_regional level,-5.3013209489793936e-05,0.00010602641897958787
tfidf_marketing,-5.3013209489793936e-05,0.00010602641897958787
tfidf_the challenges,-5.3013209489793936e-05,0.00010602641897958787
tfidf_measurement,-5.3013209489793936e-05,0.00010602641897958787
tfidf_targeted,-5.3013209489793936e-05,0.00010602641897958787
tfidf_allowing,-5.3013209489793936e-05,0.00010602641897958787
tfidf_http www,-5.3013209489793936e-05,0.00010602641897958787
tfidf_sustainable food,-5.3013209489793936e-05,0.00010602641897958787
tfidf_health,-5.3013209489793936e-05,0.00010602641897958787
tfidf_health care,-5.3013209489793936e-05,0.00010602641897958787
tfidf_helping,-5.3013209489793936e-05,0.00010602641897958787
tfidf_capacity of,-5.3013209489793936e-05,0.00010602641897958787
tfidf_be able,-5.3013209489793936e-05,0.00010602641897958787
tfidf_be addressed,-5.3013209489793936e-05,0.00010602641897958787
tfidf_be assessed,-5.3013209489793936e-05,0.00010602641897958787
tfidf_projects will,-5.3013209489793936e-05,0.00010602641897958787
tfidf_the required,-5.3013209489793936e-05,0.00010602641897958787
tfidf_far,-5.3013209489793936e-05,0.00010602641897958787
tfidf_fast,-5.3013209489793936e-05,0.00010602641897958787
tfidf_capacity to,-5.3013209489793936e-05,0.00010602641897958787
tfidf_for energy,-5.3013209489793936e-05,0.00010602641897958787
tfidf_be the,-5.3013209489793936e-05,0.00010602641897958787
tfidf_must include,-5.3013209489793936e-05,0.00010602641897958787
tfidf_national level,-5.3013209489793936e-05,0.00010602641897958787
tfidf_national or,-5.3013209489793936e-05,0.00010602641897958787
tfidf_the outcome,-5.3013209489793936e-05,0.00010602641897958787
tfidf_advances,-5.3013209489793936e-05,0.00010602641897958787
tfidf_affected,-5.3013209489793936e-05,0.00010602641897958787
tfidf_aligned,-5.3013209489793936e-05,0.00010602641897958787
tfidf_coherent,-5.3013209489793936e-05,0.00010602641897958787
tfidf_also be,-5.3013209489793936e-05,0.00010602641897958787
tfidf_technologies the,-5.3013209489793936e-05,0.00010602641897958787
tfidf_holistic,-5.3013209489793936e-05,0.00010602641897958787
tfidf_horizon miss,-5.3013209489793936e-05,0.00010602641897958787
tfidf_medical,-5.3013209489793936e-05,0.00010602641897958787
tfidf_roll out,-5.3013209489793936e-05,0.00010602641897958787
tfidf_test and,-5.3013209489793936e-05,0.00010602641897958787
tfidf_than,-5.3013209489793936e-05,0.00010602641897958787
tfidf_business,-5.3013209489793936e-05,0.00010602641897958787
tfidf_and emerging,-5.3013209489793936e-05,0.00010602641897958787
tfidf_protected,-5.3013209489793936e-05,0.00010602641897958787
tfidf_protection of,-5.3013209489793936e-05,0.00010602641897958787
tfidf_the industry,-5.3013209489793936e-05,0.00010602641897958787
tfidf_the involvement,-5.3013209489793936e-05,0.00010602641897958787
tfidf_the key,-5.3013209489793936e-05,0.00010602641897958787
tfidf_the knowledge,-5.3013209489793936e-05,0.00010602641897958787
tfidf_the level,-5.3013209489793936e-05,0.00010602641897958787
tfidf_for high,-5.3013209489793936e-05,0.00010602641897958787
tfidf_for new,-5.3013209489793936e-05,0.00010602641897958787
tfidf_addition the,-5.3013209489793936e-05,0.00010602641897958787
tfidf_the long,-5.3013209489793936e-05,0.00010602641897958787
tfidf_the need,-5.3013209489793936e-05,0.00010602641897958787
tfidf_more than,-5.3013209489793936e-05,0.00010602641897958787
tfidf_most,-5.3013209489793936e-05,0.00010602641897958787
tfidf_be made,-5.3013209489793936e-05,0.00010602641897958787
tfidf_and interoperability,-5.3013209489793936e-05,0.00010602641897958787
tfidf_conditions and,-5.3013209489793936e-05,0.00010602641897958787
tfidf_the impacts,-5.3013209489793936e-05,0.00010602641897958787
tfidf_proposed activities,-5.3013209489793936e-05,0.00010602641897958787
tfidf_and societal,-5.3013209489793936e-05,0.00010602641897958787
tfidf_and socio,-5.3013209489793936e-05,0.00010602641897958787
tfidf_situations,-5.3013209489793936e-05,0.00010602641897958787
tfidf_integration and,-5.3013209489793936e-05,0.00010602641897958787
tfidf_the cooperation,-5.3013209489793936e-05,0.00010602641897958787
tfidf_science and,-5.3013209489793936e-05,0.00010602641897958787
tfidf_and how,-5.3013209489793936e-05,0.00010602641897958787
tfidf_meetings,-5.3013209489793936e-05,0.00010602641897958787
tfidf_mentioned,-5.3013209489793936e-05,0.00010602641897958787
tfidf_and humanities,-5.3013209489793936e-05,0.00010602641897958787
tfidf_might,-5.3013209489793936e-05,0.00010602641897958787
tfidf_communities and,-5.3013209489793936e-05,0.00010602641897958787
tfidf_aim of,-5.3013209489793936e-05,0.00010602641897958787
tfidf_radiation,-5.3013209489793936e-05,0.00010602641897958787
tfidf_funded,-5.3013209489793936e-05,0.00010602641897958787
tfidf_has,-5.3013209489793936e-05,0.00010602641897958787
tfidf_combat,-5.3013209489793936e-05,0.00010602641897958787
tfidf_combining,-5.3013209489793936e-05,0.00010602641897958787
tfidf_the field,-5.3013209489793936e-05,0.00010602641897958787
tfidf_more sustainable,-5.3013209489793936e-05,0.00010602641897958787
tfidf_mines,-5.3013209489793936e-05,0.00010602641897958787
tfidf_miss,-5.3013209489793936e-05,0.00010602641897958787
tfidf_reaching,-5.3013209489793936e-05,0.00010602641897958787
tfidf_the challenge,-5.3013209489793936e-05,0.00010602641897958787
tfidf_will contribute,-5.3013209489793936e-05,0.00010602641897958787
tfidf_datasets,-5.3013209489793936e-05,0.00010602641897958787
tfidf_designed,-5.3013209489793936e-05,0.00010602641897958787
tfidf_designs,-5.3013209489793936e-05,0.00010602641897958787
tfidf_will be,-5.3013209489793936e-05,0.00010602641897958787
tfidf_with existing,-5.3013209489793936e-05,0.00010602641897958787
tfidf_workers,-5.3013209489793936e-05,0.00010602641897958787
tfidf_call for,-5.3013209489793936e-05,0.00010602641897958787
tfidf_knowledge on,-5.3013209489793936e-05,0.00010602641897958787
tfidf_kpis,-5.3013209489793936e-05,0.00010602641897958787
tfidf_laboratory,-5.3013209489793936e-05,0.00010602641897958787
tfidf_lack,-5.3013209489793936e-05,0.00010602641897958787
tfidf_section,-5.3013209489793936e-05,0.00010602641897958787
tfidf_sector in,-5.3013209489793936e-05,0.00010602641897958787
tfidf_selection of,-5.3013209489793936e-05,0.00010602641897958787
tfidf_our,-5.3013209489793936e-05,0.00010602641897958787
tfidf_other projects,-5.3013209489793936e-05,0.00010602641897958787
tfidf_delegation,-5.3013209489793936e-05,0.00010602641897958787
tfidf_serve,-5.3013209489793936e-05,0.00010602641897958787
tfidf_boost,-5.3013209489793936e-05,0.00010602641897958787
tfidf_and care,-5.3013209489793936e-05,0.00010602641897958787
tfidf_dietary,-5.3013209489793936e-05,0.00010602641897958787
tfidf_and industry,-5.3013209489793936e-05,0.00010602641897958787
tfidf_data for,-5.3013209489793936e-05,0.00010602641897958787
tfidf_variety,-5.3013209489793936e-05,0.00010602641897958787
tfidf_variety of,-5.3013209489793936e-05,0.00010602641897958787
tfidf_dissemination and,-5.3013209489793936e-05,0.00010602641897958787
tfidf_vet,-5.3013209489793936e-05,0.00010602641897958787
tfidf_own,-5.3013209489793936e-05,0.00010602641897958787
tfidf_stages,-5.3013209489793936e-05,0.00010602641897958787
tfidf_would allow,-5.3013209489793936e-05,0.00010602641897958787
tfidf_demonstrate how,-5.3013209489793936e-05,0.00010602641897958787
tfidf_persons,-5.3123999896242945e-05,0.0001981796512345832
tfidf_achievement,-5.3123999896242945e-05,0.0001981796512345832
tfidf_developing and,-5.3123999896242945e-05,0.0001981796512345832
tfidf_trust,-5.3123999896242945e-05,0.0001981796512345832
tfidf_amounts,-5.3123999896242945e-05,0.0001981796512345832
tfidf_to apply,-5.3123999896242945e-05,0.0001981796512345832
tfidf_take up,-5.3123999896242945e-05,0.0001981796512345832
tfidf_optimisation,-5.323479030269196e-05,0.0002594392457903365
tfidf_active,-5.323479030269196e-05,0.0002594392457903365
tfidf_availability of,-5.323479030269196e-05,0.0002594392457903365
tfidf_major,-5.323479030269196e-05,0.0002594392457903365
tfidf_the general,-5.3345929106662915e-05,0.000309061125118933
tfidf_child,-5.3345929106662915e-05,0.0003090611251189331
tfidf_system,-7.597029767763552e-05,0.0031683270238278063
tfidf_protection,-9.533332278250928e-05,0.0010250092045570032
tfidf_studies,-9.654222383921329e-05,0.0012120737658862226
tfidf_social,-9.9698368956036e-05,0.0013455695378821728
tfidf_program,-0.00010012806088691706,0.0006281059069768697
tfidf_european commission,-0.00010034290687396252,0.0007483328714193285
tfidf_cooperation between,-0.00010034290687396252,0.0007483328714193285
tfidf_start ups,-0.00010034290687396252,0.0007483328714193285
tfidf_ups,-0.00010034290687396252,0.0007483328714193285
tfidf_topic is,-0.00010034290687396252,0.0007483328714193285
tfidf_one or,-0.00010045939272493865,0.0006914197452621813
tfidf_engaging,-0.00010088930216106684,0.0008997806718664219
tfidf_traffic,-0.00010088930216106684,0.0008997806718664219
tfidf_annual,-0.00010099974562469694,0.0009151244866400501
tfidf_aims to,-0.00010602641897958787,0.0001298553128772661
tfidf_hand,-0.00010602641897958787,0.0001298553128772661
tfidf_communication and,-0.00010602641897958787,0.0001298553128772661
tfidf_recommendations for,-0.00010602641897958787,0.0001298553128772661
tfidf_monitoring of,-0.00010602641897958787,0.00012985531287726607
tfidf_funded by,-0.00010602641897958787,0.0001298553128772661
tfidf_combined,-0.00010602641897958787,0.0001298553128772661
tfidf_general annexes,-0.00010602641897958787,0.00012985531287726607
tfidf_just,-0.00010602641897958787,0.0001298553128772661
tfidf_la,-0.00010602641897958787,0.0001298553128772661
tfidf_works,-0.00010602641897958787,0.0001298553128772661
tfidf_second,-0.00010602641897958787,0.0001298553128772661
tfidf_business models,-0.00010602641897958787,0.0001298553128772661
tfidf_the costs,-0.00010602641897958787,0.0001298553128772661
tfidf_carried,-0.00010602641897958787,0.0001298553128772661
tfidf_interoperability of,-0.00010602641897958787,0.0001298553128772661
tfidf_compatible,-0.00010602641897958787,0.0001298553128772661
tfidf_gaps,-0.00010602641897958787,0.0001298553128772661
tfidf_funded under,-0.00010602641897958787,0.0001298553128772661
tfidf_general,-0.00010602641897958787,0.00012985531287726607
tfidf_gender equality,-0.00010602641897958787,0.00012985531287726607
tfidf_considering,-0.00010602641897958787,0.0001298553128772661
tfidf_for different,-0.00010602641897958787,0.0001298553128772661
tfidf_proposal is,-0.00010602641897958787,0.00012985531287726607
tfidf_proposals are,-0.00010602641897958787,0.0001298553128772661
tfidf_feedstock,-0.00010602641897958787,0.0001298553128772661
tfidf_considers,-0.00010602641897958787,0.0001298553128772661
tfidf_considers that,-0.00010602641897958787,0.0001298553128772661
tfidf_below,-0.00010602641897958787,0.0001298553128772661
tfidf_testing and,-0.00010602641897958787,0.0001298553128772661
tfidf_carried out,-0.00010602641897958787,0.0001298553128772661
tfidf_and efficient,-0.00010602641897958787,0.0001298553128772661
tfidf_protein,-0.00010602641897958787,0.0001298553128772661
tfidf_added value,-0.00010602641897958787,0.00012985531287726607
tfidf_for further,-0.00010602641897958787,0.00012985531287726607
tfidf_be given,-0.00010602641897958787,0.00012985531287726607
tfidf_purpose,-0.00010602641897958787,0.0001298553128772661
tfidf_million would,-0.00010602641897958787,0.0001298553128772661
tfidf_agreements,-0.00010602641897958787,0.0001298553128772661
tfidf_given to,-0.00010602641897958787,0.00012985531287726607
tfidf_global,-0.00010602641897958787,0.0001298553128772661
tfidf_the area,-0.00010602641897958787,0.00012985531287726607
tfidf_proposals shall,-0.00010602641897958787,0.0001298553128772661
tfidf_commission considers,-0.00010602641897958787,0.0001298553128772661
tfidf_and selection,-0.00010602641897958787,0.0001298553128772661
tfidf_be developed,-0.00010602641897958787,0.0001298553128772661
tfidf_needs and,-0.00010602641897958787,0.0001298553128772661
tfidf_regional and,-0.00010602641897958787,0.0001298553128772661
tfidf_matters,-0.00010602641897958787,0.0001298553128772661
tfidf_air,-0.00010602641897958787,0.0001298553128772661
tfidf_addresses,-0.00010602641897958787,0.00012985531287726607
tfidf_first,-0.00010602641897958787,0.0001298553128772661
tfidf_factors,-0.00010602641897958787,0.0001298553128772661
tfidf_to address,-0.00010602641897958787,0.0001298553128772661
tfidf_activities are,-0.00010602641897958787,0.0001298553128772661
tfidf_exercise,-0.00010602641897958787,0.0001298553128772661
tfidf_identified,-0.00010602641897958787,0.0001298553128772661
tfidf_identification of,-0.00010602641897958787,0.0001298553128772661
tfidf_systemic,-0.00010602641897958787,0.0001298553128772661
tfidf_significantly,-0.00010602641897958787,0.00012985531287726607
tfidf_requesting other,-0.00010602641897958787,0.0001298553128772661
tfidf_in other,-0.00010602641897958787,0.00012985531287726607
tfidf_requesting contribution,-0.00010602641897958787,0.0001298553128772661
tfidf_conversion,-0.00010602641897958787,0.0001298553128772661
tfidf_eu research,-0.00010602641897958787,0.0001298553128772661
tfidf_to climate,-0.00010602641897958787,0.0001298553128772661
tfidf_et,-0.00010602641897958787,0.0001298553128772661
tfidf_prediction,-0.00010602641897958787,0.0001298553128772661
tfidf_and demonstration,-0.00010602641897958787,0.00012985531287726607
tfidf_preclude,-0.00010602641897958787,0.0001298553128772661
tfidf_practitioners,-0.00010602641897958787,0.0001298553128772661
tfidf_and testing,-0.00010602641897958787,0.0001298553128772661
tfidf_new and,-0.00010602641897958787,0.0001298553128772661
tfidf_this is,-0.00010602641897958787,0.00012985531287726607
tfidf_lead,-0.00010602641897958787,0.00012985531287726607
tfidf_the sustainability,-0.00010602641897958787,0.00012985531287726607
tfidf_facilitate the,-0.00010602641897958787,0.0001298553128772661
tfidf_not preclude,-0.00010602641897958787,0.0001298553128772661
tfidf_contribution from,-0.00010602641897958787,0.0001298553128772661
tfidf_this does,-0.00010602641897958787,0.0001298553128772661
tfidf_be considered,-0.00010602641897958787,0.0001298553128772661
tfidf_financing,-0.00010602641897958787,0.0001298553128772661
tfidf_focus,-0.00010602641897958787,0.0001298553128772661
tfidf_flagship,-0.00010602641897958787,0.0001298553128772661
tfidf_fisheries,-0.00010602641897958787,0.0001298553128772661
tfidf_eur and,-0.00010602641897958787,0.0001298553128772661
tfidf_eur million,-0.00010602641897958787,0.0001298553128772661
tfidf_to have,-0.00010602641897958787,0.00012985531287726607
tfidf_to this,-0.00010602641897958787,0.00012985531287726607
tfidf_tools,-0.00010602641897958787,0.0001298553128772661
tfidf_covered by,-0.00010602641897958787,0.0001298553128772661
tfidf_between,-0.00010602641897958787,0.0001298553128772661
tfidf_submission,-0.00010602641897958787,0.0001298553128772661
tfidf_submission and,-0.00010602641897958787,0.0001298553128772661
tfidf_strategic research,-0.00010602641897958787,0.0001298553128772661
tfidf_supply and,-0.00010602641897958787,0.00012985531287726607
tfidf_of at,-0.00010602641897958787,0.0001298553128772661
tfidf_practices in,-0.00010602641897958787,0.00012985531287726607
tfidf_to new,-0.00010602641897958787,0.0001298553128772661
tfidf_of multi,-0.00010602641897958787,0.0001298553128772661
tfidf_to operate,-0.00010602641897958787,0.0001298553128772661
tfidf_and medium,-0.00010602641897958787,0.00012985531287726607
tfidf_and more,-0.00010602641897958787,0.00012985531287726607
tfidf_enhancing the,-0.00010602641897958787,0.0001298553128772661
tfidf_appropriately,-0.00010602641897958787,0.0001298553128772661
tfidf_of novel,-0.00010602641897958787,0.0001298553128772661
tfidf_longer,-0.00010602641897958787,0.00012985531287726607
tfidf_logistics,-0.00010602641897958787,0.0001298553128772661
tfidf_structural,-0.00010602641897958787,0.0001298553128772661
tfidf_use and,-0.00010602641897958787,0.0001298553128772661
tfidf_accelerate,-0.00010602641897958787,0.0001298553128772661
tfidf_of regulation,-0.00010602641897958787,0.0001298553128772661
tfidf_trajectory,-0.00010602641897958787,0.0001298553128772661
tfidf_and new,-0.00010602641897958787,0.0001298553128772661
tfidf_management and,-0.00010602641897958787,0.00012985531287726607
tfidf_coordinate,-0.00010602641897958787,0.0001298553128772661
tfidf_approaches and,-0.00010602641897958787,0.0001298553128772661
tfidf_often,-0.00010602641897958787,0.0001298553128772661
tfidf_does not,-0.00010602641897958787,0.0001298553128772661
tfidf_could also,-0.00010602641897958787,0.00012985531287726607
tfidf_of proposals,-0.00010602641897958787,0.0001298553128772661
tfidf_undertaken,-0.00010602641897958787,0.0001298553128772661
tfidf_ria,-0.00010602641897958787,0.0001298553128772661
tfidf_local and,-0.00010602641897958787,0.0001298553128772661
tfidf_critical raw,-0.00010602641897958787,0.0001298553128772661
tfidf_lines,-0.00010602641897958787,0.0001298553128772661
tfidf_result,-0.00010602641897958787,0.0001298553128772661
tfidf_industrial,-0.00010602641897958787,0.00012985531287726607
tfidf_both in,-0.00010602641897958787,0.0001298553128772661
tfidf_diagnosis,-0.00010602641897958787,0.0001298553128772661
tfidf_decarbonisation,-0.00010602641897958787,0.0001298553128772661
tfidf_uses,-0.00010602641897958787,0.0001298553128772661
tfidf_participants,-0.00010602641897958787,0.00012985531287726607
tfidf_drivers,-0.00010602641897958787,0.0001298553128772661
tfidf_data sharing,-0.00010602641897958787,0.0001298553128772661
tfidf_district,-0.00010602641897958787,0.0001298553128772661
tfidf_values,-0.00010602641897958787,0.0001298553128772661
tfidf_developed by,-0.00010602641897958787,0.0001298553128772661
tfidf_status,-0.00010602641897958787,0.0001298553128772661
tfidf_states and,-0.00010602641897958787,0.00012985531287726607
tfidf_defining,-0.00010602641897958787,0.0001298553128772661
tfidf_05,-0.00010602641897958787,0.0001298553128772661
tfidf_options,-0.00010602641897958787,0.0001298553128772661
tfidf_other amounts,-0.00010602641897958787,0.0001298553128772661
tfidf_will have,-0.00010602641897958787,0.00012985531287726607
tfidf_issue,-0.00010602641897958787,0.0001298553128772661
tfidf_see part,-0.00010602641897958787,0.00012985531287726607
tfidf_deployment of,-0.00010602641897958787,0.00012985531287726607
tfidf_set,-0.00010602641897958787,0.0001298553128772661
tfidf_socio economic,-0.00010613720938603687,0.00021185898190594969
tfidf_competitive,-0.00010613720938603687,0.00021185898190594969
tfidf_humanities,-0.00010613720938603687,0.00021185898190594969
tfidf_that proposals,-0.00010613720938603687,0.00021185898190594969
tfidf_the availability,-0.00010613720938603687,0.00021185898190594969
tfidf_life cycle,-0.00010613720938603687,0.00021185898190594969
tfidf_preclude submission,-0.00010613720938603687,0.00021185898190594969
tfidf_consideration,-0.00010613720938603687,0.00021185898190594969
tfidf_rail,-0.00010613720938603687,0.00021185898190594969
tfidf_the end,-0.00010613720938603687,0.00021185898190594969
tfidf_migrants,-0.00010613720938603687,0.00021185898190594969
tfidf_cost effectiveness,-0.00010613720938603687,0.00021185898190594969
tfidf_cutting,-0.00010613720938603687,0.00021185898190594969
tfidf_best practices,-0.00010613755778355882,0.00021227511556711767
tfidf_regional national,-0.00010613755778355882,0.00021227511556711767
tfidf_losses,-0.00010613755778355882,0.00021227511556711764
tfidf_contractual,-0.00010613755778355882,0.00021227511556711767
tfidf_processes,-0.00010613755778355882,0.00021227511556711767
tfidf_cases,-0.00010613755778355882,0.00021227511556711767
tfidf_the industrial,-0.00010613755778355882,0.00021227511556711764
tfidf_reducing the,-0.00010613755778355882,0.00021227511556711767
tfidf_lessons,-0.00010613755778355882,0.00021227511556711767
tfidf_in rural,-0.00010613755778355882,0.00021227511556711767
tfidf_in european,-0.00010613755778355882,0.00021227511556711767
tfidf_substantial,-0.00010613755778355882,0.00021227511556711767
tfidf_increasing,-0.00010613755778355882,0.00021227511556711767
tfidf_intelligence,-0.00010613755778355882,0.00021227511556711767
tfidf_artificial intelligence,-0.00010613755778355882,0.00021227511556711767
tfidf_assessment,-0.00010613755778355882,0.00021227511556711767
tfidf_of data,-0.00010613755778355882,0.00021227511556711767
tfidf_potential of,-0.00010613755778355882,0.00021227511556711767
tfidf_cycles,-0.00010613755778355882,0.00021227511556711767
tfidf_pathways,-0.00010613755778355882,0.00021227511556711767
tfidf_the pilot,-0.00010613755778355882,0.00021227511556711764
tfidf_furthermore,-0.00010613755778355882,0.00021227511556711767
tfidf_is an,-0.00010613755778355882,0.00021227511556711767
tfidf_building on,-0.00010613755778355882,0.00021227511556711767
tfidf_private partnerships,-0.00010613755778355882,0.00021227511556711767
tfidf_total,-0.00010635844325611599,0.0003174152083857074
tfidf_cef,-0.00010658176606421765,0.00039708737483066484
tfidf_carbon,-0.00011263012331422795,0.0010084359368268607
tfidf_address,-0.00014128354587376047,0.0014125353681828552
tfidf_border,-0.00014638759166994974,0.0013597097666200363
tfidf_emissions,-0.00014790635642307758,0.0016386173510736855
tfidf_decision,-0.0001526001356565221,0.00133609537453635
tfidf_of european,-0.00015281585148847477,0.00044971177379906767
tfidf_ict,-0.00015303047997026198,0.0006059133613248121
tfidf_solutions to,-0.00015313488249367734,0.0007104627347978075
tfidf_digitalisation,-0.00015313488249367734,0.0007104627347978075
tfidf_innovation in,-0.00015324532595730744,0.0007297899189181111
tfidf_worldwide,-0.00015324532595730744,0.0007297899189181111
tfidf_facilities and,-0.00015324532595730744,0.0007297899189181111
tfidf_sustainability and,-0.00015324532595730744,0.0007297899189181111
tfidf_innovation and,-0.00015324532595730744,0.0007297899189181111
tfidf_region,-0.00015324532595730744,0.0007297899189181111
tfidf_document,-0.00015324532595730744,0.0007297899189181111
tfidf_liquid,-0.0001534607363492091,0.0008359456635318674
tfidf_down,-0.00015346586738888002,0.0007668709450561566
kw_irrigation,-0.00015357117981283918,0.0008524324657232387
tfidf_view of,-0.00015368162327646928,0.0008686063783237776
tfidf_in view,-0.00015368162327646928,0.0008686063783237776
tfidf_concerned,-0.00015368162327646928,0.0008686063783237776
tfidf_activities,-0.00015718114661062433,0.002062924053574515
tfidf_the ground,-0.0001590396284693818,0.0001298553128772661
tfidf_view,-0.0001590396284693818,0.0001298553128772661
tfidf_measuring,-0.0001590396284693818,0.0001298553128772661
tfidf_selection,-0.0001590396284693818,0.0001298553128772661
tfidf_frequency,-0.0001590396284693818,0.0001298553128772661
tfidf_separation,-0.0001590396284693818,0.0001298553128772661
tfidf_optimal,-0.0001590396284693818,0.0001298553128772661
tfidf_dynamic,-0.0001590396284693818,0.0001298553128772661
tfidf_teacher,-0.0001590396284693818,0.0001298553128772661
tfidf_the commission,-0.0001590396284693818,0.0001298553128772661
tfidf_however the,-0.0001590396284693818,0.0001298553128772661
tfidf_outside the,-0.0001590396284693818,0.0001298553128772661
tfidf_but,-0.0001590396284693818,0.0001298553128772661
tfidf_vessel,-0.0001590396284693818,0.0001298553128772661
tfidf_does,-0.0001590396284693818,0.0001298553128772661
tfidf_identifying,-0.0001590396284693818,0.0001298553128772661
tfidf_overall,-0.0001590396284693818,0.0001298553128772661
tfidf_funding,-0.0001590396284693818,0.0001298553128772661
tfidf_refuelling,-0.0001590396284693818,0.0001298553128772661
tfidf_maturity,-0.0001590396284693818,0.0001298553128772661
tfidf_elements,-0.0001590396284693818,0.0001298553128772661
tfidf_and global,-0.0001590396284693818,0.0001298553128772661
tfidf_lump,-0.0001590396284693818,0.0001298553128772661
tfidf_replication,-0.0001590396284693818,0.0001298553128772661
tfidf_the performance,-0.0001590396284693818,0.0001298553128772661
tfidf_needed,-0.0001590396284693818,0.0001298553128772661
tfidf_support the,-0.0001590396284693818,0.0001298553128772661
tfidf_close,-0.0001590396284693818,0.0001298553128772661
tfidf_assessing,-0.0001590396284693818,0.0001298553128772661
tfidf_reduce the,-0.0001590396284693818,0.0001298553128772661
tfidf_all,-0.0001590396284693818,0.00012985531287726607
tfidf_other relevant,-0.0001590396284693818,0.0001298553128772661
tfidf_where the,-0.0001590396284693818,0.0001298553128772661
tfidf_demonstration,-0.0001590396284693818,0.0001298553128772661
tfidf_of high,-0.0001590396284693818,0.0001298553128772661
tfidf_ethics,-0.0001590396284693818,0.0001298553128772661
tfidf_existing,-0.0001590396284693818,0.00012985531287726607
tfidf_integrate,-0.0001590396284693818,0.0001298553128772661
tfidf_since,-0.0001590396284693818,0.0001298553128772661
tfidf_of buildings,-0.0001590396284693818,0.0001298553128772661
tfidf_environmental impact,-0.0001590396284693818,0.0001298553128772661
tfidf_added,-0.0001590396284693818,0.0001298553128772661
tfidf_performance and,-0.0001590396284693818,0.0001298553128772661
tfidf_addressed appropriately,-0.0001590396284693818,0.0001298553128772661
tfidf_needed for,-0.0001590396284693818,0.0001298553128772661
tfidf_in which,-0.0001590396284693818,0.0001298553128772661
tfidf_effective and,-0.0001590396284693818,0.0001298553128772661
tfidf_and million,-0.0001590396284693818,0.0001298553128772661
tfidf_topic the,-0.0001590396284693818,0.0001298553128772661
tfidf_should develop,-0.0001590396284693818,0.0001298553128772661
tfidf_strategy,-0.0001590396284693818,0.0001298553128772661
tfidf_investigation,-0.0001590396284693818,0.0001298553128772661
tfidf_which can,-0.0001590396284693818,0.0001298553128772661
tfidf_those,-0.0001590396284693818,0.0001298553128772661
tfidf_result in,-0.0001590396284693818,0.0001298553128772661
tfidf_include the,-0.0001590396284693818,0.0001298553128772661
tfidf_end of,-0.0001590396284693818,0.0001298553128772661
tfidf_leverage,-0.0001590396284693818,0.0001298553128772661
tfidf_the use,-0.0001590396284693818,0.0001298553128772661
tfidf_lifetime,-0.0001590396284693818,0.0001298553128772661
tfidf_amounts expected,-0.0001590396284693818,0.0001298553128772661
tfidf_more of,-0.00015915041887583082,0.0002118312571462777
tfidf_existing and,-0.00015915041887583082,0.0002118312571462777
tfidf_priorities socio,-0.00015915041887583082,0.00021183125714627769
tfidf_make,-0.00015915041887583082,0.0002118312571462777
tfidf_files,-0.00015915041887583082,0.0002118312571462777
tfidf_industry and,-0.00015915076727335276,0.00021224735814525097
tfidf_resulting,-0.00015915076727335276,0.00021224735814525097
tfidf_sesar,-0.00015915076727335276,0.00021224735814525097
tfidf_associations,-0.00015915076727335276,0.00021224735814525097
tfidf_the deployment,-0.00015915076727335276,0.00021224735814525097
tfidf_airborne,-0.00015915076727335276,0.00021224735814525097
tfidf_ten,-0.00015915076727335276,0.00021224735814525097
tfidf_domains,-0.00015915076727335276,0.00021224735814525097
tfidf_fuels,-0.00015915076727335276,0.00021224735814525097
tfidf_participating in,-0.00015915076727335276,0.000212247358145251
tfidf_ecosystems,-0.00015915076727335276,0.00021224735814525097
tfidf_electrolysers,-0.00015915076727335276,0.00021224735814525097
tfidf_electrolyser,-0.00015915076727335276,0.00021224735814525097
tfidf_health and,-0.00015915076727335276,0.00021224735814525097
tfidf_results are,-0.00015915076727335276,0.00021224735814525097
tfidf_phases,-0.00015915076727335276,0.00021224735814525097
tfidf_project the,-0.00015915076727335276,0.00021224735814525097
tfidf_for 2030,-0.00015915076727335276,0.00021224735814525097
tfidf_involving,-0.00015915076727335276,0.000212247358145251
tfidf_programmes and,-0.00015915076727335276,0.00021224735814525097
tfidf_spread,-0.00015915076727335276,0.00021224735814525097
tfidf_heat,-0.00015915076727335276,0.00021224735814525097
tfidf_context,-0.00015915076727335276,0.00021224735814525097
tfidf_information on,-0.00015915076727335276,0.00021224735814525097
tfidf_the protection,-0.00015937339474111356,0.0003187467894822271
tfidf_partnerships,-0.00015992944301537192,0.0004926586103145566
tfidf_economy,-0.0001702809240858749,0.0015494701257287864
tfidf_public,-0.00018762214522623498,0.0030477779459698985
tfidf_their,-0.00019664640158160163,0.005354630521670023
tfidf_at least,-0.00019745610662227353,0.0015252565528138964
tfidf_aims at,-0.0002003729132377896,0.0008297936295055457
tfidf_eit,-0.00020047666320540669,0.0009079976809248613
tfidf_account,-0.00020080195265608224,0.0010088246870613054
tfidf_detection,-0.0002008069585487382,0.0009525832391863903
tfidf_culture,-0.00020102180453578365,0.0010357879236272314
tfidf_sector and,-0.0002057182705718197,0.0004114365411436394
tfidf_support and,-0.0002058224555899768,0.0005534647688632868
tfidf_least two,-0.0002058224555899768,0.0005534647688632868
tfidf_market and,-0.00020603730157702226,0.000686849976637724
tfidf_the platform,-0.00020603730157702226,0.0006868499766377239
tfidf_under this,-0.00020603730157702226,0.000686849976637724
tfidf_modes,-0.00020603730157702226,0.000686849976637724
tfidf_setting,-0.00020603730157702226,0.000686849976637724
tfidf_data management,-0.00020603730157702226,0.000686849976637724
tfidf_nature based,-0.00020614774504065236,0.000706814850701773
tfidf_in these,-0.00020614774504065236,0.0007068148507017729
tfidf_strong,-0.00020614774504065236,0.000706814850701773
tfidf_innovative solutions,-0.00020636315543255402,0.0008159511433499838
tfidf_disorders,-0.00020636315543255402,0.0008159511433499838
tfidf_yes,-0.00020636315543255402,0.0008159511433499838
tfidf_flows,-0.0002064735988961841,0.0008328268362166388
tfidf_the international,-0.0002064735988961841,0.0008328268362166388
tfidf_explain,-0.0002064735988961841,0.0008328268362166388
tfidf_throughout the,-0.0002064735988961841,0.0008328268362166388
tfidf_airport,-0.0002064735988961841,0.0008328268362166388
tfidf_compliance,-0.0002064735988961841,0.0008328268362166388
tfidf_the creation,-0.0002064735988961841,0.0008328268362166388
tfidf_audiovisual,-0.0002064735988961841,0.0008328268362166388
tfidf_and public,-0.00020669414032775668,0.0008654910638824688
tfidf_location,-0.00021205283795917574,0.00010602641897958787
tfidf_interoperability,-0.00021205283795917574,0.00010602641897958787
tfidf_blue economy,-0.00021205283795917574,0.00010602641897958787
tfidf_learning and,-0.00021205283795917574,0.00010602641897958787
tfidf_effective,-0.00021205283795917574,0.00010602641897958787
tfidf_for international,-0.00021205283795917574,0.00010602641897958787
tfidf_success,-0.00021205283795917574,0.00010602641897958787
tfidf_the entire,-0.00021205283795917574,0.00010602641897958787
tfidf_communications,-0.00021205283795917574,0.00010602641897958787
tfidf_the design,-0.00021205283795917574,0.00010602641897958787
tfidf_be demonstrated,-0.00021205283795917574,0.00010602641897958787
tfidf_seamless,-0.00021205283795917574,0.00010602641897958787
tfidf_organic,-0.00021205283795917574,0.00010602641897958787
tfidf_having,-0.00021205283795917574,0.00010602641897958787
tfidf_when,-0.00021205283795917574,0.00010602641897958787
tfidf_of citizens,-0.00021205283795917574,0.00010602641897958787
tfidf_of ai,-0.00021205283795917574,0.00010602641897958787
tfidf_contributions,-0.00021205283795917574,0.00010602641897958787
tfidf_ports,-0.00021205283795917574,0.00010602641897958787
tfidf_corresponding,-0.00021205283795917574,0.00010602641897958787
tfidf_environments,-0.00021205283795917574,0.00010602641897958787
tfidf_and end,-0.00021205283795917574,0.00010602641897958787
tfidf_principal investigators,-0.00021205283795917574,0.00010602641897958787
tfidf_certain,-0.00021205283795917574,0.00010602641897958787
tfidf_living,-0.00021205283795917574,0.00010602641897958787
tfidf_resilience and,-0.00021205283795917574,0.00010602641897958787
tfidf_and performance,-0.00021205283795917574,0.00010602641897958787
tfidf_to meet,-0.00021205283795917574,0.00010602641897958787
tfidf_possibly,-0.00021205283795917574,0.00010602641897958787
tfidf_which the,-0.00021205283795917574,0.00010602641897958787
tfidf_will also,-0.00021205283795917574,0.00010602641897958787
tfidf_the range,-0.00021205283795917574,0.00010602641897958787
tfidf_machine,-0.00021205283795917574,0.00010602641897958787
tfidf_food safety,-0.00021205283795917574,0.00010602641897958787
tfidf_following the,-0.00021205283795917574,0.00010602641897958787
tfidf_upon,-0.00021205283795917574,0.00010602641897958787
tfidf_systems and,-0.00021205283795917574,0.00010602641897958787
tfidf_the cost,-0.00021205283795917574,0.00010602641897958787
tfidf_between eur,-0.00021205283795917574,0.00010602641897958787
tfidf_compatible with,-0.00021205283795917574,0.00010602641897958787
tfidf_combination,-0.00021205283795917574,0.00010602641897958787
tfidf_governance and,-0.00021205283795917574,0.00010602641897958787
tfidf_mediterranean,-0.00021205283795917574,0.00010602641897958787
tfidf_used for,-0.00021205283795917574,0.00010602641897958787
tfidf_the aim,-0.00021216397676314668,0.00019853552989182105
tfidf_project results,-0.00021216397676314668,0.00019853552989182105
tfidf_approach to,-0.00021216397676314668,0.00019853552989182105
tfidf_to participate,-0.00021216397676314668,0.00019853552989182105
tfidf_changes,-0.00021216397676314668,0.00019853552989182105
tfidf_mental health,-0.00021216397676314668,0.00019853552989182105
tfidf_and for,-0.00021216397676314668,0.00019853552989182105
tfidf_focus on,-0.00021216397676314668,0.00019853552989182105
tfidf_sensing,-0.00021216397676314668,0.00019853552989182105
tfidf_implications,-0.00021216397676314668,0.00019853552989182105
tfidf_of these,-0.00021216397676314668,0.00019853552989182105
tfidf_patient,-0.00021238590597356667,0.0003091753067318982
tfidf_trans,-0.0002123866042309075,0.0003097471985375199
tfidf_advance,-0.0002520701874758946,0.0013681119739012487
tfidf_plan,-0.00025590134826105617,0.0019214267096079806
tfidf_action,-0.0002578493214379529,0.0012550478123516443
tfidf_portal,-0.0002587248746733217,0.0005174497493466435
tfidf_quality of,-0.0002589397206603672,0.0006581573910459144
tfidf_the joint,-0.0002589397206603672,0.0006581573910459143
tfidf_to become,-0.0002589397206603672,0.0006581573910459143
tfidf_research on,-0.0002589397206603672,0.0006581573910459143
tfidf_applications for,-0.0002589397206603672,0.0006581573910459144
tfidf_at all,-0.0002589397206603672,0.0006581573910459143
tfidf_supported,-0.0002589397206603672,0.0006581573910459143
tfidf_breakthrough,-0.0002589397206603672,0.0006581573910459143
tfidf_requesting,-0.0002590505110668162,0.0006790869566310696
tfidf_freight,-0.00025926557451589894,0.0007919280601170902
tfidf_particularly in,-0.00025926557451589894,0.0007919280601170902
tfidf_particular the,-0.00025926557451589894,0.0007919280601170902
tfidf_reinforcing,-0.00025926557451589894,0.0007919280601170902
tfidf_identify and,-0.00025926557451589894,0.0007919280601170902
tfidf_ip,-0.00025926557451589894,0.0007919280601170902
tfidf_areas of,-0.00025926557451589894,0.0007919280601170902
tfidf_promising,-0.00025926557451589894,0.0007919280601170902
tfidf_reinforce,-0.00025926557451589894,0.0007919280601170902
tfidf_safe and,-0.00025926557451589894,0.0007919280601170902
tfidf_and growth,-0.00025926557451589894,0.0007919280601170902
tfidf_proposal will,-0.00025926557451589894,0.0007919280601170902
tfidf_the production,-0.00025926557451589894,0.0007919280601170902
tfidf_recent,-0.00025926557451589894,0.0007919280601170902
tfidf_to strengthen,-0.00025926557451589894,0.0007919280601170902
tfidf_description of,-0.00025926557451589894,0.0007919280601170902
subtheme_rural_livelihoods,-0.00025926557451589894,0.0007919280601170902
tfidf_examples,-0.00025926557451589894,0.0007919280601170902
tfidf_cities and,-0.00025926557451589894,0.0007919280601170902
tfidf_towards the,-0.00025926557451589894,0.0007919280601170902
tfidf_specifications,-0.00025926557451589894,0.0007919280601170902
tfidf_of new,-0.00025926557451589894,0.0007919280601170902
subtheme_irrigation,-0.00025926557451589894,0.0007919280601170902
status_standard_forecast,-0.00025926557451589894,0.0007919280601170902
tfidf_origin,-0.00025926557451589894,0.0007919280601170902
tfidf_the environment,-0.00025926557451589894,0.0007919280601170902
tfidf_the council,-0.00025926557451589894,0.0007919280601170902
tfidf_imaging,-0.000259376017979529,0.0008092976199992758
tfidf_system and,-0.000259376017979529,0.0008092976199992758
tfidf_adequate,-0.000259376017979529,0.0008092976199992759
tfidf_stimulate,-0.000259376017979529,0.0008092976199992758
tfidf_speech,-0.000259376017979529,0.0008092976199992759
tfidf_and methods,-0.000259376017979529,0.0008092976199992759
tfidf_solutions that,-0.000259376017979529,0.0008092976199992759
tfidf_enhance the,-0.000259376017979529,0.0008092976199992759
tfidf_the objective,-0.0002598132280545951,0.0009368467095407694
tfidf_automated,-0.00026003446192467415,0.0009661686947924707
tfidf_government,-0.00026506604744896967,0.0
tfidf_harmonisation,-0.00026506604744896967,0.0
tfidf_technologies that,-0.00026506604744896967,0.0
tfidf_heating,-0.00026506604744896967,0.0
tfidf_properties,-0.00026506604744896967,0.0
tfidf_improvements,-0.00026506604744896967,0.0
tfidf_free,-0.00026506604744896967,0.0
tfidf_requirements of,-0.00026506604744896967,0.0
tfidf_required to,-0.00026506604744896967,0.0
tfidf_into consideration,-0.00026506604744896967,0.0
tfidf_machine learning,-0.00026506604744896967,0.0
tfidf_low cost,-0.00026506604744896967,0.0
tfidf_is also,-0.00026506604744896967,0.0
tfidf_techniques,-0.00026506604744896967,0.0
tfidf_combination of,-0.00026506604744896967,0.0
tfidf_algorithms,-0.00026506604744896967,0.0
tfidf_parameters,-0.00026506604744896967,0.0
tfidf_and improve,-0.00026506604744896967,0.0
tfidf_model,-0.00026506604744896967,0.0
tfidf_mid,-0.00026506604744896967,0.0
tfidf_extreme,-0.00026506604744896967,0.0
tfidf_face,-0.00026506604744896967,0.0
tfidf_this includes,-0.00026506604744896967,0.0
tfidf_exploitation,-0.00026506604744896967,0.0
tfidf_feedback,-0.00026506604744896967,0.0
tfidf_topic conditions,-0.00026506604744896967,0.0
tfidf_of large,-0.00026506604744896967,0.0
tfidf_the scope,-0.00026506604744896967,0.0
tfidf_leveraging,-0.00026506604744896967,0.0
tfidf_across different,-0.00026506604744896967,0.0
tfidf_includes,-0.00026506604744896967,0.0
tfidf_with other,-0.00026506604744896967,0.0
tfidf_to cover,-0.00026506604744896967,0.0
tfidf_of between,-0.00026506604744896967,0.0
tfidf_being,-0.00026506604744896967,0.0
tfidf_medium term,-0.00026506604744896967,0.0
tfidf_to make,-0.00026506604744896967,0.0
tfidf_intelligent,-0.00026506604744896967,0.0
tfidf_applicants,-0.00026506604744896967,0.0
tfidf_load,-0.00026506604744896967,0.0
tfidf_trade offs,-0.00026506604744896967,0.0
tfidf_of public,-0.00026506604744896967,0.0
tfidf_expected outcome,-0.00026506604744896967,0.0
tfidf_exploitation of,-0.00026506604744896967,0.0
tfidf_constraints,-0.00026506604744896967,0.0
tfidf_complement,-0.00026506604744896967,0.0
tfidf_functionalities,-0.00026506604744896967,0.0
tfidf_be implemented,-0.00026506604744896967,0.0
tfidf_blue,-0.00026506604744896967,0.0
tfidf_the work,-0.00026506604744896967,0.0
tfidf_ensure,-0.0002651771862529406,0.00016781826914372686
tfidf_through the,-0.0002651771862529406,0.00016781826914372686
tfidf_the economic,-0.0002651771862529406,0.00016781826914372686
tfidf_synergies between,-0.0002651771862529406,0.00016781826914372686
tfidf_medium,-0.0002651771862529406,0.00016781826914372686
tfidf_while,-0.0002651771862529406,0.00016781826914372686
tfidf_impact of,-0.0002651771862529406,0.00016781826914372686
tfidf_the impact,-0.0002651771862529406,0.00016781826914372686
tfidf_should also,-0.0002651771862529406,0.00016781826914372686
tfidf_the consortium,-0.0002651771862529406,0.00016781826914372686
tfidf_medicine,-0.0002652883250569116,0.00023733082019224806
tfidf_networks,-0.0002652883250569116,0.00023733082019224806
tfidf_considered,-0.0002652883250569116,0.00023733082019224806
tfidf_robotics,-0.00026539981372070143,0.0002909748055032236
tfidf_sme,-0.0003061710579084664,0.0008456083248146744
tfidf_within the,-0.00030618340992987213,0.0007059543304568452
tfidf_term,-0.0003115294086867504,0.001314018346968596
tfidf_and their,-0.000311842139743701,0.0014627548364690756
tfidf_africa,-0.0003118421397437121,0.0006236842794874242
tfidf_creative,-0.0003118421397437121,0.0006236842794874242
tfidf_raising,-0.0003118421397437121,0.0006236842794874242
tfidf_instruments,-0.0003118421397437121,0.0006236842794874242
tfidf_by design,-0.0003118421397437121,0.0006236842794874242
tfidf_experts,-0.0003118421397437121,0.0006236842794874242
tfidf_technologies in,-0.0003118421397437121,0.0006236842794874242
tfidf_understanding,-0.00031196001337353564,0.0005547008108117874
tfidf_europe direct,-0.00031216799359924386,0.0007634962374352281
tfidf_yet,-0.00031216799359924386,0.0007634962374352281
tfidf_of energy,-0.00031216799359924386,0.0007634962374352281
tfidf_the targeted,-0.00031216799359924386,0.0007634962374352281
tfidf_the successful,-0.00031216799359924386,0.0007634962374352281
tfidf_to create,-0.00031216799359924386,0.0007634962374352281
tfidf_european and,-0.00031216799359924386,0.0007634962374352281
tfidf_to work,-0.00031216799359924386,0.0007634962374352281
tfidf_the social,-0.00031216799359924386,0.0007634962374352281
tfidf_and materials,-0.00031216799359924386,0.0007634962374352281
tfidf_research innovation,-0.00031216799359924386,0.0007634962374352281
tfidf_ssh,-0.00031216799359924386,0.0007634962374352281
tfidf_the technology,-0.00031216799359924386,0.0007634962374352281
tfidf_their market,-0.00031216799359924386,0.0007634962374352281
tfidf_activities and,-0.00031216799359924386,0.0007634962374352281
tfidf_throughout,-0.00031216799359924386,0.0007634962374352281
tfidf_procedures,-0.00031216799359924386,0.0007634962374352281
tfidf_linking,-0.00031216799359924386,0.0007634962374352281
tfidf_they will,-0.00031216799359924386,0.0007634962374352281
tfidf_propulsion,-0.00031216799359924386,0.0007634962374352281
tfidf_supported by,-0.00031216799359924386,0.0007634962374352281
tfidf_the private,-0.00031216799359924386,0.0007634962374352281
tfidf_the scientific,-0.00031216799359924386,0.0007634962374352281
tfidf_remote,-0.00031216799359924386,0.0007634962374352281
tfidf_competitiveness and,-0.00031216799359924386,0.0007634962374352281
tfidf_sharing of,-0.00031216799359924386,0.0007634962374352281
tfidf_components,-0.00031216799359924386,0.0007634962374352281
tfidf_sustainable development,-0.00031216799359924386,0.0007634962374352281
tfidf_alliance,-0.00031216799359924386,0.0007634962374352281
tfidf_article,-0.00031216799359924386,0.0007634962374352281
tfidf_regions,-0.00031216799359924386,0.0007634962374352281
tfidf_readiness,-0.00031216799359924386,0.0007634962374352281
tfidf_joint research,-0.00031216799359924386,0.0007634962374352281
tfidf_reach,-0.00031216799359924386,0.0007634962374352281
tfidf_participation of,-0.00031216799359924386,0.0007634962374352281
tfidf_parliament,-0.00031216799359924386,0.0007634962374352281
tfidf_hate,-0.00031216799359924386,0.0007634962374352281
tfidf_sectoral,-0.00031216799359924386,0.0007634962374352281
tfidf_technology readiness,-0.00031216799359924386,0.0007634962374352281
tfidf_measures to,-0.00031216799359924386,0.0007634962374352281
tfidf_per,-0.000312500017875772,0.0008165045185395416
tfidf_electricity,-0.0003126052036743099,0.0008975519269944093
tfidf_not allowed,-0.0003127159940807589,0.0009130035671825769
tfidf_integrity,-0.0003181903957427346,0.0001062486965875298
tfidf_validation,-0.0003181903957427346,0.00010624869658752978
tfidf_please,-0.0003183015345467055,0.00019859493606807574
tfidf_solutions for,-0.0003183015345467055,0.00019859493606807574
tfidf_part of,-0.0003183015345467055,0.00019859493606807574
tfidf_facilitate,-0.0003183015345467055,0.00019859493606807574
tfidf_needs,-0.0003183015345467055,0.00019859493606807574
tfidf_special,-0.00031841267335067645,0.0002599828591148842
tfidf_cost and,-0.0003185234637571255,0.0003091372708788616
tfidf_regulation eu,-0.0003187467894822271,0.00039038349569089215
tfidf_mechanisms,-0.0003187467894822271,0.00039038349569089215
tfidf_and regional,-0.0003187474906718557,0.0003908392415098794
tfidf_is expected,-0.00035918426739826035,0.0008329662776201017
tfidf_thus,-0.00035993946628506415,0.0011037745628519103
tfidf_different,-0.0003601618303730847,0.001129414073177112
tfidf_value,-0.00036147642923975984,0.0013530457732046457
tfidf_need to,-0.00036475129365290957,0.0004793258823141588
tfidf_deep,-0.0003649661396399551,0.0006285894137228453
tfidf_passenger,-0.0003649661396399551,0.0006285894137228453
tfidf_pilots,-0.0003650704126825888,0.0007301408253651777
tfidf_offshore,-0.0003650704126825888,0.0007301408253651776
tfidf_whether,-0.0003650704126825888,0.0007301408253651777
tfidf_parliament and,-0.0003650704126825888,0.0007301408253651776
tfidf_particular attention,-0.0003650704126825888,0.0007301408253651776
tfidf_data from,-0.0003650704126825888,0.0007301408253651776
tfidf_particular in,-0.0003650704126825888,0.0007301408253651776
tfidf_and resources,-0.0003650704126825888,0.0007301408253651777
tfidf_developments,-0.0003650704126825888,0.0007301408253651776
tfidf_jobs,-0.0003650704126825888,0.0007301408253651776
tfidf_beneficial,-0.0003650704126825888,0.0007301408253651776
tfidf_detect,-0.0003650704126825888,0.0007301408253651776
tfidf_agency,-0.0003650704126825888,0.0007301408253651776
tfidf_forces,-0.0003650704126825888,0.0007301408253651777
tfidf_for innovation,-0.0003650704126825888,0.0007301408253651777
tfidf_the framework,-0.0003650704126825888,0.0007301408253651776
tfidf_an integrated,-0.0003650704126825888,0.0007301408253651776
tfidf_provide the,-0.0003650704126825888,0.0007301408253651776
tfidf_and stakeholders,-0.0003650704126825888,0.0007301408253651776
tfidf_relating,-0.0003650704126825888,0.0007301408253651777
tfidf_coaching,-0.0003650704126825888,0.0007301408253651777
tfidf_nature,-0.0003650704126825888,0.0007301408253651777
tfidf_importance,-0.0003650704126825888,0.0007301408253651777
tfidf_40,-0.0003650704126825888,0.0007301408253651776
tfidf_business and,-0.0003650704126825888,0.0007301408253651777
tfidf_and resilient,-0.0003650704126825888,0.0007301408253651777
tfidf_european parliament,-0.0003650704126825888,0.0007301408253651776
tfidf_there are,-0.0003650704126825888,0.0007301408253651776
tfidf_note,-0.0003650704126825888,0.0007301408253651776
tfidf_linked to,-0.0003650704126825888,0.0007301408253651776
tfidf_new business,-0.0003650704126825888,0.0007301408253651777
tfidf_to build,-0.0003650704126825888,0.0007301408253651777
tfidf_aim at,-0.0003650704126825888,0.0007301408253651776
tfidf_looking,-0.0003650704126825888,0.0007301408253651776
tfidf_the participation,-0.0003650704126825888,0.0007301408253651776
tfidf_modules,-0.0003650704126825888,0.0007301408253651776
tfidf_the solution,-0.0003650704126825888,0.0007301408253651777
tfidf_the safety,-0.0003650704126825888,0.0007301408253651777
tfidf_structured,-0.0003650704126825888,0.0007301408253651776
tfidf_erasmus,-0.0003650704126825888,0.0007301408253651776
tfidf_to research,-0.0003650704126825888,0.0007301408253651776
tfidf_of its,-0.0003650704126825888,0.0007301408253651776
tfidf_of open,-0.0003650704126825888,0.0007301408253651776
tfidf_in africa,-0.0003650704126825888,0.0007301408253651776
tfidf_mobile,-0.0003650704126825888,0.0007301408253651777
tfidf_in part,-0.0003650704126825888,0.0007301408253651776
tfidf_led,-0.0003651812030890378,0.0007490460944548169
tfidf_complex,-0.0003651812030890378,0.0007490460944548169
tfidf_efficient and,-0.0003654024369591169,0.0007853811936300968
tfidf_https,-0.0003658396470341829,0.0009162150550561305
tfidf_cooperation,-0.0003658396470341829,0.0009162150550561305
tfidf_the energy,-0.00037131474403649943,0.0001301275462376181
tfidf_public authorities,-0.00037131474403649943,0.0001301275462376181
tfidf_energy consumption,-0.0003714258828404704,0.00021230292754009626
tfidf_and cost,-0.0003714258828404704,0.00021230292754009626
tfidf_use,-0.00040663645169091155,0.0010115188717797355
tfidf_cities,-0.00040717978173864243,0.0011267247445318287
tfidf_change,-0.0004104569323276741,0.0011933904894592465
tfidf_area,-0.00041175557214884195,0.0007458362039268842
tfidf_surveillance,-0.0004119702006306292,0.0008491471093681318
tfidf_boosting,-0.00041218504661767464,0.0009414891785629208
tfidf_organisation of,-0.0004122960544861609,0.000956519724426466
tfidf_that,-0.00041275247702986516,0.002070449100035262
tfidf_internet,-0.00041285349664935687,0.0009716389178073628
tfidf_smart,-0.000415924700624859,0.0018885165853352237
tfidf_show,-0.00041776450314270355,0.000449801766885916
tfidf_opening,-0.0004178685587233,0.0005828528734031292
tfidf_handling,-0.0004178685587233,0.0005828528734031292
tfidf_aspects,-0.00041786855872331106,0.0014470851206975805
tfidf_spectrum,-0.0004181944125788317,0.0007304743649830986
tfidf_of such,-0.0004181944125788317,0.0007304743649830987
tfidf_methods for,-0.0004181944125788317,0.0007304743649830986
tfidf_cluster,-0.0004184163417892517,0.0007679025740397751
tfidf_at the,-0.0004185208322474487,0.0008533583421800198
tfidf_ес,-0.00041874206611752784,0.000885409750789361
tfidf_be used,-0.00042443909233026434,0.0001301275462376181
tfidf_demonstrated,-0.00042443909233026434,0.0001301275462376181
tfidf_adaptive,-0.00042443909233026434,0.0001301275462376181
tfidf_built,-0.00042443909233026434,0.0001301275462376181
tfidf_at,-0.0004543402325953072,0.001995817464603219
tfidf_000,-0.00045814306525578943,0.0013386168099024632
tfidf_allowed,-0.0004592080138294596,0.0016173863248461946
tfidf_services for,-0.00046421634536809587,0.001457456881569641
tfidf_so,-0.00046432678883172595,0.001466951899696907
tfidf_control,-0.00046477491213370303,0.0006442282236630713
tfidf_basis,-0.00046508746570101956,0.0009088447092489189
tfidf_up of,-0.00046530800713259215,0.0009388071569405104
tfidf_organisation,-0.0004654133195565513,0.0010098728922330491
tfidf_networks and,-0.0004654133195565513,0.0010098728922330491
tfidf_methodology,-0.0004659597148436556,0.001126520077042098
tfidf_fuel,-0.0004660865452262075,0.001040505537701468
tfidf_indicators,-0.00047044342509926506,0.0013553409292350808
tfidf_15,-0.0004708817682130939,0.0005537634573266154
tfidf_electrical,-0.0004708817682130939,0.0005537634573266154
tfidf_to achieve,-0.00047109683166217663,0.0006874254942050992
tfidf_report,-0.00047109683166217663,0.0006874254942050992
tfidf_tech,-0.00047120762206862563,0.0007074565311141672
tfidf_env,-0.0004713187608725966,0.0007270570089190965
tfidf_of their,-0.0004713187608725966,0.0007270570089190965
tfidf_challenges,-0.00047142325133079364,0.0008167906314188985
tfidf_social innovation,-0.00047142325133079364,0.0008167906314188986
tfidf_behavioural,-0.00047142325133079364,0.0008167906314188986
tfidf_scales,-0.00047142325133079364,0.0008167906314188986
tfidf_europa,-0.00047142325133079364,0.0008167906314188985
tfidf_more efficient,-0.0004715340417372427,0.000833719255252218
tfidf_fc,-0.0004775634406240292,0.00010624869658752978
tfidf_parts,-0.00047789755675557987,0.00030982353448931325
tfidf_plants,-0.0004780093967491794,0.0003527918677544128
tfidf_technological,-0.0005122146179309617,0.0009754118963134222
tfidf_chronic,-0.0005173399983215199,0.0014539458624343202
tfidf_distribution,-0.000517664595333689,0.0007529522567438601
tfidf_be supported,-0.0005179898847843644,0.0008717787596739671
tfidf_contributing to,-0.0005179904491892206,0.0008722083403363307
tfidf_institutional,-0.0005181006751908135,0.000887653507034595
tfidf_delivery of,-0.0005181008926528508,0.000887976815770186
tfidf_into account,-0.0005182052951762661,0.0009623164203655623
tfidf_description,-0.0005183234742461296,0.0009199251520076828
tfidf_actions should,-0.0005185362800714688,0.0010045620817826868
tfidf_storage,-0.0005185369725099753,0.0010047358321666237
tfidf_and health,-0.000518641592495428,0.0010712694084603987
tfidf_important,-0.0005222515592932187,0.0017076238591316655
tfidf_the number,-0.0005241100411519706,0.0006586704043381558
tfidf_towards,-0.0005241100411519706,0.0006586704043381558
tfidf_the application,-0.0005241100411519706,0.0006586704043381558
tfidf_african,-0.0005241100411519706,0.0006586704043381558
tfidf_fire,-0.0005241100411519706,0.0006586704043381559
tfidf_intended,-0.0005244364608205876,0.0007927201384681734
tfidf_achieve,-0.0005244364608205876,0.0007927201384681734
tfidf_animal welfare,-0.0005244364608205876,0.0007927201384681734
tfidf_therapies,-0.0005244364608205876,0.0007927201384681734
tfidf_scope this,-0.0005245472512270366,0.0008101446366097703
tfidf_proposals requesting,-0.0005246643430364406,0.0007574098607822427
tfidf_it is,-0.0005253177495993632,0.0009816014928351927
tfidf_victims,-0.0005701316269984158,0.001419334531144292
tfidf_evidence,-0.0005704556581974885,0.0014890842903050986
tfidf_or more,-0.0005705670144170339,0.0007038278813264979
tfidf_platforms,-0.0005705670144170339,0.0007038278813264979
tfidf_planning,-0.000571107714259611,0.0009243550561568449
tfidf_edf,-0.000571107714259611,0.0009243550561568449
tfidf_flight,-0.0005711350973850226,0.0006463728154110894
tfidf_2019,-0.0005712181577232411,0.000939242233572554
tfidf_promotion,-0.0005715440115787729,0.0010372807527730286
tfidf_the research,-0.0005715440115787729,0.0010372807527730286
tfidf_sustainable and,-0.000571544924334677,0.0010377277122670166
tfidf_online,-0.0005772343894457355,0.0006462293713440814
tfidf_team,-0.0005774496703103815,0.0007642268639164022
tfidf_much,-0.0005774496703103815,0.0007642268639164022
tfidf_creation of,-0.0005774496703103815,0.0007642268639164022
tfidf_buildings,-0.0005775608091143525,0.0007823913567425483
tfidf_novel,-0.0005779989348126291,0.0009140617773846631
tfidf_electronic,-0.0005840351145391387,0.00019901152761322633
tfidf_mental,-0.0005845929106578884,0.0004255955591767176
tfidf_structure,-0.0006129182210395046,0.0009736393381770272
tfidf_least,-0.0006141252926730289,0.0018991736346363848
tfidf_professionals,-0.0006168186034223421,0.0014201228979540174
tfidf_exchange,-0.0006176884712024488,0.0008490178127311455
tfidf_inclusive,-0.0006176884712024488,0.0008490178127311455
tfidf_and resilience,-0.0006229197341205417,0.001385634987931177
tfidf_consumption of,-0.0006235738360237831,0.0015162811686143646
tfidf_and consumption,-0.0006235738360237831,0.0015162811686143646
tfidf_is the,-0.0006236842794874131,0.00152539853700525
tfidf_and technological,-0.0006236842794874242,0.0007638541226697812
tfidf_scientific and,-0.0006236842794874242,0.0007638541226697812
tfidf_eic,-0.0006237950698938733,0.0007819080787419067
tfidf_biodiversity and,-0.0006239060777623595,0.0007999133532529571
tfidf_the information,-0.000624010133342956,0.0008815975923801735
tfidf_nano,-0.000624010133342956,0.0008815975923801734
tfidf_cybersecurity,-0.000624010133342956,0.0008815975923801735
tfidf_aim to,-0.0006243359871984877,0.0009853706392520254
tfidf_others,-0.0006243359871984877,0.0009853706392520254
tfidf_create,-0.0006243359871984877,0.0009853706392520254
tfidf_school,-0.0006244537313010556,0.0009433947658138823
tfidf_of existing,-0.0006302475989355294,0.0006063430602263059
tfidf_to maximise,-0.0006304628798001755,0.0007307936647024116
tfidf_that may,-0.0006304628798001755,0.0007307936647024116
tfidf_economies,-0.0006304628798001755,0.0007307936647024116
tfidf_systems to,-0.0006304628798001755,0.0007307936647024116
tfidf_via,-0.0006305740186041464,0.0007497607166914872
tfidf_usage,-0.0006305740186041464,0.0007497607166914872
tfidf_capture,-0.0006305740186041464,0.0007497607166914872
tfidf_fch,-0.0006305740186041464,0.0007497607166914872
tfidf_institutions,-0.0006364085240582295,0.0010667115124065759
tfidf_building,-0.0006376097869337016,0.001334909326349949
tfidf_network,-0.0006698488681982862,0.002619951484122882
tfidf_interventions,-0.0006708057362728393,0.000896618511241378
tfidf_communication,-0.0006715667600417308,0.001103436570875207
tfidf_widely,-0.0006758260217014755,0.001351652043402951
tfidf_and well,-0.0006769125524263009,0.0008333060830502638
tfidf_connecting,-0.0006769125524263009,0.0008333060830502638
tfidf_devices,-0.0006770233428327499,0.0008498790246657608
tfidf_growth,-0.0006770233428327499,0.0008498790246657608
tfidf_delivery,-0.0006770233428327499,0.0008498790246657608
tfidf_more,-0.0006770288208152286,0.0015346391920037583
tfidf_and national,-0.0006772384062818326,0.0009423935127872801
tfidf_potential to,-0.0006772384062818326,0.0009423935127872801
tfidf_and promotion,-0.0006772384062818326,0.0009423935127872801
tfidf_and society,-0.0006772384062818326,0.0009423935127872801
tfidf_applied,-0.0006772384062818326,0.0009423935127872801
tfidf_and non,-0.0006772384062818326,0.0009423935127872801
tfidf_demonstrator,-0.0006774596401519118,0.0009714530484732002
tfidf_driving,-0.0006778968502269778,0.001079849324713907
tfidf_oriented,-0.0006835872280939404,0.0007117058582878197
tfidf_quantum,-0.0006836983668979113,0.000731160155022613
tfidf_on climate,-0.000683914214988246,0.0008376963350785527
tfidf_structures,-0.000683927992571265,0.0006933027139699363
tfidf_size,-0.000684579655676687,0.000932443421143903
tfidf_be taken,-0.0007234870509236658,0.0008125062184016934
tfidf_level of,-0.0007235974943872958,0.0008293831441629393
tfidf_source,-0.0007235974943872958,0.0008293831441629393
tfidf_pilot,-0.0007238200759805635,0.001578783475082936
tfidf_identify,-0.0007239233482428276,0.0009389102618354496
tfidf_legislation,-0.0007293786741904729,0.001458757348380946
tfidf_and that,-0.0007294894645969219,0.0014682835913023577
tfidf_fuel cell,-0.0007299257619160837,0.001544195469106178
tfidf_web,-0.0007301408253651776,0.0008942362312596232
tfidf_well being,-0.0007301408253651776,0.0008942362312596232
tfidf_master,-0.0007301408253651776,0.0008942362312596232
tfidf_research area,-0.0007301408253651776,0.0008942362312596232
tfidf_easily,-0.0007301408253651776,0.0008942362312596232
tfidf_action is,-0.0007301408253651776,0.0008942362312596232
tfidf_evaluation of,-0.0007301408253651776,0.0008942362312596232
tfidf_event,-0.0007302516157716265,0.0016045419447294027
tfidf_services in,-0.0007303629719911609,0.0009252986960637371
tfidf_facilities,-0.0007303629719911609,0.0009252986960637371
tfidf_biological,-0.0007305780354402436,0.0010109232960540267
tfidf_staff,-0.0007307992693103227,0.0010380548164157265
tfidf_award,-0.0007367115763877053,0.000688001950803883
tfidf_approaches to,-0.0007755286714104303,0.0013243509896379818
tfidf_kic,-0.0007769296054447317,0.0009617239963030593
tfidf_centre,-0.0007772740711710524,0.0008903022416129397
tfidf_scope,-0.0007778217247097485,0.0010210790409292704
tfidf_2026,-0.000782061584091287,0.001370342767630594
tfidf_attractiveness,-0.0007831540348549714,0.0008564378680060678
tfidf_personalised,-0.0007832648252614205,0.0008725580835675011
tfidf_to deliver,-0.0007832648252614205,0.0008725580835675011
tfidf_any,-0.0007833761814809547,0.0008888090390985992
tfidf_environment and,-0.0007834804545235885,0.0009632628011231541
tfidf_enhance,-0.0007874277190692447,0.002080350839863596
tfidf_short,-0.0007902740503797467,0.0008109934885923042
tfidf_feasibility of,-0.0007968669737055678,0.0
tfidf_03,-0.0008293962916137599,0.0015325602227394789
tfidf_developed,-0.0008297284039147756,0.0008305141608531147
tfidf_environment,-0.0008302688862520946,0.0010236993199373894
tfidf_investment,-0.0008303793297157247,0.0016800772710662145
tfidf_wide,-0.0008361672443447654,0.0008134447771369153
tfidf_open,-0.0008361672443447654,0.0008134447771369153
tfidf_hardware,-0.0008362786005642997,0.0008308456669014555
tfidf_emergency,-0.0008366044544198314,0.0009401633725164192
tfidf_lead to,-0.0008432872598695407,0.0007649588959457182
tfidf_associated with,-0.0008432872598695407,0.0007649588959457182
tfidf_principal,-0.0008439489315380744,0.0009303136275580915
tfidf_chains,-0.0008766411452082124,0.0007853690138802685
tfidf_consortia,-0.0008826240001477803,0.0015610953147917187
tfidf_manufacturing,-0.000882859792474433,0.0015064051858257406
tfidf_prize,-0.0008836085154105055,0.0010795811674433596
tfidf_stage,-0.0008855865956257869,0.0027003383965671325
tfidf_core,-0.0008859054570733216,0.0014795564589188597
tfidf_contribution to,-0.0008884183026598546,0.001383052846793778
tfidf_are not,-0.0008895068735031763,0.0008823822144869003
tfidf_pj,-0.0008895068735031763,0.0008823822144869003
tfidf_and development,-0.0008895068735031763,0.0008823822144869003
tfidf_schools,-0.0008895068735031763,0.0008823822144869002
tfidf_proposal should,-0.0008898332931717934,0.0016503296563210722
tfidf_brain,-0.0008899440835782424,0.001000383172972432
tfidf_standardisation,-0.00089027141887007,0.0010936258098494477
tfidf_cost effective,-0.0008964116081633056,0.0007314476384910228
tfidf_the data,-0.0009347618738642538,0.0013858070409351049
tfidf_notably,-0.0009357418296230269,0.00157883358856063
tfidf_recovery,-0.0009357482175060717,0.0007998268816532086
tfidf_criminal,-0.0009359632809551544,0.0008974535823450698
tfidf_2008,-0.0009420828729179043,0.0014901072040773517
tfidf_publications,-0.0009425200829929703,0.0008339836602171352
tfidf_inclusion,-0.0009428531510073612,0.0008828306313957034
tfidf_military,-0.0009441659171386396,0.0012030231682935196
tfidf_consider,-0.0009824330300295058,0.0007806599171044814
tfidf_increase their,-0.0009883183948508401,0.0014776379571947767
tfidf_and increase,-0.0009883183948508401,0.0014776379571947767
tfidf_monitoring,-0.00098854553594806,0.0014630280489386772
tfidf_part,-0.000988754692170013,0.0008131429093291842
tfidf_changing,-0.000988754692170013,0.0008131429093291843
tfidf_promote,-0.000988865482576462,0.0008300768767263434
tfidf_they,-0.0009890805460255447,0.0009245023882934
tfidf_13,-0.0009890805460255447,0.0009245023882933999
tfidf_country,-0.0009893029101135653,0.0009548207854288283
tfidf_adaptation and,-0.0009958597121513812,0.0008950357928897431
tfidf_creation,-0.0009958597121513812,0.0008950357928897431
tfidf_trade,-0.0010351143446803324,0.0006579039712465112
tfidf_gender,-0.0010413297759615415,0.0014487858462169834
tfidf_atm,-0.0010413438951842103,0.00140700997432589
tfidf_in article,-0.0010415466677897167,0.001501839589117601
tfidf_us,-0.001041767901659807,0.0007533982169171319
tfidf_for more,-0.0010419829651088896,0.0008563078670577116
tfidf_opportunities and,-0.0010419829651088896,0.0008563078670577116
tfidf_content,-0.0010420943213284128,0.0015850864561137658
tfidf_of research,-0.001042205111734873,0.000888619071068362
tfidf_also,-0.0010426432374331495,0.0010062849526935652
tfidf_see,-0.0010430872703585448,0.001061208236681849
tfidf_procurement,-0.0010442881617022115,0.0018725547309316557
tfidf_start,-0.001049206687912907,0.0008893179149389027
tfidf_results,-0.001049206687912907,0.0008893179149389027
tfidf_cancer,-0.0010492144692974548,0.0008258133531817115
tfidf_change and,-0.0010497491730377285,0.00107362110114714
tfidf_the expected,-0.0010875813763450593,0.0018883449392256464
tfidf_2020,-0.0010882316097507116,0.00198863957184566
tfidf_aims,-0.0010893231463681929,0.001646482805364167
tfidf_higher education,-0.0010952112380477664,0.0008942362312596232
tfidf_zero,-0.0010952181038091035,0.0008305469303034438
tfidf_the specific,-0.0010953225942673007,0.0009100620098297416
tfidf_electric,-0.0010954333846737497,0.0009252110454466075
tfidf_small,-0.0010956619651469434,0.0008951940800782499
tfidf_schemes,-0.0010994764397905588,0.0021213026978087806
tfidf_exploit,-0.0011028735213314933,0.001039509256825985
tfidf_2013,-0.0011032082061057213,0.0010796396650962529
tfidf_sfs,-0.0011171774210148367,0.00019984865281893745
tfidf_waste,-0.0011346045610621026,0.00012983913304639798
tfidf_based on,-0.0011352695137218372,0.0019131475565397993
tfidf_science,-0.0011398369329183255,0.001142951737848118
tfidf_various,-0.0011411340288340678,0.0005827983675196407
tfidf_related to,-0.0011474622963628556,0.0014225788425349802
tfidf_career,-0.0011477887160314727,0.0014892555626006636
tfidf_transport,-0.0011478126679096423,0.001373626623092963
tfidf_access to,-0.0011483358037570946,0.0008504829986304194
tfidf_clean hydrogen,-0.0011485508672061772,0.0009428307287998363
tfidf_outcomes,-0.0011499934403484068,0.0011702011001223792
tfidf_consortium,-0.001187832141645717,0.0002702606829386874
tfidf_positive,-0.0011929447861529162,0.0017850128409767963
tfidf_software,-0.0011945771477599898,0.0007486713590943185
tfidf_screening,-0.0011949024372106653,0.0008678303542665896
tfidf_within,-0.0011949101728168988,0.0008034756123396933
tfidf_transition,-0.001200269829125178,0.0012792332942719031
tfidf_the local,-0.0012004716259322867,0.0013869615398443018
tfidf_deployment,-0.0012006946881814805,0.0014074456483498695
tfidf_degree,-0.0012011337323822424,0.0006683167867552633
tfidf_with an,-0.0012015640766959712,0.000882266767607788
tfidf_plan and,-0.0012015640766959712,0.000882266767607788
tfidf_type,-0.001209011079115052,0.0009442074006908588
tfidf_cover,-0.0012127637005815094,0.0015128120709560306
tfidf_support for,-0.0012379200493859988,0.0018588984430654438
tfidf_review,-0.0012476944128303803,0.0007630968580700838
tfidf_role of,-0.0012476944128303803,0.0007630968580700838
tfidf_do,-0.0012476944128303803,0.0007630968580700838
tfidf_this action,-0.0012479167769184007,0.0007994872533379593
tfidf_included in,-0.0012545772861857652,0.00081378050758183
tfidf_have the,-0.0012545772861857652,0.00081378050758183
tfidf_of excellence,-0.0012546886424052994,0.0008311183105652229
tfidf_ideas,-0.0012549037058543822,0.000925375790233369
tfidf_self,-0.0012549037058543822,0.000925375790233369
tfidf_promoting,-0.0012590763533874116,0.0024613942733885067
tfidf_associated countries,-0.001293735034335497,0.00016779662508169645
tfidf_international,-0.0013003817684646424,0.0005176578605078364
tfidf_requirements,-0.0013009226857692568,0.0007917150742135571
tfidf_costs,-0.0013066071264535516,0.0013096304711448432
tfidf_teaching,-0.001307916915344176,0.0008570350101225229
tfidf_2023,-0.0013081397601778066,0.0008894527146085118
tfidf_in research,-0.001346741638436999,0.00010623453014078078
tfidf_trial optional,-0.0013477465131365607,0.0022663014770206067
tfidf_scope the,-0.0013533970180729215,0.0013724035532387822
tfidf_enable,-0.0013542623149276679,0.0008331500224680945
tfidf_best,-0.0013600584616416222,0.0013455579195483234
tfidf_jrc,-0.001360279679688925,0.0014017942952550633
tfidf_methodologies,-0.001361367683306558,0.0009104989749640764
tfidf_proposals will,-0.0013617031526723445,0.0009566663128649034
tfidf_prevention,-0.0014070533777914783,0.0007110376121477756
tfidf_and on,-0.0014071647340110128,0.000730793718639671
tfidf_synergies,-0.0014125319661594804,0.0010988305737832916
tfidf_target,-0.0014142773179613654,0.0007473294704772443
tfidf_point,-0.001453087176446266,0.00021266335121306466
tfidf_biomass,-0.0014531978374151544,0.0002708248801742517
tfidf_security and,-0.0014601779435008066,0.0006293682730033997
tfidf_covering,-0.0014602816507303551,0.0007301408253651776
tfidf_and cultural,-0.0014602816507303551,0.0007301408253651775
tfidf_an important,-0.0014602816507303551,0.0007301408253651776
tfidf_network of,-0.0014603930069498894,0.0007493855773771185
tfidf_risks,-0.0014610532792741493,0.0009167183085723556
tfidf_engineering,-0.0014610688020115226,0.0007898706006375386
tfidf_food systems,-0.0014668494259881038,0.001398399678202992
tfidf_should,-0.001468270353682699,0.001001186536686552
tfidf_share,-0.0014690455712772943,0.001145596919097409
tfidf_species,-0.0014695009399421032,0.0011476354320783563
tfidf_of an,-0.0015045814917453715,0.0015991883223202383
tfidf_shall be,-0.0015132948602201491,0.0006241144063855896
tfidf_collection,-0.0015132948602201491,0.0006241144063855896
tfidf_data collection,-0.0015132948602201491,0.0006241144063855896
tfidf_provision of,-0.001513621279888766,0.000763826897849483
tfidf_balance,-0.001513621279888766,0.000763826897849483
tfidf_landscape,-0.001513621279888766,0.000763826897849483
tfidf_limited to,-0.001513621279888766,0.000763826897849483
tfidf_risks and,-0.001513621279888766,0.000763826897849483
tfidf_horizon,-0.0015216105500667986,0.0010259642901709876
tfidf_community,-0.0015503065399646299,0.001294660930660304
tfidf_migration,-0.0015592106987185606,0.0
tfidf_products in,-0.0015592106987185606,0.0
tfidf_responsible,-0.0015595440706750673,0.00029154402092275043
tfidf_on,-0.0015661024836764238,0.0013082712898460972
tfidf_taken,-0.00156663448937856,0.000658930411653684
tfidf_awareness of,-0.001566960909047177,0.0007925069102627893
tfidf_covers,-0.001566960909047177,0.0007925069102627893
tfidf_local communities,-0.0015670726150768366,0.0008103673907423914
tfidf_supply,-0.0015675098251519027,0.0009371611127040778
tfidf_partners,-0.001568514134380905,0.0010655463522223473
tfidf_regional,-0.0015855475244124784,0.0019143837146525092
tfidf_scientific,-0.0016112429073695256,0.0021444823993102997
tfidf_the global,-0.0016124389716574371,0.00010645654587775332
tfidf_climate action,-0.0016124389716574371,0.00010645654587775332
tfidf_climate neutral,-0.0016124389716574371,0.00010645654587775332
tfidf_awareness and,-0.0016196500930605428,0.00142313050669783
tfidf_nutritional,-0.001619758837672325,0.0005542455434680205
tfidf_actions,-0.001619974118536971,0.0006878732081340543
tfidf_and social,-0.001619974118536971,0.0006878732081340543
tfidf_perspective,-0.001620300538205588,0.0008167084202288278
tfidf_along,-0.0016204122442352476,0.0008340436631979365
tfidf_establish,-0.0016204122442352476,0.0008340436631979365
tfidf_rural areas,-0.0016206360075713745,0.0008677793304471676
tfidf_по,-0.0016279791343876693,0.0008491247169223778
tfidf_of,-0.0016439616317089566,0.002883936665525142
tfidf_2016 2017,-0.0016525650140633453,0.00020069107110229378
tfidf_same,-0.001665667244596314,0.0001303821085898418
tfidf_value chains,-0.001665667244596314,0.0001303821085898418
tfidf_gas,-0.0016665587983576758,0.0004947509703961501
tfidf_facing,-0.0016729946746298797,0.0004500767959216161
tfidf_analysis,-0.0016729946746298797,0.0004500767959216161
tfidf_sector,-0.0016730984668307358,0.0005835247376471377
tfidf_food products,-0.0016734254537250416,0.0007314806396038978
tfidf_example,-0.0016734254537250416,0.0007314806396038978
tfidf_on the,-0.001675295969709334,0.0011587561804303856
tfidf_products,-0.0017108370884207692,0.0015699103748884166
tfidf_selected,-0.0017190068737547247,0.00021310799241505395
tfidf_mobility,-0.001719345680955653,0.0013297081184592688
tfidf_multi,-0.0017266533768537928,0.0007307936647024116
tfidf_recommendations,-0.001727203208581729,0.000886012141130582
tfidf_to,-0.001761905432384392,0.0016933696272103218
tfidf_monitor,-0.0017721237904740673,0.00010645654587775333
tfidf_scheme,-0.0017722351466936015,0.0001993405722690942
tfidf_to enable,-0.0017723465029131358,0.00026103698309722795
tfidf_primary,-0.0017725692168112817,0.0003534807405044338
tfidf_range,-0.001779785638976361,0.0005298369064515839
tfidf_one,-0.0018176152898338404,0.0024755269051045118
tfidf_platform,-0.0018235086420338553,0.0015354300842904188
tfidf_outcome the,-0.0018253520634129439,0.0
tfidf_and awareness,-0.0018253520634129439,0.0
tfidf_evaluate the,-0.0018253520634129439,0.0
tfidf_the analysis,-0.0018253520634129439,0.0
tfidf_performances,-0.0018253520634129439,0.0
tfidf_to establish,-0.0018253520634129439,0.0
tfidf_mandatory,-0.0018253520634129439,0.0
tfidf_market share,-0.0018253520634129439,0.0
tfidf_ultimate,-0.0018253520634129439,0.0
tfidf_co,-0.0018254634196324781,0.0001684987032408681
tfidf_profile,-0.0018255747758520124,0.00023829309932789288
tfidf_rapid,-0.0018321384436976395,0.0018229216687773119
tfidf_leading,-0.001833349031470899,0.0005952189037952564
tfidf_assistance,-0.0018337798105660607,0.0008286387588774711
tfidf_security,-0.0018704099923117945,0.0008150628313054756
tfidf_shall,-0.001873785959389307,0.002780775775105168
tfidf_water and,-0.001878691692571355,0.0001066792583168219
tfidf_projects funded,-0.001878691692571355,0.0001066792583168219
tfidf_reduction in,-0.001878691692571355,0.0001066792583168219
tfidf_neutral,-0.001878691692571355,0.0001066792583168219
tfidf_the most,-0.001878691692571355,0.0001066792583168219
tfidf_also in,-0.001878691692571355,0.0001066792583168219
tfidf_agro,-0.001878691692571355,0.0001066792583168219
tfidf_maintaining,-0.001878691692571355,0.0001066792583168219
tfidf_emissions and,-0.001878691692571355,0.0001066792583168219
tfidf_the competitiveness,-0.001878691692571355,0.0001066792583168219
tfidf_to avoid,-0.001878691692571355,0.0001066792583168219
tfidf_mapping,-0.001878691692571355,0.0001066792583168219
tfidf_role,-0.001878691692571355,0.0001066792583168219
tfidf_of resources,-0.001878691692571355,0.0001066792583168219
tfidf_method,-0.001878691692571355,0.0001066792583168219
tfidf_pest,-0.001878691692571355,0.0001066792583168219
tfidf_new,-0.0018854880324795209,0.0012134595663523555
tfidf_and environmental,-0.0018869041588598257,0.0007288739161133664
tfidf_project,-0.0018962478610170751,0.0011088223962266656
tfidf_engagement,-0.0019126710551351732,0.002862599296433311
tfidf_improved,-0.0019239998942258362,0.000632782862377805
tfidf_feed,-0.0019320313217297657,0.00013065487450738614
tfidf_for climate,-0.0019320313217297657,0.00013065487450738614
tfidf_horizon cl6,-0.0019320313217297657,0.00013065487450738614
tfidf_systems for,-0.0019320313217297657,0.00013065487450738614
tfidf_the same,-0.0019320313217297657,0.00013065487450738614
tfidf_the environmental,-0.0019320313217297657,0.00013065487450738614
tfidf_should consider,-0.0019320313217297657,0.00013065487450738614
tfidf_solar,-0.0019320313217297657,0.00013065487450738614
tfidf_cl6,-0.0019320313217297657,0.00013065487450738614
tfidf_and market,-0.0019320313217297657,0.00013065487450738614
tfidf_avoid,-0.0019320313217297657,0.00013065487450738614
tfidf_plastics,-0.0019320313217297657,0.00013065487450738614
tfidf_reduction of,-0.0019320313217297657,0.00013065487450738614
tfidf_taken into,-0.0019320313217297657,0.00013065487450738614
tfidf_countries and,-0.0019320313217297657,0.00013065487450738614
tfidf_in sustainable,-0.0019321430277594253,0.000213581928692963
tfidf_относно,-0.0019499147704345131,0.0017873580123223746
tfidf_climate change,-0.0019594965742030235,0.0008466246929734586
tfidf_resources,-0.0019848303833936874,0.001185815918168317
tfidf_adaptation,-0.0019853709508881765,0.00013065487450738614
tfidf_economic and,-0.0019853709508881765,0.00013065487450738614
tfidf_gas emissions,-0.0019853709508881765,0.00013065487450738614
tfidf_the related,-0.0019853709508881765,0.00013065487450738614
tfidf_competitiveness,-0.0019854826569178363,0.00021355402957521624
tfidf_robustness,-0.0019854826569178363,0.00021355402957521624
tfidf_china,-0.0019854826569178363,0.00021355402957521624
tfidf_assess,-0.001985929132693032,0.00039945745004821997
tfidf_terms of,-0.0019934796249757914,0.0006303409779637677
tfidf_risk assessment,-0.001994684703163052,0.001018733372790308
tfidf_greenhouse gas,-0.0020388222860762474,0.00019975779022081994
tfidf_environmental and,-0.0020388222860762474,0.00019975779022081996
tfidf_robust,-0.0020388222860762474,0.00019975779022082
tfidf_greenhouse,-0.0020388222860762474,0.00019975779022081994
tfidf_reduction,-0.0020388222860762474,0.00019975779022081994
tfidf_include,-0.0020391574056319085,0.00035422066570989615
tfidf_in terms,-0.002047043017470329,0.0006693248798645854
tfidf_2024,-0.0020558331443997547,0.0009435337534778571
tfidf_individual,-0.002056160345703362,0.0016872619633418664
tfidf_and business,-0.0020921619152346584,0.00016885139585589543
tfidf_heritage,-0.0020921619152346584,0.0001688513958558954
tfidf_resources and,-0.0020922736212643177,0.0002387918817893407
tfidf_sciences,-0.0020928318030691727,0.00044653978403272316
tfidf_data protection,-0.00209961718275935,0.001330373626674399
tfidf_terms,-0.0021007188200225626,0.000722352247958664
tfidf_and to,-0.00224234768055509,0.0013653894602983121
tfidf_economic,-0.00225240421476921,0.00013092849728124436
tfidf_bioeconomy,-0.0022526279781053373,0.000272528112985729
tfidf_sharing,-0.0023470609807139885,0.0020597740687422496
tfidf_2022,-0.0024551663250345747,0.001156294658442138
tfidf_practices,-0.0024556053692353476,0.0012488705032287037
tfidf_market,-0.0025635851665654517,0.0014914454220463932
tfidf_in,-0.0025831897520879775,0.003647370511970477
tfidf_environmental,-0.00261660663828156,0.0013618689434793357
tfidf_broad,-0.002627020759445209,0.0012730448077425726
text_length,-0.0026431763758442916,0.001541514995450457
tfidf_and the,-0.0027576499939216516,0.0005025431680662554
tfidf_models,-0.0027922777711474334,0.00026065162058841544
tfidf_provision,-0.002811495922508722,0.000922895915626691
tfidf_under the,-0.0028961985944277236,0.0013091147872081332
tfidf_h2020,-0.0029494162059670813,0.0012992237017697965
tfidf_peer,-0.003025718257428123,0.0009995323180041473
tfidf_the,-0.003052575880683683,0.0031984395307306434
tfidf_agri food,-0.0031951553214201955,0.00129013172929912
kw_forest,-0.003196789209138551,0.00094060734548749
tfidf_cultural,-0.003324608367893078,0.0016964717694591999
tfidf_forestry,-0.00349691844937704,0.0007100797602661982
tfidf_food and,-0.003508746294152598,0.0010302404333988864
tfidf_study,-0.0037083497553050183,0.002323254521218834
tfidf_rural,-0.0037543347804438907,0.00021488281898305318
tfidf_plant,-0.0039809696999898005,0.0005093545375267712
tfidf_education,-0.004076697675032747,0.002575016725877613
tfidf_programmes,-0.00434272712681869,0.0022886266478162097
tfidf_under,-0.004372839603842815,0.002591137382144886
tfidf_clinical,-0.004499132966970232,0.00417647327482851
tfidf_natural,-0.0045479864252303106,0.0019312144921495536
tfidf_agri,-0.004870556687032046,0.0017497674157653442
publish_month,-0.005051192461881682,0.011947336431016942
tfidf_production,-0.005088514959490665,0.00046875343568037825
tfidf_water,-0.005425902640713409,0.001042900266711905
tfidf_soil,-0.005555914846760057,0.003380010801576306
subtheme_food_security,-0.0057492439150995,0.0005204856508478125
subtheme_crop_production,-0.00680064275778387,0.0027717632652154733
tfidf_communities,-0.007149943000617043,0.0008807602952175985
subtheme_livestock,-0.007187255235948898,0.0007659530334780505
sector_standard_research_innovation,-0.00796442651545537,0.003817957515213091
tfidf_за,-0.00798659123936074,0.002317642932594459
tfidf_climate,-0.0080202920482652,0.00043326174524595544
is_agriculture_by_sector,-0.008388013298669861,0.0006709204561857811
subtheme_other,-0.013943723022094134,0.0023079144888061708
kw_aqua,-0.014633411111798578,0.004068272724259714
sector_standard_food_security,-0.015086742844305579,0.0017689120907548905
tfidf_food,-0.019018705896559362,0.0012651582003222947
tfidf_and,-0.022047813756670087,0.004748036766214929
is_agriculture_by_text,-0.02427415546353806,0.0023640503533578524
sector_standard_agriculture,-0.07346465745510652,0.003376272980509591
