feature,coefficient,abs_coefficient
tfidf_infrastructure,-2.0205085739354827,2.0205085739354827
tfidf_mission,1.8626646772944508,1.8626646772944508
tfidf_2025,1.8374818983797454,1.8374818983797454
tfidf_network,-1.779297333571403,1.779297333571403
tfidf_engineering,-1.7518894379346657,1.7518894379346657
tfidf_pilot,-1.4570594987013086,1.4570594987013086
tfidf_functional,1.400643542518528,1.400643542518528
tfidf_improving,-1.3765687298470115,1.3765687298470115
tfidf_advance,-1.3654489629883275,1.3654489629883275
tfidf_for food,1.3559519741590464,1.3559519741590464
tfidf_mental,-1.3189581741729708,1.3189581741729708
tfidf_knowledge,1.3131449470737813,1.3131449470737813
tfidf_support for,1.309516880879857,1.309516880879857
tfidf_competition,1.2706133393779921,1.2706133393779921
tfidf_adoption,1.256702425101506,1.256702425101506
tfidf_engine,-1.2439365424646707,1.2439365424646707
tfidf_coal,-1.2435418707204442,1.2435418707204442
tfidf_transition,-1.237923091239785,1.237923091239785
tfidf_opportunities,-1.2303063489555528,1.2303063489555528
tfidf_in situ,1.2265955430001199,1.2265955430001199
tfidf_study,1.212284525495734,1.212284525495734
tfidf_language,-1.210980823517494,1.210980823517494
tfidf_cover,1.2053220470372112,1.2053220470372112
tfidf_situ,1.1995915559373203,1.1995915559373203
tfidf_vessel,1.1992924024885612,1.1992924024885612
tfidf_governance,1.1926618361047345,1.1926618361047345
tfidf_facilitating,1.1830327531774818,1.1830327531774818
tfidf_women,-1.1742035651384861,1.1742035651384861
tfidf_bioeconomy,-1.1667605955898215,1.1667605955898215
tfidf_economy,-1.1627631150447544,1.1627631150447544
tfidf_research infrastructures,1.1452894709974375,1.1452894709974375
tfidf_renewable,-1.1363900498178867,1.1363900498178867
tfidf_expert,1.135386328659887,1.135386328659887
tfidf_relevant,-1.1299170841000696,1.1299170841000696
tfidf_limited,1.1236143266079477,1.1236143266079477
tfidf_facilities,1.1222531370805706,1.1222531370805706
tfidf_pollution,1.1188993514161003,1.1188993514161003
tfidf_is,1.1177212645677401,1.1177212645677401
tfidf_product,1.1110802296753142,1.1110802296753142
tfidf_us,1.109249813375679,1.109249813375679
tfidf_kic,1.1053911988039269,1.1053911988039269
tfidf_agri food,-1.1042992765017408,1.1042992765017408
tfidf_defence,-1.100740274460262,1.100740274460262
tfidf_storage,1.099423543180381,1.099423543180381
tfidf_system,-1.0990608193108256,1.0990608193108256
tfidf_people,-1.0981484285124625,1.0981484285124625
tfidf_biomass,-1.0980351306178435,1.0980351306178435
tfidf_virtual,-1.0882042854405785,1.0882042854405785
tfidf_communities,-1.0866642419119095,1.0866642419119095
tfidf_culture,1.0843425698062275,1.0843425698062275
tfidf_african,1.0828069208822082,1.0828069208822082
tfidf_an,-1.0809979150690174,1.0809979150690174
tfidf_farming,1.0797636511798083,1.0797636511798083
tfidf_workers,-1.0714321627563734,1.0714321627563734
tfidf_scale,-1.0664210870525788,1.0664210870525788
tfidf_degree,1.0380848549398152,1.0380848549398152
tfidf_training,1.0374911297484015,1.0374911297484015
tfidf_agri,-1.0319620095456354,1.0319620095456354
tfidf_or,1.0207181749603873,1.0207181749603873
tfidf_guidance,-1.0187647633130452,1.0187647633130452
tfidf_renewable energy,-1.011650792528333,1.011650792528333
tfidf_the national,1.0094821265751222,1.0094821265751222
tfidf_could,-1.006231064266419,1.006231064266419
tfidf_in the,1.0006993117246783,1.0006993117246783
tfidf_building,-0.9973396078479649,0.9973396078479649
tfidf_financial,0.9970848964143858,0.9970848964143858
tfidf_school,0.9967947376772693,0.9967947376772693
tfidf_demonstrator,0.9908011948542764,0.9908011948542764
tfidf_clean,-0.98615255798738,0.98615255798738
tfidf_victims,0.9847740024328823,0.9847740024328823
tfidf_growing,0.9690026168365751,0.9690026168365751
tfidf_institutional,0.9657495188511281,0.9657495188511281
tfidf_20,0.9642234735604174,0.9642234735604174
tfidf_technologies,-0.9592962179264583,0.9592962179264583
tfidf_exchanges,-0.9567254103633999,0.9567254103633999
tfidf_eit,0.9528507758047019,0.9528507758047019
tfidf_under the,-0.949628456629769,0.949628456629769
tfidf_ii,-0.9476759338617916,0.9476759338617916
tfidf_test,-0.9441472564755774,0.9441472564755774
tfidf_cluster,0.9325456851984758,0.9325456851984758
tfidf_services,-0.9298206688489709,0.9298206688489709
tfidf_material,0.9235381392901131,0.9235381392901131
tfidf_cloud,-0.9210134008245965,0.9210134008245965
tfidf_the union,0.9205216206256293,0.9205216206256293
tfidf_deep,0.9202825398391253,0.9202825398391253
tfidf_migrants,0.9197210030023726,0.9197210030023726
tfidf_technologies and,-0.9183476022477086,0.9183476022477086
tfidf_policies,0.9178918178469292,0.9178918178469292
tfidf_nano,0.9159187612250984,0.9159187612250984
tfidf_digitalisation,0.9125953969677919,0.9125953969677919
tfidf_training activities,-0.9092890179675782,0.9092890179675782
tfidf_quantum,0.9090063643287248,0.9090063643287248
tfidf_efficient,0.9067677084343194,0.9067677084343194
tfidf_risk assessment,-0.9050209272859947,0.9050209272859947
tfidf_core,0.9026812349160542,0.9026812349160542
tfidf_forward,0.902056434339847,0.902056434339847
tfidf_finance,-0.901918183025704,0.901918183025704
tfidf_food and,-0.9008255956487305,0.9008255956487305
tfidf_high,-0.8913311140753365,0.8913311140753365
tfidf_from the,0.890608326422107,0.890608326422107
tfidf_collaboration,0.881031063535532,0.881031063535532
tfidf_spectrum,0.8760592831021102,0.8760592831021102
tfidf_sustainable,0.8707008623936844,0.8707008623936844
tfidf_self,0.8667391777985911,0.8667391777985911
tfidf_autonomous,0.865720474650287,0.865720474650287
tfidf_developing,-0.8649473963274399,0.8649473963274399
tfidf_centre,0.8610006421199394,0.8610006421199394
tfidf_of excellence,0.8608381650580698,0.8608381650580698
tfidf_among,-0.8604865557918785,0.8604865557918785
tfidf_under,-0.8565353033170493,0.8565353033170493
tfidf_cultural,-0.8557694809728962,0.8557694809728962
tfidf_increased,0.8504418366879024,0.8504418366879024
tfidf_the mission,0.8503246568046515,0.8503246568046515
tfidf_awareness and,0.8494192877047865,0.8494192877047865
tfidf_sme,0.8491332179178868,0.8491332179178868
tfidf_screening,-0.8463222330743236,0.8463222330743236
tfidf_events,0.8454093387784403,0.8454093387784403
tfidf_patient,0.8450725998092687,0.8450725998092687
tfidf_interventions,-0.8444210768153368,0.8444210768153368
tfidf_maritime,-0.8432122558800631,0.8432122558800631
tfidf_passenger,0.8422271380229794,0.8422271380229794
tfidf_chain,0.8409369365406836,0.8409369365406836
tfidf_is to,0.8406539348043992,0.8406539348043992
tfidf_have,-0.8365415160252412,0.8365415160252412
tfidf_institutions,0.8312563075633669,0.8312563075633669
tfidf_national,0.8297964009766267,0.8297964009766267
tfidf_to design,-0.8270649878553202,0.8270649878553202
tfidf_strengthening,-0.8266490368313019,0.8266490368313019
tfidf_16,-0.8256859718630389,0.8256859718630389
tfidf_programmes,-0.8209110178240389,0.8209110178240389
tfidf_driving,0.8193036757062797,0.8193036757062797
tfidf_standard,0.8190950487112101,0.8190950487112101
tfidf_data protection,0.8187809419263796,0.8187809419263796
tfidf_soil,-0.8163612337136192,0.8163612337136192
tfidf_of eu,-0.8162586417131358,0.8162586417131358
tfidf_simulation,-0.8136957437102311,0.8136957437102311
tfidf_management,0.8124023139985437,0.8124023139985437
tfidf_smart,0.8122434139359335,0.8122434139359335
tfidf_and monitoring,0.8096220808317607,0.8096220808317607
tfidf_heritage,-0.8085802215843876,0.8085802215843876
tfidf_integrated,-0.8069670874525621,0.8069670874525621
tfidf_welfare,0.8022118299913104,0.8022118299913104
tfidf_tourism,-0.8014263739375949,0.8014263739375949
tfidf_features,-0.7990889367639729,0.7990889367639729
tfidf_associated,0.7975810335706015,0.7975810335706015
tfidf_promoting,-0.7968620649265373,0.7968620649265373
tfidf_forestry,-0.794572435973612,0.794572435973612
tfidf_facility,-0.7939745236163662,0.7939745236163662
tfidf_earth,-0.7921290663665366,0.7921290663665366
tfidf_help,0.791335306375251,0.791335306375251
tfidf_level,-0.7908653929580408,0.7908653929580408
tfidf_hardware,0.7900506383401461,0.7900506383401461
tfidf_impact the,-0.7896010841531869,0.7896010841531869
tfidf_and food,0.7876648014008436,0.7876648014008436
tfidf_individuals,-0.7855384966252751,0.7855384966252751
tfidf_activities on,-0.7840551567087275,0.7840551567087275
tfidf_which,0.7821747365872739,0.7821747365872739
tfidf_advisory,0.7791592469381604,0.7791592469381604
tfidf_modelling,0.7779225653451265,0.7779225653451265
tfidf_biodiversity and,0.7746833983588417,0.7746833983588417
tfidf_efficiency,-0.7738957323073954,0.7738957323073954
tfidf_ocean,0.7725728254672498,0.7725728254672498
tfidf_agreed,0.7721451222592685,0.7721451222592685
tfidf_structural,0.7684910331782548,0.7684910331782548
tfidf_liquid,0.7652654709505693,0.7652654709505693
tfidf_approaches for,0.7650073556997588,0.7650073556997588
tfidf_opportunity,-0.7635497379564482,0.7635497379564482
tfidf_country,-0.7634842252020015,0.7634842252020015
tfidf_potential of,-0.7612545392641964,0.7612545392641964
tfidf_from,0.7599630564856117,0.7599630564856117
tfidf_and biodiversity,-0.7598796203620645,0.7598796203620645
tfidf_specialisation,0.757469756595203,0.757469756595203
tfidf_micro,-0.7572793385051116,0.7572793385051116
tfidf_schools,0.7571215825664513,0.7571215825664513
tfidf_public,0.7523266696947533,0.7523266696947533
tfidf_framework for,-0.7502998105995812,0.7502998105995812
tfidf_event,0.749763970732965,0.749763970732965
tfidf_climate,-0.7484175859091989,0.7484175859091989
tfidf_investment,0.7480388270473903,0.7480388270473903
tfidf_based,0.7473035460869376,0.7473035460869376
tfidf_civil protection,-0.7452771953478483,0.7452771953478483
tfidf_resources,-0.7444503271511089,0.7444503271511089
tfidf_strategies,0.7427872670136859,0.7427872670136859
tfidf_to increase,0.7419808658548243,0.7419808658548243
tfidf_bio,0.7405137163567302,0.7405137163567302
tfidf_procurement,-0.738740507702049,0.738740507702049
tfidf_smes,-0.7386401550065115,0.7386401550065115
tfidf_topic,0.7366058507049436,0.7366058507049436
tfidf_professionals,0.7365686699744809,0.7365686699744809
tfidf_military,0.7360736891730101,0.7360736891730101
tfidf_de,0.7359877115755918,0.7359877115755918
tfidf_robotics,-0.7330429657114068,0.7330429657114068
tfidf_community,0.7328325750113693,0.7328325750113693
tfidf_roma,0.7320464320622351,0.7320464320622351
tfidf_infrastructures,0.7291711227752103,0.7291711227752103
tfidf_action should,-0.7282726904389524,0.7282726904389524
tfidf_electrical,0.7278378402918456,0.7278378402918456
tfidf_ria,0.7277479386207714,0.7277479386207714
tfidf_2018,-0.7270956321702121,0.7270956321702121
tfidf_already,-0.725917222168256,0.725917222168256
tfidf_breeding,0.7235423355707904,0.7235423355707904
tfidf_sensing,0.722217958343336,0.722217958343336
tfidf_sustainable energy,0.7214850384799497,0.7214850384799497
tfidf_balanced,0.7205974693027996,0.7205974693027996
tfidf_the financial,0.7198479297255586,0.7198479297255586
tfidf_gas,-0.7165234013717849,0.7165234013717849
tfidf_models,-0.7152650773922538,0.7152650773922538
tfidf_pj,0.7147066769342248,0.7147066769342248
tfidf_council,0.7142827872211978,0.7142827872211978
tfidf_anti,0.7139709629863711,0.7139709629863711
tfidf_share,-0.712752358128731,0.712752358128731
tfidf_youth,-0.7116821845438499,0.7116821845438499
tfidf_csa,-0.7116186489354291,0.7116186489354291
tfidf_methodology,0.7111009021908998,0.7111009021908998
tfidf_19,0.709494439672532,0.709494439672532
tfidf_manufacturing,0.7073868198406678,0.7073868198406678
tfidf_2017,-0.7061617285737325,0.7061617285737325
tfidf_vessels,0.7049790056215648,0.7049790056215648
tfidf_recovery,0.7030393210913941,0.7030393210913941
tfidf_natural,-0.7023530703895422,0.7023530703895422
tfidf_cultural heritage,-0.70203569751511,0.70203569751511
tfidf_vision,0.701655232414272,0.701655232414272
tfidf_the consortium,-0.700543925538341,0.700543925538341
tfidf_evaluation,0.7000429810865759,0.7000429810865759
tfidf_flight,0.6997153114152042,0.6997153114152042
tfidf_sciences,-0.6994588325295701,0.6994588325295701
tfidf_preservation,-0.6993953883337983,0.6993953883337983
tfidf_data and,0.699118099836463,0.699118099836463
tfidf_and economic,0.6971340432562196,0.6971340432562196
tfidf_prevention and,-0.6950305817770592,0.6950305817770592
tfidf_the action,-0.6937201599588663,0.6937201599588663
tfidf_small,-0.6919831461292649,0.6919831461292649
tfidf_transport,0.6913744877026499,0.6913744877026499
tfidf_and low,0.6908109211859058,0.6908109211859058
tfidf_control,-0.6904854410465383,0.6904854410465383
tfidf_district,0.6897249163796798,0.6897249163796798
tfidf_the international,0.6896640379629937,0.6896640379629937
tfidf_food systems,-0.6893025694309101,0.6893025694309101
tfidf_smart specialisation,0.6872379578401252,0.6872379578401252
tfidf_digital technologies,0.6847940247369575,0.6847940247369575
tfidf_clinical trials,0.6838116076288918,0.6838116076288918
tfidf_administrative,0.6832651989060287,0.6832651989060287
tfidf_speech,0.6830209983309268,0.6830209983309268
tfidf_food,-0.6820539495196429,0.6820539495196429
tfidf_electrolyser,-0.6806291558718003,0.6806291558718003
tfidf_call,-0.6802873388312616,0.6802873388312616
tfidf_on climate,0.679711712728514,0.679711712728514
tfidf_two,0.6781518008501908,0.6781518008501908
tfidf_2015,-0.676659583841856,0.676659583841856
tfidf_day,0.676232861720848,0.676232861720848
tfidf_jrc,0.6744730328386879,0.6744730328386879
tfidf_energy efficiency,-0.6738875482211494,0.6738875482211494
tfidf_fuel cell,-0.6731744552592612,0.6731744552592612
tfidf_private,-0.6714361081552588,0.6714361081552588
tfidf_early,-0.6682246520159641,0.6682246520159641
tfidf_further development,0.6681789400236304,0.6681789400236304
tfidf_capture,0.6681576069890515,0.6681576069890515
tfidf_h2020,0.6676685030576596,0.6676685030576596
tfidf_specific,-0.6671971177938733,0.6671971177938733
tfidf_flexible,-0.6671237115971024,0.6671237115971024
tfidf_fellowships,-0.6670791230974844,0.6670791230974844
tfidf_approach,-0.6670089104698969,0.6670089104698969
tfidf_software,0.6661235402726786,0.6661235402726786
tfidf_species,-0.6659178485697538,0.6659178485697538
tfidf_the system,-0.6655694327498043,0.6655694327498043
tfidf_function,-0.6632844847088132,0.6632844847088132
tfidf_position,0.6626140257529702,0.6626140257529702
tfidf_investigators,-0.6619754380528969,0.6619754380528969
tfidf_start,0.6618364055685539,0.6618364055685539
tfidf_chronic,0.6616140403620092,0.6616140403620092
tfidf_education and,-0.6610469992281162,0.6610469992281162
tfidf_platform,0.6599445181286342,0.6599445181286342
tfidf_of non,-0.6561237672379076,0.6561237672379076
tfidf_connected,0.6553912470532451,0.6553912470532451
tfidf_the eu,0.6550867928970191,0.6550867928970191
tfidf_challenge,0.6537092313453998,0.6537092313453998
tfidf_processing,-0.6529926416925849,0.6529926416925849
tfidf_and,-0.6515001719635929,0.6515001719635929
tfidf_target,0.650746308233185,0.650746308233185
tfidf_preparatory,0.6479677598450254,0.6479677598450254
tfidf_basic,-0.6473194787928073,0.6473194787928073
tfidf_services in,0.6468213781163736,0.6468213781163736
tfidf_access,-0.6466322595666454,0.6466322595666454
tfidf_site,0.6462299871173793,0.6462299871173793
tfidf_framework of,0.6430867513584546,0.6430867513584546
tfidf_countries,0.642586125450252,0.642586125450252
tfidf_stage,0.6402464983017514,0.6402464983017514
tfidf_the context,0.6401445096516156,0.6401445096516156
tfidf_and digital,-0.6398657149105563,0.6398657149105563
tfidf_judicial,-0.6397494981868155,0.6397494981868155
tfidf_regional,-0.6395122856039204,0.6395122856039204
tfidf_trial optional,0.6394858483290701,0.6394858483290701
tfidf_agriculture,0.6392642233945953,0.6392642233945953
tfidf_partners,-0.6389369452409954,0.6389369452409954
tfidf_plant,-0.6389203609773625,0.6389203609773625
tfidf_within the,0.6376857851032777,0.6376857851032777
tfidf_sites,-0.6372564007844158,0.6372564007844158
tfidf_will,-0.6361908102745583,0.6361908102745583
tfidf_structure,0.6348214678456267,0.6348214678456267
tfidf_02,-0.6335835499334231,0.6335835499334231
tfidf_medicine,-0.633279642055604,0.633279642055604
tfidf_labour,0.6328168906728403,0.6328168906728403
tfidf_security and,-0.6317432537767057,0.6317432537767057
tfidf_eu,0.6307826198415877,0.6307826198415877
tfidf_grant,0.6296113604850996,0.6296113604850996
tfidf_safety,0.6294339152221737,0.6294339152221737
tfidf_cell,-0.6288235884744042,0.6288235884744042
tfidf_technology,-0.6286121978659377,0.6286121978659377
tfidf_therapies,0.6284968382749885,0.6284968382749885
tfidf_law,-0.6265139696865113,0.6265139696865113
tfidf_wood,-0.6263107801027851,0.6263107801027851
tfidf_central,0.6262606841407706,0.6262606841407706
tfidf_public authorities,-0.6258694348807425,0.6258694348807425
tfidf_integrity,0.6255778765608555,0.6255778765608555
tfidf_transportation,0.6240882904257752,0.6240882904257752
tfidf_large scale,-0.6239632998637109,0.6239632998637109
tfidf_targeting,-0.6238954647383511,0.6238954647383511
tfidf_energy and,-0.6220715327091234,0.6220715327091234
tfidf_major,0.6220117058364273,0.6220117058364273
tfidf_yes,0.620873225192262,0.620873225192262
tfidf_scales,0.6208438432415754,0.6208438432415754
tfidf_border,0.6208097500572195,0.6208097500572195
tfidf_may,0.6207471844209316,0.6207471844209316
tfidf_000,0.6193695227700997,0.6193695227700997
tfidf_protect,-0.6188682579861091,0.6188682579861091
tfidf_information,0.6188069474923711,0.6188069474923711
tfidf_port,0.6187793953257004,0.6187793953257004
tfidf_cooperation in,-0.6186041692326683,0.6186041692326683
tfidf_management of,0.6173384033607283,0.6173384033607283
tfidf_satellite,-0.6171466403304482,0.6171466403304482
tfidf_testing,-0.6160756510365442,0.6160756510365442
tfidf_cancer,0.615983124769159,0.615983124769159
tfidf_up to,-0.6158837229072741,0.6158837229072741
tfidf_cross border,0.6146190639899441,0.6146190639899441
tfidf_engaging,0.6145590013832521,0.6145590013832521
tfidf_sustainable food,-0.613545230766686,0.613545230766686
tfidf_health care,-0.6119727714086958,0.6119727714086958
tfidf_side,0.611949830630677,0.611949830630677
tfidf_emissions,-0.6107867385639283,0.6107867385639283
tfidf_architectures,-0.6097551110520089,0.6097551110520089
tfidf_capability,0.608101583445012,0.608101583445012
tfidf_joint,0.60590352929142,0.60590352929142
tfidf_children,-0.6034024446824581,0.6034024446824581
tfidf_risk,-0.6033762017375498,0.6033762017375498
tfidf_tool,0.6033326834415518,0.6033326834415518
tfidf_care,0.602607523911275,0.602607523911275
tfidf_studies,0.6022878616685474,0.6022878616685474
tfidf_handling,0.6017108466775689,0.6017108466775689
tfidf_informed,0.6015469472702234,0.6015469472702234
tfidf_emission,0.5997032545010301,0.5997032545010301
tfidf_application,0.5996895118309842,0.5996895118309842
tfidf_treatment,-0.5995756206694394,0.5995756206694394
tfidf_reduce the,0.5993687305203249,0.5993687305203249
tfidf_rapid,0.5993316040250166,0.5993316040250166
tfidf_of materials,0.5983997635563248,0.5983997635563248
tfidf_in an,-0.5976208495838787,0.5976208495838787
tfidf_spaces,-0.5971898218313266,0.5971898218313266
tfidf_deal,0.5963166000236921,0.5963166000236921
tfidf_feedstock,-0.5959730730026922,0.5959730730026922
tfidf_consumption,0.594916359280303,0.594916359280303
tfidf_urban,0.5947889482787277,0.5947889482787277
tfidf_this call,-0.5946447481982153,0.5946447481982153
tfidf_demonstrators,-0.5946052449677613,0.5946052449677613
tfidf_report,0.5940460719280729,0.5940460719280729
tfidf_related,0.5936255559031979,0.5936255559031979
tfidf_detection,0.5929972323860577,0.5929972323860577
tfidf_dissemination,-0.5929408726693952,0.5929408726693952
tfidf_shared,0.5921970412815838,0.5921970412815838
tfidf_agriculture and,0.591856296739348,0.591856296739348
tfidf_support to,0.5915645613939767,0.5915645613939767
tfidf_reinforcing,0.5901100284148912,0.5901100284148912
tfidf_living labs,0.58976654730419,0.58976654730419
tfidf_mediterranean,0.5896912178588417,0.5896912178588417
tfidf_other,-0.5892674348437291,0.5892674348437291
tfidf_down,0.5877384071374743,0.5877384071374743
tfidf_missions,-0.587429298553538,0.587429298553538
tfidf_contribution,0.5873769190491369,0.5873769190491369
tfidf_temperature,-0.5870633394791507,0.5870633394791507
tfidf_by the,-0.5868961426076064,0.5868961426076064
tfidf_streams,0.584271595191557,0.584271595191557
tfidf_initiative,-0.5839979410810572,0.5839979410810572
tfidf_applications,0.5839347795647946,0.5839347795647946
tfidf_and data,-0.5833167752922073,0.5833167752922073
tfidf_plants,-0.5815656332340461,0.5815656332340461
tfidf_it will,-0.5814036477436508,0.5814036477436508
tfidf_objectives,-0.5802036993455116,0.5802036993455116
tfidf_horizon,-0.579855316902147,0.579855316902147
tfidf_region,0.5798494632008667,0.5798494632008667
tfidf_farming systems,0.5794253800893066,0.5794253800893066
tfidf_schemes,-0.5789757809557934,0.5789757809557934
tfidf_hate speech,0.5788579692325327,0.5788579692325327
tfidf_and their,-0.5784255309641256,0.5784255309641256
tfidf_where,-0.5780037618109436,0.5780037618109436
tfidf_disease,-0.5776400025315881,0.5776400025315881
tfidf_areas,0.576823254787922,0.576823254787922
tfidf_goods,0.576756442046138,0.576756442046138
tfidf_supporting,-0.5767089598564501,0.5767089598564501
tfidf_mass,0.5752261633673142,0.5752261633673142
tfidf_and use,-0.5751355623982066,0.5751355623982066
tfidf_efforts,-0.5743502701462443,0.5743502701462443
tfidf_proposal should,0.5735857646485203,0.5735857646485203
tfidf_demonstrate,-0.5727492258234721,0.5727492258234721
tfidf_green,0.5725078279688712,0.5725078279688712
tfidf_individual,0.5719410377210339,0.5719410377210339
tfidf_grid,-0.5719177638464453,0.5719177638464453
tfidf_funds,-0.5718045721025494,0.5718045721025494
tfidf_structures,0.5713367735079132,0.5713367735079132
tfidf_agro,-0.5711109758900981,0.5711109758900981
tfidf_scientific,0.5710658117949482,0.5710658117949482
tfidf_consumer,0.5708161904839557,0.5708161904839557
tfidf_road,-0.5706807283692367,0.5706807283692367
tfidf_opportunities for,-0.5700946127144528,0.5700946127144528
tfidf_pathways,-0.5699426578337734,0.5699426578337734
tfidf_fch,0.5698844356015205,0.5698844356015205
tfidf_cities and,0.5694044708782631,0.5694044708782631
tfidf_and research,0.5680381614596037,0.5680381614596037
tfidf_the clean,-0.5668641854101538,0.5668641854101538
tfidf_show,0.5657698031619355,0.5657698031619355
tfidf_food waste,0.5650867666192646,0.5650867666192646
tfidf_electricity,0.5646886505966823,0.5646886505966823
tfidf_experimental,-0.5630704433032405,0.5630704433032405
tfidf_monitor,-0.5630326731332467,0.5630326731332467
tfidf_all of,0.5624890191792057,0.5624890191792057
tfidf_good,-0.5607366204455984,0.5607366204455984
tfidf_assistance,-0.5594550579297708,0.5594550579297708
tfidf_different,-0.5589419990427069,0.5589419990427069
tfidf_mechanical,0.5582088641039646,0.5582088641039646
tfidf_particular,0.5580318958489621,0.5580318958489621
tfidf_they should,-0.5572303176883119,0.5572303176883119
tfidf_context of,0.5568673425007766,0.5568673425007766
tfidf_of an,0.5557519043529471,0.5557519043529471
tfidf_selected,-0.5557249439588196,0.5557249439588196
tfidf_and related,0.5542459145691105,0.5542459145691105
tfidf_level of,-0.5532814691183596,0.5532814691183596
tfidf_and management,0.5532801663791652,0.5532801663791652
tfidf_improved,0.5524448153776177,0.5524448153776177
tfidf_development and,0.5514879409727007,0.5514879409727007
tfidf_demonstration of,0.5504497770151737,0.5504497770151737
tfidf_the partnership,-0.5503110115303141,0.5503110115303141
tfidf_teacher,0.5501733211400187,0.5501733211400187
tfidf_good practices,-0.5496798134961729,0.5496798134961729
tfidf_scalable,0.5471157452201961,0.5471157452201961
tfidf_услуги,-0.5471142913793908,0.5471142913793908
tfidf_models for,-0.5468473680017849,0.5468473680017849
tfidf_national and,-0.5462025649246721,0.5462025649246721
tfidf_deployment,-0.5451148775246947,0.5451148775246947
tfidf_land use,0.5450641973118873,0.5450641973118873
tfidf_implications,-0.5444564361328011,0.5444564361328011
tfidf_atm,0.5439202960192159,0.5439202960192159
tfidf_skills,-0.5438049564886627,0.5438049564886627
tfidf_range,-0.5436794155141172,0.5436794155141172
tfidf_and evaluation,0.543613315791021,0.543613315791021
tfidf_real,-0.5431410342142285,0.5431410342142285
tfidf_economies,0.5409464878319878,0.5409464878319878
tfidf_for future,-0.5398117266815852,0.5398117266815852
tfidf_trial,-0.5398104493945857,0.5398104493945857
tfidf_clinical,0.5395108946291683,0.5395108946291683
tfidf_and demonstration,0.5389920035413419,0.5389920035413419
tfidf_validation,0.5387408939797146,0.5387408939797146
tfidf_and energy,-0.5371135904647282,0.5371135904647282
tfidf_fire,0.535910827857323,0.535910827857323
tfidf_nbs,-0.5348428522654578,0.5348428522654578
tfidf_clinical trial,-0.5341444830333142,0.5341444830333142
tfidf_big data,0.5335682371206502,0.5335682371206502
tfidf_attractiveness,0.532958623332513,0.532958623332513
tfidf_mid,0.5322000173280094,0.5322000173280094
tfidf_knowledge and,0.5316870816997652,0.5316870816997652
tfidf_demand,0.53136583533316,0.53136583533316
tfidf_cells,-0.5309104216541009,0.5309104216541009
tfidf_measures,0.5301746581098291,0.5301746581098291
tfidf_17,0.5298100187544184,0.5298100187544184
tfidf_ground,-0.5296063041952777,0.5296063041952777
tfidf_ethics,-0.5292057424299912,0.5292057424299912
tfidf_the pilot,-0.5288549604451398,0.5288549604451398
tfidf_freight,0.528765347963553,0.528765347963553
tfidf_and national,0.5286989447585809,0.5286989447585809
tfidf_based on,0.5281935841893514,0.5281935841893514
tfidf_intervention,-0.5279949383365001,0.5279949383365001
tfidf_this action,-0.5279168289930907,0.5279168289930907
tfidf_safety and,0.5263279063626264,0.5263279063626264
tfidf_change,0.5255723296363822,0.5255723296363822
tfidf_cooperation between,0.5244914655856299,0.5244914655856299
tfidf_materials and,0.5235524606954451,0.5235524606954451
tfidf_assessments,-0.5233075615653211,0.5233075615653211
tfidf_especially,-0.5232598177464571,0.5232598177464571
tfidf_size,0.5225977633156672,0.5225977633156672
tfidf_to monitor,-0.5219872809123545,0.5219872809123545
tfidf_approaches to,0.5217749488679233,0.5217749488679233
tfidf_marketing,-0.5216148371150356,0.5216148371150356
tfidf_certification,-0.5212241458546513,0.5212241458546513
tfidf_characterisation,-0.5210331979398044,0.5210331979398044
tfidf_organisation of,0.5208166973573086,0.5208166973573086
tfidf_chemicals,0.5196640042135326,0.5196640042135326
tfidf_testing of,-0.5194888444570339,0.5194888444570339
tfidf_short,0.5188031461407511,0.5188031461407511
tfidf_of innovation,-0.5186564156030946,0.5186564156030946
tfidf_frequency,0.5185720953332988,0.5185720953332988
tfidf_of food,-0.5179313743028239,0.5179313743028239
tfidf_electronic,0.5176727559821802,0.5176727559821802
tfidf_entrepreneurs,-0.5176016436614626,0.5176016436614626
tfidf_produce,-0.5175407488172195,0.5175407488172195
tfidf_mines,-0.5175117170693581,0.5175117170693581
tfidf_ageing,-0.517485875581501,0.517485875581501
tfidf_human,0.5171577735381576,0.5171577735381576
tfidf_within,0.516812455773515,0.516812455773515
tfidf_that can,0.5167778737840987,0.5167778737840987
tfidf_local authorities,-0.5163139459177494,0.5163139459177494
tfidf_batteries,0.5161519397281654,0.5161519397281654
tfidf_solutions in,0.5158020073043231,0.5158020073043231
tfidf_primary,-0.5157372033904174,0.5157372033904174
tfidf_nuclear,0.5153726354746627,0.5153726354746627
tfidf_soil health,0.5152020125115533,0.5152020125115533
tfidf_commission,-0.5138472281939995,0.5138472281939995
tfidf_improvement,0.5132299501834248,0.5132299501834248
tfidf_materials,0.5132087493473988,0.5132087493473988
tfidf_businesses,0.5129194641073868,0.5129194641073868
tfidf_digital,0.5124275960617568,0.5124275960617568
tfidf_in europe,0.5119286606690896,0.5119286606690896
tfidf_and global,0.5108369580229014,0.5108369580229014
tfidf_safe and,0.5107621231363597,0.5107621231363597
tfidf_to demonstrate,-0.5107365229504617,0.5107365229504617
tfidf_drivers,-0.5106403041097437,0.5106403041097437
tfidf_significant,-0.5105966703295776,0.5105966703295776
tfidf_networks and,0.5104315002589096,0.5104315002589096
tfidf_more,0.5102651966274576,0.5102651966274576
tfidf_recycling,0.5100984583473956,0.5100984583473956
tfidf_awareness,0.5089798667687755,0.5089798667687755
tfidf_practice,-0.5084588352412428,0.5084588352412428
tfidf_synergies,-0.5083082157824445,0.5083082157824445
tfidf_forest,0.5077795952602104,0.5077795952602104
tfidf_one or,0.5069699410550693,0.5069699410550693
tfidf_complementary,-0.5068778000774362,0.5068778000774362
tfidf_personalised,0.5066587289683303,0.5066587289683303
tfidf_increase the,0.5058646485437979,0.5058646485437979
tfidf_challenge is,0.5054662747799251,0.5054662747799251
tfidf_livestock,0.5041251959809578,0.5041251959809578
tfidf_and methods,0.5040618349847659,0.5040618349847659
tfidf_usage,0.5039739163243157,0.5039739163243157
tfidf_diseases,0.5035265863213321,0.5035265863213321
tfidf_planning and,-0.5026143378300004,0.5026143378300004
tfidf_facing,-0.5024901570848384,0.5024901570848384
tfidf_the sector,0.5024439569838377,0.5024439569838377
tfidf_2024,0.5023495855388683,0.5023495855388683
tfidf_with high,-0.5023297873740895,0.5023297873740895
tfidf_wind,-0.5019905826527095,0.5019905826527095
tfidf_esfri,0.5019111190502231,0.5019111190502231
tfidf_innovations,0.5008467870820313,0.5008467870820313
tfidf_enhanced,-0.5008103025746286,0.5008103025746286
tfidf_standardisation,0.5000583408885697,0.5000583408885697
tfidf_introduction,-0.4996934580268101,0.4996934580268101
tfidf_starting,-0.4993800092404558,0.4993800092404558
tfidf_power,-0.4993182064581458,0.4993182064581458
tfidf_time,-0.49832722958735154,0.49832722958735154
tfidf_cross,0.4982906024717207,0.4982906024717207
tfidf_radar,0.497063429765575,0.497063429765575
tfidf_programme,-0.4967541427573128,0.4967541427573128
tfidf_prototype,-0.4965137578743422,0.4965137578743422
tfidf_knowledge of,0.49572755138434,0.49572755138434
tfidf_eco,-0.49537802551476046,0.49537802551476046
tfidf_growth and,0.4950088516849221,0.4950088516849221
tfidf_leading,0.4934087067412199,0.4934087067412199
tfidf_public private,-0.49294262669909544,0.49294262669909544
tfidf_sustainable and,-0.49178760623457013,0.49178760623457013
tfidf_research in,0.49053654136254604,0.49053654136254604
tfidf_zero,-0.48923710541736415,0.48923710541736415
tfidf_services to,-0.48859031756078025,0.48859031756078025
tfidf_these,-0.4881679904642788,0.4881679904642788
tfidf_prize,-0.4877821129092393,0.4877821129092393
tfidf_and information,0.4874107605641298,0.4874107605641298
tfidf_относно,0.4871540537561814,0.4871540537561814
tfidf_visibility,0.4863877940440357,0.4863877940440357
tfidf_links,-0.48572546703009756,0.48572546703009756
tfidf_state,0.4853258313079034,0.4853258313079034
tfidf_to develop,0.4843314312573106,0.4843314312573106
tfidf_measuring,-0.4831370352002554,0.4831370352002554
tfidf_fund,-0.4830328994036566,0.4830328994036566
tfidf_defined in,-0.4829926101352622,0.4829926101352622
tfidf_important,-0.48294262723540493,0.48294262723540493
tfidf_improve,-0.4828355654891911,0.4828355654891911
tfidf_that,0.4826357319737686,0.4826357319737686
tfidf_incentives,-0.4824630178099174,0.4824630178099174
tfidf_partnerships,-0.48231403907754644,0.48231403907754644
tfidf_european partnership,0.48197493102514916,0.48197493102514916
tfidf_outside,-0.4819532336227169,0.4819532336227169
tfidf_teaching,0.48150027601015183,0.48150027601015183
tfidf_administrations,0.48047278124515663,0.48047278124515663
tfidf_drive,0.4794949605370489,0.4794949605370489
tfidf_consortium,-0.47917792835324663,0.47917792835324663
tfidf_hybrid,0.47883069757439817,0.47883069757439817
tfidf_eu no,-0.47850609566433877,0.47850609566433877
tfidf_and on,-0.4783021910519421,0.4783021910519421
tfidf_preparation,-0.4777117854832264,0.4777117854832264
tfidf_modes,0.4774344235455717,0.4774344235455717
tfidf_three,0.47711171388436574,0.47711171388436574
tfidf_carried out,0.4767721661616248,0.4767721661616248
tfidf_number,-0.4762565444649908,0.4762565444649908
tfidf_parts,0.4756252306256944,0.4756252306256944
tfidf_it,-0.47530942334320925,0.47530942334320925
tfidf_the exchange,0.47506017248234494,0.47506017248234494
tfidf_2016 2017,0.4750551531908679,0.4750551531908679
tfidf_trust,0.4746197230977048,0.4746197230977048
tfidf_crisis,-0.4739786568010562,0.4739786568010562
tfidf_protecting,0.47344881930207383,0.47344881930207383
tfidf_terms of,0.4733522904064961,0.4733522904064961
tfidf_diversity,-0.4729172894917244,0.4729172894917244
tfidf_expected,0.4724404019808441,0.4724404019808441
tfidf_open science,-0.47220914279839743,0.47220914279839743
tfidf_footprint,-0.471836515443194,0.471836515443194
tfidf_thereby,0.47154487483968766,0.47154487483968766
tfidf_big,0.47130907258738997,0.47130907258738997
tfidf_way,-0.4708380967797824,0.4708380967797824
tfidf_fostering,-0.4700557976183277,0.4700557976183277
tfidf_env,0.46964002686578654,0.46964002686578654
tfidf_is required,0.46914536793691874,0.46914536793691874
tfidf_during the,-0.4680461824486193,0.4680461824486193
tfidf_projects should,0.4679007421669746,0.4679007421669746
tfidf_network of,-0.46755515629026384,0.46755515629026384
tfidf_value,-0.46691652520125004,0.46691652520125004
tfidf_genetic,0.4668827457972932,0.4668827457972932
tfidf_bio based,0.46659473882059743,0.46659473882059743
tfidf_supply and,-0.4664743389314595,0.4664743389314595
tfidf_infrastructure and,0.466368818822603,0.466368818822603
tfidf_food products,-0.4662420565513674,0.4662420565513674
tfidf_eur lex,0.4661216255354631,0.4661216255354631
tfidf_mechanisms,-0.4657726492239861,0.4657726492239861
tfidf_inclusive,0.46555235195969263,0.46555235195969263
tfidf_and resilience,-0.4649469767424501,0.4649469767424501
tfidf_and efficient,0.46477469739752375,0.46477469739752375
tfidf_solar,-0.4646725066229792,0.4646725066229792
tfidf_aims at,0.46459308969647045,0.46459308969647045
tfidf_and co,-0.46443163156244555,0.46443163156244555
tfidf_cycles,-0.4643648278648244,0.4643648278648244
tfidf_just,-0.46430826554557897,0.46430826554557897
tfidf_ups,0.4642388010667844,0.4642388010667844
tfidf_to participate,-0.46369753759214855,0.46369753759214855
tfidf_degradation,-0.4633295075368145,0.4633295075368145
tfidf_environment and,0.46260180805814005,0.46260180805814005
tfidf_system and,0.46242052806890266,0.46242052806890266
tfidf_operations,0.4619232497069247,0.4619232497069247
tfidf_and communities,0.46150690868727284,0.46150690868727284
tfidf_off,-0.46132089419720507,0.46132089419720507
tfidf_led,0.46123219426484363,0.46123219426484363
tfidf_shall,-0.4597415357049031,0.4597415357049031
tfidf_metrics,0.4592152044588167,0.4592152044588167
tfidf_trl,0.4591813083871241,0.4591813083871241
tfidf_is expected,0.45899061863968765,0.45899061863968765
tfidf_environmental,-0.4589037214061135,0.4589037214061135
tfidf_more sustainable,-0.4588094856477072,0.4588094856477072
tfidf_independent,-0.4583941157917622,0.4583941157917622
tfidf_route,0.4581775028914995,0.4581775028914995
tfidf_mental health,-0.4580533724381281,0.4580533724381281
tfidf_account,-0.45736822664201165,0.45736822664201165
tfidf_waterborne,0.4566106292616038,0.4566106292616038
tfidf_clean hydrogen,-0.456307796560672,0.456307796560672
tfidf_of critical,-0.45596330030851995,0.45596330030851995
tfidf_start ups,0.4559176476296427,0.4559176476296427
tfidf_practices,-0.4556435879423423,0.4556435879423423
tfidf_effects,-0.4556214628709727,0.4556214628709727
tfidf_the new,0.45538555687480786,0.45538555687480786
tfidf_in terms,0.4552366961507653,0.4552366961507653
tfidf_enhance,-0.45519258405199775,0.45519258405199775
tfidf_savings,-0.4548554130488909,0.4548554130488909
tfidf_era,-0.45439596841843277,0.45439596841843277
tfidf_computing,-0.45422878341860046,0.45422878341860046
tfidf_aspects,-0.45408627968985926,0.45408627968985926
tfidf_notably,0.45357546513679564,0.45357546513679564
tfidf_and that,0.4534884230636531,0.4534884230636531
tfidf_or more,0.45346762363780585,0.45346762363780585
tfidf_по,0.4515836336248131,0.4515836336248131
tfidf_03,0.4515122650358818,0.4515122650358818
tfidf_applicant,-0.4511812131787233,0.4511812131787233
tfidf_identify,0.4507102105751608,0.4507102105751608
tfidf_solutions that,0.45063566234043934,0.45063566234043934
tfidf_fundamental rights,-0.4502500314458409,0.4502500314458409
tfidf_required,-0.44983495581371075,0.44983495581371075
tfidf_cycle,0.4492448714345715,0.4492448714345715
tfidf_capabilities,0.4491143739144175,0.4491143739144175
tfidf_worldwide,0.44844596376817436,0.44844596376817436
tfidf_carbon,-0.4477049305321271,0.4477049305321271
tfidf_approaches,0.4473990025636154,0.4473990025636154
tfidf_would,-0.4468927009953453,0.4468927009953453
tfidf_proposals will,-0.4467590091870509,0.4467590091870509
tfidf_trial not,-0.4466750911766786,0.4466750911766786
tfidf_european,0.4465496846421172,0.4465496846421172
tfidf_be integrated,0.4464197978411426,0.4464197978411426
tfidf_costs of,0.4457444846446604,0.4457444846446604
tfidf_operation of,0.4456497884400522,0.4456497884400522
tfidf_framework,0.445511362383586,0.445511362383586
tfidf_encouraged,0.4453950327799308,0.4453950327799308
tfidf_inclusion,0.4447286825487677,0.4447286825487677
tfidf_members,0.44458785024992203,0.44458785024992203
tfidf_noise,0.44407885141522413,0.44407885141522413
tfidf_achievement,0.44406969089140175,0.44406969089140175
tfidf_functioning,-0.4433176921345342,0.4433176921345342
tfidf_addition,-0.4429079977389796,0.4429079977389796
tfidf_carried,0.44215449873037227,0.44215449873037227
tfidf_action will,-0.4416446848920284,0.4416446848920284
tfidf_delivering,-0.44138347327150546,0.44138347327150546
tfidf_in research,-0.44127809263599116,0.44127809263599116
tfidf_to new,0.4408932111385902,0.4408932111385902
tfidf_scientists,-0.44050546795011164,0.44050546795011164
tfidf_threats,0.4401957603459489,0.4401957603459489
tfidf_initiatives,0.4401357272160662,0.4401357272160662
tfidf_optional,-0.44007756337854675,0.44007756337854675
tfidf_long,-0.43985133791966385,0.43985133791966385
tfidf_online,0.43919123375972763,0.43919123375972763
tfidf_regulation eu,-0.43902633822749976,0.43902633822749976
tfidf_with european,-0.43895348838574444,0.43895348838574444
tfidf_service,-0.4386478912034048,0.4386478912034048
tfidf_marine,-0.4381144594806954,0.4381144594806954
tfidf_vulnerable,-0.43801641978463374,0.43801641978463374
tfidf_would be,-0.4374306839106351,0.4374306839106351
tfidf_research and,0.43721859559445825,0.43721859559445825
tfidf_co,-0.43720683352394857,0.43720683352394857
tfidf_methodologies and,0.43671290849659566,0.43671290849659566
tfidf_positive,0.4363010771557383,0.4363010771557383
tfidf_the necessary,-0.4362874643699742,0.4362874643699742
tfidf_source,-0.4352761797308198,0.4352761797308198
tfidf_third countries,0.43459317837380684,0.43459317837380684
tfidf_sub,-0.4340645055263819,0.4340645055263819
tfidf_stack,-0.43390701196239634,0.43390701196239634
tfidf_establishing,0.4332590740372146,0.4332590740372146
tfidf_the ground,0.4328895908963559,0.4328895908963559
tfidf_physical,-0.43277066059993324,0.43277066059993324
tfidf_per,0.43204016363132375,0.43204016363132375
tfidf_origin,0.4319469658824749,0.4319469658824749
tfidf_run,0.431887850180206,0.431887850180206
tfidf_new technologies,-0.431828392889591,0.431828392889591
tfidf_types,-0.4312891156469986,0.4312891156469986
tfidf_exploration,0.4309902154119472,0.4309902154119472
tfidf_exploit,0.43067493184418837,0.43067493184418837
tfidf_topic is,0.430482036450532,0.430482036450532
tfidf_to work,0.4303080580318395,0.4303080580318395
tfidf_term,0.43012075147099915,0.43012075147099915
tfidf_electrolysers,-0.43000716185598636,0.43000716185598636
tfidf_conversion,-0.4291689631380044,0.4291689631380044
tfidf_year,-0.4291410406746809,0.4291410406746809
tfidf_cooperative,-0.42899538292223494,0.42899538292223494
tfidf_of technologies,0.4276332779256803,0.4276332779256803
tfidf_in addition,-0.4273293543010693,0.4273293543010693
tfidf_both,-0.4264113982260662,0.4264113982260662
tfidf_subsequent,-0.42632005977832366,0.42632005977832366
tfidf_their,-0.4261987420026377,0.4261987420026377
tfidf_delivery of,0.42568797246735346,0.42568797246735346
tfidf_to improve,-0.4253056374192838,0.4253056374192838
tfidf_at least,0.4248603744418594,0.4248603744418594
tfidf_and environmental,-0.4246067663868722,0.4246067663868722
tfidf_this challenge,0.4245692784892449,0.4245692784892449
tfidf_investigation,0.4245603454201171,0.4245603454201171
tfidf_develop,0.4243401938824206,0.4243401938824206
tfidf_blue economy,-0.42413134751294074,0.42413134751294074
tfidf_used in,-0.42407855330299254,0.42407855330299254
tfidf_drug,-0.4240723866761142,0.4240723866761142
tfidf_of advanced,-0.4236225648616391,0.4236225648616391
tfidf_construction,-0.4235590524283438,0.4235590524283438
tfidf_research results,-0.4233265722031372,0.4233265722031372
tfidf_tech,0.4230759896989475,0.4230759896989475
tfidf_growth,0.4224617242257373,0.4224617242257373
tfidf_and growth,0.4217256567772601,0.4217256567772601
tfidf_an eu,-0.421655849222508,0.421655849222508
tfidf_data on,-0.4215129872988072,0.4215129872988072
tfidf_of life,-0.42143104415003585,0.42143104415003585
tfidf_and performance,0.4213946670896476,0.4213946670896476
tfidf_http,-0.4210642227568281,0.4210642227568281
tfidf_the introduction,-0.42104737094010314,0.42104737094010314
tfidf_at,0.4209259601245791,0.4209259601245791
tfidf_factors,-0.4207878419465545,0.4207878419465545
tfidf_edf,0.42065746675492793,0.42065746675492793
tfidf_indicators,-0.42059000558441295,0.42059000558441295
tfidf_transnational,0.4201597704791489,0.4201597704791489
tfidf_risks,-0.41989669735733265,0.41989669735733265
tfidf_от,-0.41983674452466707,0.41983674452466707
tfidf_multidisciplinary,-0.4197113311857465,0.4197113311857465
tfidf_12,-0.4196121797810867,0.4196121797810867
tfidf_responsible,-0.41934277589493063,0.41934277589493063
tfidf_ghg,-0.4192823136481932,0.4192823136481932
tfidf_listed,-0.4191981162257229,0.4191981162257229
tfidf_be supported,0.41901174857157786,0.41901174857157786
tfidf_feasibility of,0.4189577920057209,0.4189577920057209
tfidf_case,-0.4188631568109295,0.4188631568109295
tfidf_type,0.41819899853632503,0.41819899853632503
tfidf_meetings,-0.41800531228838794,0.41800531228838794
tfidf_implementing,-0.41797223214769125,0.41797223214769125
tfidf_improving the,-0.4177171958076387,0.4177171958076387
tfidf_sector and,0.4174604542869775,0.4174604542869775
tfidf_into,-0.41717622673163296,0.41717622673163296
tfidf_traffic,0.41631815629717733,0.41631815629717733
tfidf_equipment,0.41619668773829904,0.41619668773829904
tfidf_renovation,-0.4158895471387841,0.4158895471387841
tfidf_and socio,-0.4157307340324401,0.4157307340324401
tfidf_cost,0.4157086902219682,0.4157086902219682
tfidf_child,-0.41561774002449103,0.41561774002449103
tfidf_restoration,0.41554382768490067,0.41554382768490067
tfidf_the hydrogen,0.4147594121285674,0.4147594121285674
tfidf_18,-0.4146463586186686,0.4146463586186686
tfidf_the joint,0.4146128079357856,0.4146128079357856
tfidf_kw,-0.41456068312120653,0.41456068312120653
tfidf_01,0.4142877147633902,0.4142877147633902
tfidf_technologies for,-0.41425312718185675,0.41425312718185675
tfidf_stakeholder,-0.4140031646355123,0.4140031646355123
tfidf_with the,0.41307337994038446,0.41307337994038446
tfidf_persons,0.4130706375092421,0.4130706375092421
tfidf_past,0.41268582426559103,0.41268582426559103
tfidf_participating,-0.4123778131675823,0.4123778131675823
tfidf_tools and,-0.41234813800003806,0.41234813800003806
tfidf_adaptive,0.41197851144901093,0.41197851144901093
tfidf_2023,-0.41165978266859815,0.41165978266859815
tfidf_along,-0.4112635701376591,0.4112635701376591
tfidf_staff,0.41080569004619694,0.41080569004619694
tfidf_support,0.41071735160589473,0.41071735160589473
tfidf_the world,-0.4099889066067743,0.4099889066067743
tfidf_highly,0.4094494540230229,0.4094494540230229
tfidf_years,0.4088772195004062,0.4088772195004062
tfidf_critical,-0.4088643967551302,0.4088643967551302
tfidf_rules,-0.40885999168549414,0.40885999168549414
tfidf_take into,-0.4087641381256749,0.4087641381256749
tfidf_strengthening the,-0.4083920385716532,0.4083920385716532
tfidf_principle,-0.40836018461466345,0.40836018461466345
tfidf_methods for,0.40749095960249,0.40749095960249
tfidf_security,-0.40711448803149153,0.40711448803149153
tfidf_conventional,-0.40685302725352285,0.40685302725352285
tfidf_trade,-0.4062565036965791,0.4062565036965791
tfidf_private partnerships,-0.4057903873853149,0.4057903873853149
tfidf_enterprise,-0.40490557253635134,0.40490557253635134
tfidf_focused,-0.4047962890734931,0.4047962890734931
tfidf_innovation actions,0.40432372449939596,0.40432372449939596
tfidf_legal,-0.4042753393418141,0.4042753393418141
tfidf_atc,-0.4040687381304213,0.4040687381304213
tfidf_communication and,-0.4040174383173957,0.4040174383173957
tfidf_action the,0.4038442028783458,0.4038442028783458
tfidf_biological,0.4035626262452175,0.4035626262452175
tfidf_the demonstration,-0.4034754448428465,0.4034754448428465
tfidf_outcomes,-0.40336592413474137,0.40336592413474137
tfidf_out in,0.4032764990563143,0.4032764990563143
tfidf_for high,-0.40318888897779875,0.40318888897779875
tfidf_in particular,0.40314977214983877,0.40314977214983877
tfidf_in accordance,0.4030550129399729,0.4030550129399729
tfidf_distributed,0.4029509842864355,0.4029509842864355
tfidf_impacts of,0.4024805542848698,0.4024805542848698
tfidf_newly,0.40234177842109337,0.40234177842109337
tfidf_compared to,-0.40156899807020235,0.40156899807020235
tfidf_platforms,0.40156453806929093,0.40156453806929093
tfidf_future,-0.4014673453743346,0.4014673453743346
tfidf_the data,-0.4014437803841532,0.4014437803841532
tfidf_address,-0.40136689850611446,0.40136689850611446
tfidf_devices,0.401165056187314,0.401165056187314
tfidf_accordance with,0.4011502300116161,0.4011502300116161
tfidf_facilities and,0.4009905710487761,0.4009905710487761
tfidf_so,0.40091903340974183,0.40091903340974183
tfidf_policies and,0.4008670951596836,0.4008670951596836
tfidf_experiences,-0.4006808564134013,0.4006808564134013
tfidf_citizens,-0.4002305665370677,0.4002305665370677
tfidf_industry,0.40000594363717806,0.40000594363717806
tfidf_academic,-0.3998011171888916,0.3998011171888916
tfidf_evidence,-0.39971317177426646,0.39971317177426646
tfidf_electric,0.3994382774541157,0.3994382774541157
tfidf_encourage,0.3992697799920201,0.3992697799920201
tfidf_proposed solutions,0.39922696498481763,0.39922696498481763
tfidf_wide,0.3986541712494644,0.3986541712494644
tfidf_engagement,0.3982852766356076,0.3982852766356076
tfidf_changing,-0.3982284156308329,0.3982284156308329
tfidf_second,-0.39803032664108134,0.39803032664108134
tfidf_protection and,0.3979211335543251,0.3979211335543251
tfidf_and safety,0.39721515295712834,0.39721515295712834
tfidf_team,0.39700917220539267,0.39700917220539267
tfidf_user,-0.3969251931366087,0.3969251931366087
tfidf_systems,0.39637356416346303,0.39637356416346303
tfidf_the market,0.39603671043724337,0.39603671043724337
tfidf_aspects of,-0.3959439271411522,0.3959439271411522
tfidf_transformation,0.3959299751385238,0.3959299751385238
tfidf_and processing,-0.39584627968951264,0.39584627968951264
tfidf_patients,0.39584351439330023,0.39584351439330023
tfidf_internet,0.39557414873459973,0.39557414873459973
tfidf_accordance,0.39525070799984474,0.39525070799984474
tfidf_in article,0.3951201767741822,0.3951201767741822
tfidf_refuelling,0.39464959825158297,0.39464959825158297
tfidf_broad,0.3945905499141879,0.3945905499141879
tfidf_near,-0.39380997610672586,0.39380997610672586
tfidf_complete,-0.3933695818309943,0.3933695818309943
tfidf_climate change,-0.3928637414555657,0.3928637414555657
tfidf_outreach,0.3926145716792332,0.3926145716792332
tfidf_synergies between,-0.3925588576868687,0.3925588576868687
tfidf_key,-0.39230937354646805,0.39230937354646805
tfidf_up of,0.39208185945490276,0.39208185945490276
tfidf_airspace,0.3919499550158538,0.3919499550158538
tfidf_the proposals,-0.39134512363742874,0.39134512363742874
tfidf_of climate,-0.3904498096473072,0.3904498096473072
tfidf_policy,-0.39037253689405355,0.39037253689405355
tfidf_have to,-0.39031515038471837,0.39031515038471837
tfidf_services for,0.390314582035804,0.390314582035804
tfidf_consider,-0.39012914793340525,0.39012914793340525
tfidf_due,-0.3901023686488275,0.3901023686488275
tfidf_blue,-0.3899956434867682,0.3899956434867682
tfidf_least,0.38997720347326703,0.38997720347326703
tfidf_of specific,-0.3899488478478108,0.3899488478478108
tfidf_emergency,0.38952721546563746,0.38952721546563746
tfidf_small scale,-0.3890665831952057,0.3890665831952057
tfidf_implementation,0.38898342335628855,0.38898342335628855
tfidf_violence,-0.3885275368413338,0.3885275368413338
tfidf_into account,-0.3883452988582591,0.3883452988582591
tfidf_automation,-0.38817868359732044,0.38817868359732044
tfidf_interdisciplinary,-0.3875814703710132,0.3875814703710132
tfidf_projects,0.38747414115021916,0.38747414115021916
tfidf_la,-0.387397316567161,0.387397316567161
tfidf_gap,-0.38722261541281106,0.38722261541281106
tfidf_tactical,0.38651634516220607,0.38651634516220607
tfidf_and other,-0.38650422451505606,0.38650422451505606
tfidf_complex,0.38579871814259087,0.38579871814259087
tfidf_and testing,-0.38561040300072025,0.38561040300072025
tfidf_of such,0.38497075307636053,0.38497075307636053
tfidf_about,-0.3839868846948866,0.3839868846948866
tfidf_the platform,0.3836850607537422,0.3836850607537422
tfidf_evolving,-0.38364430272786704,0.38364430272786704
tfidf_cities,0.3835165276691506,0.3835165276691506
tfidf_out,0.3833731300087566,0.3833731300087566
tfidf_05,-0.3832672495956292,0.3832672495956292
tfidf_proposals requesting,0.38281140117791157,0.38281140117791157
tfidf_files,0.382569056392613,0.382569056392613
tfidf_large,-0.3822725258238814,0.3822725258238814
tfidf_increase,0.3819921225656043,0.3819921225656043
tfidf_regions and,-0.3818825490183527,0.3818825490183527
tfidf_relating,0.38183169472899614,0.38183169472899614
tfidf_demonstrate how,-0.3816442713552859,0.3816442713552859
tfidf_and climate,-0.3816144281402307,0.3816144281402307
tfidf_and private,-0.38155231550185637,0.38155231550185637
tfidf_re,0.380858220471567,0.380858220471567
tfidf_allowed,0.3802939499789457,0.3802939499789457
tfidf_particularly,-0.37996234832457715,0.37996234832457715
tfidf_automated,0.3799438441596814,0.3799438441596814
tfidf_methods,0.37965638111394573,0.37965638111394573
tfidf_net,-0.37895036689739364,0.37895036689739364
tfidf_influence,-0.3785062243443832,0.3785062243443832
tfidf_10,-0.37823138010739477,0.37823138010739477
tfidf_activities in,-0.3777287084565227,0.3777287084565227
tfidf_china,-0.37707941006421714,0.37707941006421714
tfidf_and well,0.3769147223226633,0.3769147223226633
tfidf_scenario,-0.37633288234086815,0.37633288234086815
tfidf_sustainability,0.37619080965025686,0.37619080965025686
tfidf_best,-0.37594003260099706,0.37594003260099706
tfidf_be taken,-0.3756943893264677,0.3756943893264677
tfidf_robust,-0.37543287706282236,0.37543287706282236
tfidf_gender based,-0.374901564191684,0.374901564191684
tfidf_verification,-0.3745499197639315,0.3745499197639315
tfidf_scheme,-0.3744091567857814,0.3744091567857814
tfidf_landscape,-0.3736563388872708,0.3736563388872708
tfidf_this is,-0.37317292838690325,0.37317292838690325
tfidf_forms of,-0.37295262551290626,0.37295262551290626
tfidf_matters,-0.3728408665943075,0.3728408665943075
tfidf_two stage,0.37212178377971805,0.37212178377971805
tfidf_tests,0.37191039916474533,0.37191039916474533
tfidf_cbe,0.37165540738670977,0.37165540738670977
tfidf_engage,0.3715936069082368,0.3715936069082368
tfidf_industry and,-0.37142526602180964,0.37142526602180964
tfidf_direct,-0.3711949388215803,0.3711949388215803
tfidf_covered by,-0.37076912954197105,0.37076912954197105
tfidf_tasks,0.37062053645454834,0.37062053645454834
tfidf_associated countries,-0.3700693771814776,0.3700693771814776
tfidf_the horizon,-0.37006584638586243,0.37006584638586243
tfidf_through the,-0.36985363840388147,0.36985363840388147
tfidf_reducing,0.36978959161212516,0.36978959161212516
tfidf_boosting,0.36926183965218323,0.36926183965218323
tfidf_providers,-0.3692017965904732,0.3692017965904732
tfidf_regional national,-0.3688885431150404,0.3688885431150404
tfidf_young people,-0.3680534728360026,0.3680534728360026
tfidf_necessary,-0.36713305447868055,0.36713305447868055
tfidf_lump sum,0.3669482411075073,0.3669482411075073
tfidf_nature based,0.36691247022457957,0.36691247022457957
tfidf_battery,-0.3665521307073656,0.3665521307073656
tfidf_of digital,0.3663391312984775,0.3663391312984775
tfidf_contractual,-0.3659541126793215,0.3659541126793215
tfidf_sum,0.36564724203713195,0.36564724203713195
tfidf_concept,-0.3656387328339424,0.3656387328339424
tfidf_implementation of,-0.3654874349928064,0.3654874349928064
tfidf_domains,-0.365455871705452,0.365455871705452
tfidf_addition to,-0.3647392485098037,0.3647392485098037
tfidf_plan for,0.3645399180731762,0.3645399180731762
tfidf_addressing the,0.3641320810524606,0.3641320810524606
tfidf_preparedness,-0.36387162642261317,0.36387162642261317
tfidf_chains,-0.3635037564165831,0.3635037564165831
tfidf_in these,0.36220235847005916,0.36220235847005916
tfidf_connecting,0.36189824269940984,0.36189824269940984
tfidf_could be,-0.361839154763112,0.361839154763112
tfidf_за,0.3615568448627465,0.3615568448627465
tfidf_connect,-0.3614650463392117,0.3614650463392117
tfidf_produced,0.36133986608761437,0.36133986608761437
sector_standard_food_security,-0.36099074594747865,0.36099074594747865
tfidf_sustainable development,0.36055066303114514,0.36055066303114514
tfidf_technological,0.3594094903660205,0.3594094903660205
tfidf_actor,0.3593728374554464,0.3593728374554464
tfidf_radiation,0.3591901534339982,0.3591901534339982
tfidf_algorithms,0.35867201151426514,0.35867201151426514
tfidf_the economic,-0.358515463657978,0.358515463657978
tfidf_can also,-0.358246653482041,0.358246653482041
tfidf_fuel,0.35799164382970394,0.35799164382970394
tfidf_eur,0.35789727110059194,0.35789727110059194
tfidf_regulation,-0.3575823646385421,0.3575823646385421
tfidf_to assess,-0.3575817682963843,0.3575817682963843
tfidf_updated,-0.3575787519320505,0.3575787519320505
tfidf_energy,-0.3571315360021513,0.3571315360021513
tfidf_volume,-0.35690686408612954,0.35690686408612954
tfidf_iot,-0.3562754050532716,0.3562754050532716
tfidf_solutions,0.35627126353222366,0.35627126353222366
tfidf_sustainability of,0.3561525641331256,0.3561525641331256
tfidf_laboratory,-0.3554290112418918,0.3554290112418918
tfidf_property,-0.3553802656249107,0.3553802656249107
tfidf_that the,0.35531501873808996,0.35531501873808996
tfidf_and emerging,0.3553136146212899,0.3553136146212899
tfidf_steel,-0.35468153841331124,0.35468153841331124
tfidf_enabling the,0.35467659806153984,0.35467659806153984
tfidf_2008,0.35458009525615675,0.35458009525615675
tfidf_real time,-0.3537118631948175,0.3537118631948175
tfidf_fisheries,-0.35364579398291485,0.35364579398291485
tfidf_strategies for,0.35316517092113164,0.35316517092113164
tfidf_and cultural,-0.3527700050814411,0.3527700050814411
tfidf_and build,-0.35268399263399614,0.35268399263399614
tfidf_as to,0.3523174519043211,0.3523174519043211
tfidf_and business,-0.3519947176034128,0.3519947176034128
tfidf_developed,-0.3511862771114806,0.3511862771114806
tfidf_be demonstrated,0.3507182843767141,0.3507182843767141
tfidf_and health,0.3505561239727274,0.3505561239727274
tfidf_the coordination,-0.3504801072918982,0.3504801072918982
tfidf_to contribute,0.3501448019387191,0.3501448019387191
tfidf_contribution to,0.3501432567373096,0.3501432567373096
tfidf_council of,0.3499140674960627,0.3499140674960627
tfidf_group,-0.34972067200622314,0.34972067200622314
tfidf_portal,0.3494448393938463,0.3494448393938463
tfidf_this should,0.3491756891028085,0.3491756891028085
tfidf_humans,0.3484619931993935,0.3484619931993935
tfidf_force,-0.34846152202381997,0.34846152202381997
tfidf_approach and,-0.3480438090371789,0.3480438090371789
tfidf_using,0.3479238047502149,0.3479238047502149
tfidf_society,0.34702640003111473,0.34702640003111473
tfidf_total,0.34663444064776716,0.34663444064776716
tfidf_associations,-0.3463439437934818,0.3463439437934818
tfidf_healthcare,-0.34629381173662205,0.34629381173662205
tfidf_home,0.3461125616912724,0.3461125616912724
tfidf_should cover,0.346064362991867,0.346064362991867
tfidf_beyond,-0.34598183201530486,0.34598183201530486
tfidf_and technical,0.3457492744883138,0.3457492744883138
tfidf_nutritional,-0.34572530878158597,0.34572530878158597
tfidf_of their,0.3455891550917697,0.3455891550917697
tfidf_architecture,-0.34476376519161595,0.34476376519161595
tfidf_multimodal,0.3446432128769713,0.3446432128769713
tfidf_energy consumption,0.343979541325688,0.343979541325688
tfidf_via,0.3437823655385739,0.3437823655385739
tfidf_communication,-0.3436556422832402,0.3436556422832402
tfidf_capital,0.3433185584338056,0.3433185584338056
tfidf_intended,0.3430019620264211,0.3430019620264211
tfidf_social and,0.3429768530050795,0.3429768530050795
tfidf_cohesion,0.34285208417144025,0.34285208417144025
tfidf_and regional,-0.3428252833722863,0.3428252833722863
tfidf_full,-0.3426549592099463,0.3426549592099463
tfidf_agencies,-0.3420891190726168,0.3420891190726168
tfidf_achieved,-0.3417563199186334,0.3417563199186334
tfidf_provides,0.3416283794284311,0.3416283794284311
tfidf_analytical,0.34156029362428736,0.34156029362428736
tfidf_the number,0.34086679271571757,0.34086679271571757
tfidf_preparation of,-0.3401572469949598,0.3401572469949598
tfidf_waste,-0.33975990197958306,0.33975990197958306
tfidf_educational,-0.3396339285904545,0.3396339285904545
tfidf_with view,-0.339313733644467,0.339313733644467
tfidf_enabling,0.3389572544229189,0.3389572544229189
tfidf_economic and,-0.33879692228782066,0.33879692228782066
tfidf_evaluation of,0.3386703152242994,0.3386703152242994
tfidf_and systems,0.33858896129715776,0.33858896129715776
tfidf_risks and,-0.3382790496178708,0.3382790496178708
tfidf_introduction of,-0.33822904406316273,0.33822904406316273
tfidf_budget,-0.337731181968157,0.337731181968157
tfidf_countries not,0.33755513940288745,0.33755513940288745
tfidf_needed for,-0.3375028498827153,0.3375028498827153
tfidf_programmes and,-0.3371239962002553,0.3371239962002553
tfidf_strategies and,0.3367685996183003,0.3367685996183003
tfidf_reliability,0.33648509102075946,0.33648509102075946
tfidf_funded by,-0.3362737734745387,0.3362737734745387
tfidf_literacy,-0.33465296385756976,0.33465296385756976
tfidf_combined,-0.3333269148252704,0.3333269148252704
tfidf_production,-0.33331940025055895,0.33331940025055895
tfidf_plastics,-0.33325904558724484,0.33325904558724484
tfidf_transition to,-0.33319715660508736,0.33319715660508736
tfidf_accelerate,-0.33310392825591295,0.33310392825591295
tfidf_do,-0.3330996045233264,0.3330996045233264
tfidf_the atm,0.33294894016718934,0.33294894016718934
tfidf_multi actor,0.3326653206181205,0.3326653206181205
tfidf_regular,-0.3325970132813241,0.3325970132813241
tfidf_efficient and,0.3324484878115238,0.3324484878115238
tfidf_prevention,-0.33230635311418943,0.33230635311418943
tfidf_for research,-0.3320427026287368,0.3320427026287368
tfidf_involved,0.33197676633963225,0.33197676633963225
tfidf_rail,0.3318195317583774,0.3318195317583774
tfidf_of innovative,-0.3318051901248186,0.3318051901248186
tfidf_provision,-0.3317795057927106,0.3317795057927106
tfidf_initial,-0.33161418928094555,0.33161418928094555
tfidf_to which,0.33114092728456945,0.33114092728456945
tfidf_following the,0.3309225323686289,0.3309225323686289
tfidf_climate neutral,-0.33054319144543926,0.33054319144543926
tfidf_affected,-0.33010525314436123,0.33010525314436123
tfidf_that will,-0.3298390391219528,0.3298390391219528
tfidf_support of,-0.3288483361481745,0.3288483361481745
tfidf_the state,0.32834782227116044,0.32834782227116044
tfidf_research should,-0.32815292929879686,0.32815292929879686
tfidf_mode,-0.3280124302633117,0.3280124302633117
tfidf_exchange,0.3279500605220746,0.3279500605220746
tfidf_review,-0.3275271225700605,0.3275271225700605
tfidf_components and,0.3275204434360248,0.3275204434360248
tfidf_res,0.32696427361740676,0.32696427361740676
tfidf_involvement,-0.3269423712574584,0.3269423712574584
tfidf_resilience of,-0.32647911078714026,0.32647911078714026
tfidf_adaptation to,-0.3260744296577701,0.3260744296577701
tfidf_and reduce,0.3260441987315304,0.3260441987315304
tfidf_losses,-0.32596252425937905,0.32596252425937905
tfidf_leadership,-0.32513427918262516,0.32513427918262516
tfidf_the programme,0.3250217018766691,0.3250217018766691
tfidf_easily,0.3244755393597337,0.3244755393597337
tfidf_facilitate the,-0.32442610127036475,0.32442610127036475
tfidf_challenge the,-0.3241715823293736,0.3241715823293736
tfidf_status,-0.32382521617507143,0.32382521617507143
tfidf_the eosc,-0.3235616583948758,0.3235616583948758
tfidf_to deliver,0.32338785892722044,0.32338785892722044
tfidf_take up,0.3231512591005363,0.3231512591005363
tfidf_terms,0.32312244027546494,0.32312244027546494
tfidf_sea,0.3226468361310463,0.3226468361310463
tfidf_consortia,0.32239915120252693,0.32239915120252693
tfidf_and sustainable,0.3223685899949686,0.3223685899949686
tfidf_mutual,0.322181504041198,0.322181504041198
tfidf_the social,0.3221335050304973,0.3221335050304973
tfidf_of existing,0.32204947229894604,0.32204947229894604
sector_standard_rural_development,0.3218564181535725,0.3218564181535725
tfidf_trans,-0.3217631349194971,0.3217631349194971
tfidf_countries in,0.3214872961592323,0.3214872961592323
tfidf_is an,-0.3214698046684565,0.3214698046684565
tfidf_the range,-0.32140980324972424,0.32140980324972424
tfidf_plan,0.3209517174483872,0.3209517174483872
tfidf_therefore,-0.3208228728758396,0.3208228728758396
tfidf_fully,0.320758170029744,0.320758170029744
tfidf_environmentally,0.32065353397789115,0.32065353397789115
tfidf_identify and,0.3202167414547602,0.3202167414547602
tfidf_impact,-0.3201390315345063,0.3201390315345063
tfidf_replication,-0.31993578449952853,0.31993578449952853
tfidf_represent,-0.3199096741357232,0.3199096741357232
tfidf_exposure,-0.31958989885164274,0.31958989885164274
tfidf_and european,-0.3190478224693423,0.3190478224693423
tfidf_mechanism,-0.31902582832905396,0.31902582832905396
tfidf_in all,-0.3189879627643686,0.3189879627643686
tfidf_of concept,-0.3188113150307796,0.3188113150307796
tfidf_and consumption,0.31834381974567355,0.31834381974567355
tfidf_process,-0.31821853807819955,0.31821853807819955
tfidf_the protection,-0.3179439204437128,0.3179439204437128
tfidf_resource efficient,-0.31732514573834336,0.31732514573834336
tfidf_surveillance,0.31730925812221095,0.31730925812221095
tfidf_interoperability of,-0.31710601456935295,0.31710601456935295
tfidf_the provision,0.3170265348728609,0.3170265348728609
tfidf_process of,-0.31700256302913443,0.31700256302913443
tfidf_cef,-0.31695687274450063,0.31695687274450063
tfidf_setting,0.31690074162922344,0.31690074162922344
tfidf_board,-0.3168184592605742,0.3168184592605742
tfidf_eip,0.31650160319498966,0.31650160319498966
tfidf_discrimination,-0.3163518098929899,0.3163518098929899
tfidf_authorities,-0.31628182203192573,0.31628182203192573
tfidf_vehicle,-0.31610987448997524,0.31610987448997524
tfidf_law enforcement,-0.31604531891772025,0.31604531891772025
tfidf_raising,0.31580217755284945,0.31580217755284945
tfidf_ecosystem,-0.31569176159913215,0.31569176159913215
tfidf_dynamics,-0.31568585697627904,0.31568585697627904
tfidf_autonomy,0.31554191726861336,0.31554191726861336
tfidf_situational awareness,-0.3152096126405263,0.3152096126405263
tfidf_as possible,0.3148209681031013,0.3148209681031013
tfidf_monitoring,-0.3147946804636062,0.3147946804636062
tfidf_and best,0.31469776755057377,0.31469776755057377
tfidf_social innovation,0.3146698256642729,0.3146698256642729
sector_standard_water_irrigation,0.3146031743467807,0.3146031743467807
tfidf_eu of,0.31459378059439214,0.31459378059439214
tfidf_supported under,-0.3143089563150496,0.3143089563150496
tfidf_the purpose,-0.3142028726024874,0.3142028726024874
tfidf_description,0.3141410951943786,0.3141410951943786
tfidf_investment in,-0.3141209784863263,0.3141209784863263
tfidf_education,0.313383486634064,0.313383486634064
tfidf_workshops,0.31328098275262845,0.31328098275262845
tfidf_farmers,0.31317063041173554,0.31317063041173554
tfidf_public and,-0.31309637938657625,0.31309637938657625
tfidf_and control,-0.3129260618073425,0.3129260618073425
tfidf_input,-0.3128981046441236,0.3128981046441236
tfidf_known,0.3128743727091179,0.3128743727091179
tfidf_at all,0.31273462808848856,0.31273462808848856
tfidf_2022,-0.31267759817171165,0.31267759817171165
tfidf_the objective,0.3126627097314801,0.3126627097314801
tfidf_the creation,0.3124681198382273,0.3124681198382273
tfidf_2012,0.31206727899694225,0.31206727899694225
tfidf_machine learning,0.31179134845208084,0.31179134845208084
tfidf_sharing and,-0.31103182113701294,0.31103182113701294
tfidf_of research,0.31099545994903854,0.31099545994903854
tfidf_greenhouse,-0.3108401220534762,0.3108401220534762
tfidf_the requirements,-0.3107451455745763,0.3107451455745763
tfidf_space,-0.30986702791729626,0.30986702791729626
tfidf_edge,0.309403910010589,0.309403910010589
tfidf_if,-0.3092466599120058,0.3092466599120058
tfidf_land,0.3092439780358603,0.3092439780358603
tfidf_encouraged to,0.3087253619018451,0.3087253619018451
tfidf_provisions,0.3081381819410812,0.3081381819410812
tfidf_emerging,0.3077107792893195,0.3077107792893195
tfidf_companies,-0.3074382983751406,0.3074382983751406
tfidf_description of,0.3072308395763207,0.3072308395763207
tfidf_among the,-0.30704277147592585,0.30704277147592585
tfidf_optimal,0.3069028156380054,0.3069028156380054
tfidf_base,-0.3066726256290466,0.3066726256290466
tfidf_organic farming,0.3065368361570609,0.3065368361570609
tfidf_with an,-0.3063556105711743,0.3063556105711743
tfidf_soils,0.3062171699805531,0.3062171699805531
tfidf_buildings,0.3061922952123707,0.3061922952123707
tfidf_trajectory,-0.30607499762387275,0.30607499762387275
tfidf_to facilitate,0.30565885158656014,0.30565885158656014
tfidf_societal,-0.3056418778257364,0.3056418778257364
tfidf_resolution,-0.3055472231892978,0.3055472231892978
tfidf_testing and,-0.30528594555474525,0.30528594555474525
tfidf_the development,-0.3052294164362654,0.3052294164362654
tfidf_valuable,-0.305066570117123,0.305066570117123
tfidf_und,0.304962984695953,0.304962984695953
tfidf_collaboration with,0.30431998318963543,0.30431998318963543
tfidf_horizon 2020,-0.3042794864658442,0.3042794864658442
tfidf_robustness,-0.303854394943414,0.303854394943414
tfidf_eur and,0.3037018884165163,0.3037018884165163
tfidf_one,0.3037003245292653,0.3037003245292653
tfidf_the common,0.30352636830604635,0.30352636830604635
tfidf_establishment,-0.3032482107109307,0.3032482107109307
tfidf_proposals under,0.30321653820113537,0.30321653820113537
tfidf_field of,0.30312490035594164,0.30312490035594164
tfidf_life,0.30283988585728366,0.30283988585728366
tfidf_actions should,0.3027403778390358,0.3027403778390358
tfidf_action plan,0.3021795113457782,0.3021795113457782
tfidf_covid 19,0.30210185855999794,0.30210185855999794
tfidf_activities should,0.3020227659981177,0.3020227659981177
tfidf_member states,-0.3019298787076518,0.3019298787076518
tfidf_providing,-0.3018005370413486,0.3018005370413486
tfidf_least two,0.3014825438864139,0.3014825438864139
tfidf_delivery,0.3013954403641028,0.3013954403641028
tfidf_and increase,0.3013519056610519,0.3013519056610519
tfidf_and thus,0.3010733383806403,0.3010733383806403
tfidf_actors,0.3009010913137831,0.3009010913137831
tfidf_the feasibility,0.3008769593241331,0.3008769593241331
tfidf_modern,-0.30083203858533963,0.30083203858533963
tfidf_objectives and,-0.3006250325857692,0.3006250325857692
tfidf_further,-0.3002612346563425,0.3002612346563425
tfidf_use of,-0.299724664890684,0.299724664890684
tfidf_of ai,0.2994780386258693,0.2994780386258693
subtheme_livestock,-0.2994206994646356,0.2994206994646356
tfidf_strategic research,-0.29926089006408957,0.29926089006408957
tfidf_requirements for,-0.2992574035542381,0.2992574035542381
tfidf_the objectives,-0.29892335521203606,0.29892335521203606
tfidf_pesticides,0.29878116206365146,0.29878116206365146
tfidf_as defined,-0.2985664886453643,0.2985664886453643
tfidf_does,0.2984609402117466,0.2984609402117466
tfidf_alignment,0.29836292043877993,0.29836292043877993
tfidf_the different,-0.29830317133365075,0.29830317133365075
tfidf_interface,-0.2976206116929766,0.2976206116929766
tfidf_no,-0.29753407529211934,0.29753407529211934
tfidf_awareness raising,0.29741537351820785,0.29741537351820785
tfidf_and practices,0.29740954589695673,0.29740954589695673
tfidf_more efficient,0.29724453688788305,0.29724453688788305
tfidf_the efficiency,-0.2971393654765408,0.2971393654765408
tfidf_during,-0.2968934723051602,0.2968934723051602
tfidf_this topic,0.29680841667335095,0.29680841667335095
tfidf_trl at,0.2965835625471867,0.2965835625471867
tfidf_countries and,-0.29655480998610245,0.29655480998610245
tfidf_enhancement,-0.29653483447051304,0.29653483447051304
tfidf_member,-0.29652586683489457,0.29652586683489457
tfidf_system for,0.29652193491873496,0.29652193491873496
tfidf_impact and,0.29633612243373697,0.29633612243373697
tfidf_should consider,-0.2962742944332057,0.2962742944332057
tfidf_services and,-0.29624653344538016,0.29624653344538016
tfidf_circular,0.29598310234934805,0.29598310234934805
tfidf_social,-0.2954422694085254,0.2954422694085254
tfidf_web,0.29537380753756737,0.29537380753756737
tfidf_means,-0.2952506261680003,0.2952506261680003
tfidf_understanding of,-0.2951016506650732,0.2951016506650732
tfidf_oj,-0.2948911508570997,0.2948911508570997
tfidf_where relevant,-0.2945404899447854,0.2945404899447854
tfidf_hydrogen,0.2943225031062343,0.2943225031062343
tfidf_eu funded,-0.29430328709571363,0.29430328709571363
tfidf_list of,-0.2940830204579631,0.2940830204579631
tfidf_to achieve,0.2940432454866055,0.2940432454866055
tfidf_achievement of,0.29395831349718543,0.29395831349718543
tfidf_problems,0.29384570114346303,0.29384570114346303
tfidf_https,0.2934500407824956,0.2934500407824956
tfidf_brain,0.2931565859049895,0.2931565859049895
tfidf_more than,-0.2926940690981914,0.2926940690981914
tfidf_must be,-0.29262472740759843,0.29262472740759843
tfidf_impacts,0.29259811622620296,0.29259811622620296
tfidf_to allow,-0.2924973999414219,0.2924973999414219
tfidf_transparent,-0.292278367664262,0.292278367664262
tfidf_competitiveness of,-0.2920120027632387,0.2920120027632387
tfidf_resources and,-0.2918984349559947,0.2918984349559947
tfidf_applications in,-0.29188885509624246,0.29188885509624246
tfidf_mobility,0.29173597099344895,0.29173597099344895
tfidf_the final,-0.29167771418282085,0.29167771418282085
tfidf_resource,-0.2912126925068565,0.2912126925068565
tfidf_requesting,0.29118578635395104,0.29118578635395104
tfidf_understanding,0.2909797158707261,0.2909797158707261
tfidf_40,0.29061451787088294,0.29061451787088294
tfidf_solutions to,0.2905342106935168,0.2905342106935168
tfidf_and to,-0.29039508985245044,0.29039508985245044
tfidf_forces,0.29027788193716497,0.29027788193716497
tfidf_in which,0.29025682022824717,0.29025682022824717
tfidf_applicants,-0.2900862056184834,0.2900862056184834
tfidf_contribute to,0.28976145914742063,0.28976145914742063
tfidf_for new,-0.28965521584188164,0.28965521584188164
tfidf_the services,-0.2893429824837621,0.2893429824837621
tfidf_heat,0.2892431491344941,0.2892431491344941
tfidf_to all,0.28921344110408315,0.28921344110408315
tfidf_environmental and,-0.28832048769867835,0.28832048769867835
tfidf_2016,-0.28816496971575767,0.28816496971575767
tfidf_for more,0.2880717508189344,0.2880717508189344
tfidf_and technologies,-0.28785560433974605,0.28785560433974605
tfidf_of open,0.287621207583323,0.287621207583323
tfidf_the existing,0.2873318902108143,0.2873318902108143
tfidf_perform,-0.28726454637639504,0.28726454637639504
tfidf_of this,-0.287146494838104,0.287146494838104
tfidf_actors in,-0.28709324589060686,0.28709324589060686
tfidf_principal,0.28708145121002704,0.28708145121002704
tfidf_for eu,0.2870335730958405,0.2870335730958405
tfidf_master,0.2866875015077157,0.2866875015077157
tfidf_of european,0.2866689038308431,0.2866689038308431
tfidf_ways,-0.28663695230989633,0.28663695230989633
tfidf_types of,-0.28640335026829966,0.28640335026829966
tfidf_to produce,-0.2861263065580107,0.2861263065580107
tfidf_scaling up,0.28595399384619097,0.28595399384619097
tfidf_examples,0.2858014245405381,0.2858014245405381
tfidf_distribution of,0.28564141841295404,0.28564141841295404
tfidf_developed by,-0.2856055675125977,0.2856055675125977
tfidf_larger,-0.2855104832205112,0.2855104832205112
tfidf_rates,0.2854555801081995,0.2854555801081995
tfidf_assess,-0.28543204515444937,0.28543204515444937
tfidf_accelerating,0.28530663564593717,0.28530663564593717
tfidf_like,-0.28527567806454557,0.28527567806454557
tfidf_data,-0.285151702388496,0.285151702388496
tfidf_http ec,-0.28495348475838256,0.28495348475838256
tfidf_end users,-0.2848790457924465,0.2848790457924465
tfidf_aimed,-0.28460173483503237,0.28460173483503237
tfidf_step,0.28436124894021486,0.28436124894021486
tfidf_vet,-0.2837367979721092,0.2837367979721092
tfidf_globally,0.283605625291941,0.283605625291941
tfidf_host,-0.2832866473849136,0.2832866473849136
tfidf_interoperability and,-0.2832257649460114,0.2832257649460114
tfidf_could also,-0.2831558473694478,0.2831558473694478
tfidf_time to,-0.2830281346037362,0.2830281346037362
tfidf_for europe,0.282114327676665,0.282114327676665
tfidf_environment,-0.2820985985389028,0.2820985985389028
tfidf_evolution of,-0.2817717575129616,0.2817717575129616
tfidf_resource efficiency,-0.2817614661799494,0.2817614661799494
tfidf_for sustainable,0.281662348949715,0.281662348949715
tfidf_income,-0.2815651078318625,0.2815651078318625
tfidf_artificial,-0.28121762767024894,0.28121762767024894
tfidf_and if,-0.2806580072829324,0.2806580072829324
tfidf_million,-0.2805361076616141,0.2805361076616141
tfidf_across,0.28029180235787027,0.28029180235787027
tfidf_hydrogen ju,-0.2801119012051577,0.2801119012051577
sector_standard_agriculture,-0.279976595409124,0.279976595409124
tfidf_eu info,0.27980133857375755,0.27980133857375755
tfidf_also in,-0.2796735441963957,0.2796735441963957
tfidf_government,0.27966439253923087,0.27966439253923087
tfidf_strengthen the,-0.27936811769399506,0.27936811769399506
tfidf_and non,0.2791429083258116,0.2791429083258116
tfidf_appropriate,0.2791404668447605,0.2791404668447605
tfidf_airborne,-0.279125688294731,0.279125688294731
tfidf_avoid,-0.2790565554244158,0.2790565554244158
tfidf_projects funded,-0.2788604670508241,0.2788604670508241
tfidf_governance and,0.2786894386751147,0.2786894386751147
tfidf_dissemination of,-0.27867558852933005,0.27867558852933005
tfidf_goals,-0.2786081992800386,0.2786081992800386
tfidf_under this,0.27856877059338636,0.27856877059338636
tfidf_values,-0.27852726829455626,0.27852726829455626
tfidf_market and,0.27850962353997827,0.27850962353997827
tfidf_information on,-0.27845327131109143,0.27845327131109143
tfidf_to be,0.2780239958614941,0.2780239958614941
tfidf_support actions,0.27797346602808076,0.27797346602808076
tfidf_beneficial,0.27790421691917,0.27790421691917
tfidf_intensive,-0.2778334294147018,0.2778334294147018
tfidf_domain,0.2778202658953183,0.2778202658953183
tfidf_composition,-0.2777801149977109,0.2777801149977109
tfidf_investigate,-0.27738796208331906,0.27738796208331906
tfidf_protection,0.2770338773030789,0.2770338773030789
tfidf_jti,-0.27671498624444757,0.27671498624444757
tfidf_standards,-0.2764770418497457,0.2764770418497457
tfidf_scope,0.2763360766222822,0.2763360766222822
tfidf_moving,-0.2763118066416529,0.2763118066416529
tfidf_such as,-0.2761733057577115,0.2761733057577115
tfidf_eic,0.27564279013457643,0.27564279013457643
tfidf_as part,-0.27560976321113195,0.27560976321113195
tfidf_cl6,-0.27528981913748835,0.27528981913748835
tfidf_horizon cl6,-0.27528981913748835,0.27528981913748835
tfidf_lead to,0.27517849982379333,0.27517849982379333
tfidf_adapt,-0.27486642107545134,0.27486642107545134
tfidf_optimise,-0.27464825545754223,0.27464825545754223
tfidf_proposal will,0.2744562739967514,0.2744562739967514
tfidf_scope the,0.2742839034141886,0.2742839034141886
tfidf_sectors,0.27383658127617294,0.27383658127617294
tfidf_should focus,-0.27374787743817713,0.27374787743817713
tfidf_in order,-0.27366934326098513,0.27366934326098513
tfidf_criminal,0.2735984065045784,0.2735984065045784
tfidf_cap,-0.27358018009691276,0.27358018009691276
tfidf_awarded,-0.2733423571083085,0.2733423571083085
tfidf_2011,0.2732115428006712,0.2732115428006712
tfidf_establish,-0.2730430901999169,0.2730430901999169
tfidf_to market,-0.2729028950583901,0.2729028950583901
tfidf_alliance,0.27282391696324304,0.27282391696324304
tfidf_phase,-0.27268722689481917,0.27268722689481917
tfidf_various,-0.27261914342047444,0.27261914342047444
tfidf_include the,-0.2723002321029122,0.2723002321029122
tfidf_submitted,-0.2722986439336858,0.2722986439336858
tfidf_means of,-0.27217066890371294,0.27217066890371294
tfidf_change and,0.2717684509797948,0.2717684509797948
tfidf_build,-0.2716181954503464,0.2716181954503464
tfidf_should provide,-0.2715628669317735,0.2715628669317735
tfidf_business plan,0.27099406898966416,0.27099406898966416
tfidf_trafficking,0.2709938137312461,0.2709938137312461
tfidf_lines,-0.27085825632937593,0.27085825632937593
tfidf_the call,-0.2703413882085194,0.2703413882085194
tfidf_publications,0.2702911800077179,0.2702911800077179
tfidf_feed,-0.26991036489438813,0.26991036489438813
tfidf_offer,-0.2695858915587218,0.2695858915587218
tfidf_mapping,-0.26922531548829776,0.26922531548829776
tfidf_regional and,-0.2687723659988604,0.2687723659988604
tfidf_period,-0.26875801924760323,0.26875801924760323
tfidf_mitigation and,0.26862054225470544,0.26862054225470544
tfidf_data spaces,-0.26820174195215407,0.26820174195215407
tfidf_mitigation,0.268134686508938,0.268134686508938
tfidf_medium term,0.2678689879788599,0.2678689879788599
tfidf_project is,-0.26756733823834206,0.26756733823834206
tfidf_enabling technologies,-0.26747537564357815,0.26747537564357815
tfidf_2027,-0.2671550660971735,0.2671550660971735
tfidf_ten,-0.26697979653560167,0.26697979653560167
tfidf_in and,-0.2666265123370101,0.2666265123370101
tfidf_is the,0.26662243707928457,0.26662243707928457
tfidf_behaviour,-0.26636477486984017,0.26636477486984017
tfidf_pan european,-0.2663605154963946,0.2663605154963946
tfidf_case of,-0.26632989647184707,0.26632989647184707
tfidf_particular attention,0.2662150832807755,0.2662150832807755
tfidf_increase their,0.2661546132572797,0.2661546132572797
tfidf_short term,0.26600777214427596,0.26600777214427596
tfidf_labs,0.26596610252297703,0.26596610252297703
tfidf_has been,0.2659231872732888,0.2659231872732888
tfidf_used,-0.2658372645366105,0.2658372645366105
tfidf_under horizon,0.26582884072031554,0.26582884072031554
tfidf_point,-0.2655381148169917,0.2655381148169917
tfidf_of all,-0.2650793745361898,0.2650793745361898
tfidf_interest,-0.26481222296768514,0.26481222296768514
tfidf_of different,-0.2646624877764706,0.2646624877764706
tfidf_order to,-0.2645584810191577,0.2645584810191577
tfidf_enhancing,-0.26425824040885054,0.26425824040885054
tfidf_link,0.2640599209950554,0.2640599209950554
tfidf_as an,-0.2638603727292562,0.2638603727292562
tfidf_aquaculture,-0.2638446640936486,0.2638446640936486
tfidf_data sharing,-0.2636508063831583,0.2636508063831583
tfidf_view to,-0.26318795916162935,0.26318795916162935
tfidf_operation,-0.2628407346198178,0.2628407346198178
tfidf_ongoing,-0.2626888826051641,0.2626888826051641
tfidf_and water,0.2625159120341587,0.2625159120341587
tfidf_and analysis,-0.26230963853240286,0.26230963853240286
tfidf_through,-0.2622106965859953,0.2622106965859953
tfidf_agreements,-0.2617576695783518,0.2617576695783518
tfidf_projects to,0.2617554822061655,0.2617554822061655
tfidf_applying,-0.2616870757489011,0.2616870757489011
subtheme_climate_smart_agriculture,0.26166048285202503,0.26166048285202503
tfidf_maintenance,0.2614580889590476,0.2614580889590476
tfidf_possible,0.2614434353205485,0.2614434353205485
tfidf_instruments,0.2613826409101534,0.2613826409101534
tfidf_scenarios,-0.2610956946938851,0.2610956946938851
tfidf_secondary,0.26104465535962107,0.26104465535962107
tfidf_concerned,0.2608868572711884,0.2608868572711884
tfidf_triggered,-0.26082615763297184,0.26082615763297184
tfidf_offshore,0.260824535926964,0.260824535926964
tfidf_products in,-0.2606821950482742,0.2606821950482742
tfidf_to enable,-0.2605211052049924,0.2605211052049924
tfidf_help to,0.2592175958972289,0.2592175958972289
tfidf_impact on,-0.25912906831688926,0.25912906831688926
tfidf_and waste,-0.25903439892302826,0.25903439892302826
tfidf_to strengthen,0.2588694046557192,0.2588694046557192
tfidf_ways to,-0.25872376931770585,0.25872376931770585
tfidf_the cost,0.25871853835115444,0.25871853835115444
tfidf_the innovation,-0.2585177901452414,0.2585177901452414
tfidf_and services,-0.25848273812747885,0.25848273812747885
tfidf_climate action,-0.25829847482192003,0.25829847482192003
tfidf_dimension,0.25821486621735,0.25821486621735
tfidf_performed,-0.2580244409122589,0.2580244409122589
tfidf_of health,0.25779661082318533,0.25779661082318533
tfidf_topic and,0.25753481454811866,0.25753481454811866
tfidf_and innovation,-0.2574690672260892,0.2574690672260892
tfidf_proposal,0.25740655619397307,0.25740655619397307
tfidf_after,-0.25734386347597565,0.25734386347597565
tfidf_building and,-0.2573039687914039,0.2573039687914039
tfidf_of regulation,-0.2572137726210957,0.2572137726210957
tfidf_building blocks,-0.25713629209727523,0.25713629209727523
tfidf_experimentation,-0.25704433122011905,0.25704433122011905
tfidf_projects are,0.25675324052735915,0.25675324052735915
tfidf_competitiveness,-0.2567070139468568,0.2567070139468568
tfidf_based products,-0.2561936758112278,0.2561936758112278
tfidf_on the,-0.25613519770236465,0.25613519770236465
tfidf_should contribute,0.2560042544055935,0.2560042544055935
tfidf_the projects,0.2559232913351809,0.2559232913351809
tfidf_contact,0.25568339575336396,0.25568339575336396
tfidf_protection of,-0.2556703797241869,0.2556703797241869
tfidf_it should,-0.2556191351627052,0.2556191351627052
tfidf_peer,-0.2553267690981345,0.2553267690981345
tfidf_the funding,0.2553231073670662,0.2553231073670662
tfidf_others,0.25531082116182285,0.25531082116182285
tfidf_creation of,0.255263878715191,0.255263878715191
tfidf_scaling,0.2552095005294207,0.2552095005294207
tfidf_cost effectiveness,0.25514159103625306,0.25514159103625306
tfidf_flows,0.2551123637947192,0.2551123637947192
tfidf_actively,-0.2550478755424674,0.2550478755424674
tfidf_located,0.2549740081416806,0.2549740081416806
tfidf_coordinate,-0.2549288620759917,0.2549288620759917
tfidf_and cost,0.25492394482637104,0.25492394482637104
tfidf_promote the,0.25450780206781576,0.25450780206781576
tfidf_healthy and,-0.25433003711178026,0.25433003711178026
tfidf_and financial,0.2540634149633173,0.2540634149633173
tfidf_whole,0.2540427842393334,0.2540427842393334
tfidf_thus,0.2538121113783916,0.2538121113783916
tfidf_innovation in,0.253735032276173,0.253735032276173
tfidf_changes,-0.25371486638707624,0.25371486638707624
tfidf_directive,0.25340877774056136,0.25340877774056136
tfidf_europa eu,-0.2533494663787319,0.2533494663787319
tfidf_third country,-0.2531937899038606,0.2531937899038606
tfidf_including the,-0.25296687510785226,0.25296687510785226
tfidf_changes in,0.2527851560439359,0.2527851560439359
tfidf_much,0.25272252572162507,0.25272252572162507
tfidf_recent,0.25272099186461117,0.25272099186461117
tfidf_decision,-0.2523520124009489,0.2523520124009489
tfidf_includes,0.252324004221777,0.252324004221777
tfidf_the global,-0.252236215110709,0.252236215110709
tfidf_the art,0.2520454432237191,0.2520454432237191
tfidf_planned,0.25183894031664955,0.25183894031664955
tfidf_hate,0.2516938570452924,0.2516938570452924
tfidf_list,-0.2514682961820146,0.2514682961820146
tfidf_expand,-0.25139352824244837,0.25139352824244837
tfidf_content,-0.2513878581950836,0.2513878581950836
tfidf_ensure that,0.251252822993488,0.251252822993488
tfidf_development,0.2512289478857358,0.2512289478857358
tfidf_differences,0.2510817166012226,0.2510817166012226
tfidf_optimised,0.2508871040423947,0.2508871040423947
tfidf_pdf,-0.25085541205698175,0.25085541205698175
tfidf_business opportunities,-0.25083659894954413,0.25083659894954413
tfidf_specific objectives,-0.2507950442161214,0.2507950442161214
tfidf_next,0.2507599688730986,0.2507599688730986
tfidf_sfs,0.2505304391603075,0.2505304391603075
tfidf_and capacity,0.2503366749543744,0.2503366749543744
tfidf_energy storage,-0.25028209361102144,0.25028209361102144
tfidf_they will,0.2501252075688771,0.2501252075688771
tfidf_it is,0.24992379723032704,0.24992379723032704
tfidf_and dissemination,-0.24976328114572954,0.24976328114572954
tfidf_based solutions,0.24971821744900197,0.24971821744900197
tfidf_following outcomes,-0.24940535642135964,0.24940535642135964
tfidf_challenge in,0.24921914904623607,0.24921914904623607
tfidf_urban areas,0.24910885971463678,0.24910885971463678
tfidf_components,0.24900310568070477,0.24900310568070477
tfidf_the next,0.24896467937720085,0.24896467937720085
tfidf_for instance,0.24826474538671842,0.24826474538671842
tfidf_and solutions,-0.2481809296156051,0.2481809296156051
tfidf_grant agreement,-0.24807242328996837,0.24807242328996837
tfidf_the current,0.2478592647290105,0.2478592647290105
tfidf_impact in,-0.24771721013413053,0.24771721013413053
tfidf_out of,-0.24755588852787083,0.24755588852787083
tfidf_directly,-0.24753650857304685,0.24753650857304685
tfidf_facilitate,-0.24750097338685645,0.24750097338685645
tfidf_decision making,-0.24710184972663468,0.24710184972663468
tfidf_resilience,0.24688102992734853,0.24688102992734853
tfidf_local and,-0.246779954207461,0.246779954207461
tfidf_barriers,0.24671507173485374,0.24671507173485374
tfidf_depending,-0.24645195490721217,0.24645195490721217
tfidf_workforce,-0.24640840533902375,0.24640840533902375
tfidf_right,-0.2463313539081431,0.2463313539081431
tfidf_actions and,-0.24626578610499694,0.24626578610499694
tfidf_furthermore,-0.24598735156240292,0.24598735156240292
tfidf_where the,-0.24584834394817257,0.24584834394817257
tfidf_both in,-0.24583282112095522,0.24583282112095522
tfidf_the following,-0.2456776392581051,0.2456776392581051
tfidf_lex,0.24566445133469356,0.24566445133469356
tfidf_demand for,-0.24535778809888734,0.24535778809888734
tfidf_the council,0.24524176473002304,0.24524176473002304
tfidf_affect,0.24479557710531108,0.24479557710531108
tfidf_functionality,0.2445844250529219,0.2445844250529219
tfidf_concept of,-0.2443871068161787,0.2443871068161787
tfidf_operational,-0.2443096301995767,0.2443096301995767
tfidf_circular economy,-0.24411544896774992,0.24411544896774992
tfidf_applied,0.2439742962076253,0.2439742962076253
tfidf_or in,-0.2439626446879211,0.2439626446879211
tfidf_how to,0.24381169306993997,0.24381169306993997
tfidf_synergies with,-0.24367286614289102,0.24367286614289102
tfidf_affordable,-0.2434193011981001,0.2434193011981001
tfidf_in european,-0.24339870491272997,0.24339870491272997
tfidf_addressing,0.24324806855142075,0.24324806855142075
tfidf_integration,-0.24314811233074865,0.24314811233074865
tfidf_the above,-0.24278040207499926,0.24278040207499926
tfidf_each,-0.24266364874777072,0.24266364874777072
tfidf_operating,-0.24260775007368585,0.24260775007368585
tfidf_in their,-0.24231564055723012,0.24231564055723012
tfidf_frameworks,0.24218098143839323,0.24218098143839323
tfidf_systems for,-0.24212441518390837,0.24212441518390837
tfidf_steps,-0.2418223348220496,0.2418223348220496
tfidf_materials for,-0.2416801396033786,0.2416801396033786
tfidf_entities,0.24158671037636664,0.24158671037636664
tfidf_certain,0.24143183681153504,0.24143183681153504
tfidf_and million,0.24141092545671225,0.24141092545671225
tfidf_participate in,-0.2414017240976011,0.2414017240976011
tfidf_potential,0.24129312229246253,0.24129312229246253
tfidf_consequences,-0.2409237525530366,0.2409237525530366
tfidf_defining,-0.24084386476181271,0.24084386476181271
tfidf_and operational,0.24074690090864956,0.24074690090864956
tfidf_its,0.24039311397694008,0.24039311397694008
tfidf_eosc,-0.24031588705070675,0.24031588705070675
tfidf_clusters,0.24029839169525782,0.24029839169525782
tfidf_connections,0.24026038211348252,0.24026038211348252
tfidf_greenhouse gas,-0.24019627081866318,0.24019627081866318
tfidf_gaps,-0.2401847667466674,0.2401847667466674
tfidf_not,0.23993012353180002,0.23993012353180002
tfidf_water and,-0.2398108695871612,0.2398108695871612
tfidf_database,-0.23962458958362887,0.23962458958362887
tfidf_be,-0.23959748106880363,0.23959748106880363
tfidf_behavioural,0.23939216189875132,0.23939216189875132
tfidf_supports,0.2393585863040199,0.2393585863040199
tfidf_full topic,0.23925850379505212,0.23925850379505212
tfidf_the value,0.2392294131891627,0.2392294131891627
tfidf_the implementation,0.23912565278946613,0.23912565278946613
tfidf_the benefits,0.23907624105153294,0.23907624105153294
tfidf_be made,-0.2389432665729065,0.2389432665729065
tfidf_to apply,0.23887010702653724,0.23887010702653724
tfidf_reporting,-0.23837689568779002,0.23837689568779002
tfidf_advanced,-0.23835732894803982,0.23835732894803982
tfidf_to further,-0.23810904864594243,0.23810904864594243
tfidf_flexibility,-0.23809683671319534,0.23809683671319534
tfidf_exercise,-0.23794430541313177,0.23794430541313177
tfidf_local communities,-0.23737901567423703,0.23737901567423703
tfidf_promote,-0.2373084935708385,0.2373084935708385
tfidf_new and,-0.23687854794937202,0.23687854794937202
tfidf_the operational,-0.23629764734288292,0.23629764734288292
tfidf_potentially,-0.23625343400023086,0.23625343400023086
tfidf_need for,-0.23622046715149694,0.23622046715149694
tfidf_existing and,0.23616707826620767,0.23616707826620767
tfidf_cost effective,0.23607295061094027,0.23607295061094027
tfidf_innovators,-0.23575558451325912,0.23575558451325912
tfidf_closely,0.23534799634775855,0.23534799634775855
tfidf_long term,0.2353204717639303,0.2353204717639303
tfidf_acquisition,0.23483838396673853,0.23483838396673853
tfidf_and care,-0.23480966169336526,0.23480966169336526
tfidf_recommendations,-0.23458620803821656,0.23458620803821656
tfidf_conditions,-0.2344972754011713,0.2344972754011713
tfidf_european commission,0.23434888124250927,0.23434888124250927
tfidf_instance,0.2342069988834965,0.2342069988834965
tfidf_driven,0.2340724477518632,0.2340724477518632
tfidf_networking,-0.23338226008663693,0.23338226008663693
tfidf_see,0.2332040648292811,0.2332040648292811
tfidf_optimisation,0.23309495219995952,0.23309495219995952
tfidf_well,0.23307392161127197,0.23307392161127197
tfidf_supporting the,-0.23306380850373165,0.23306380850373165
tfidf_available,-0.23306181509622118,0.23306181509622118
tfidf_to reach,-0.2327052097866855,0.2327052097866855
tfidf_include,-0.2326471699675184,0.2326471699675184
tfidf_and public,0.2323965503841205,0.2323965503841205
tfidf_duty,-0.23230533573156,0.23230533573156
tfidf_is considered,0.231771196446765,0.231771196446765
tfidf_capacity building,-0.23176130214559149,0.23176130214559149
tfidf_more of,0.2317449696234543,0.2317449696234543
tfidf_transfer,-0.23171079763354255,0.23171079763354255
tfidf_sensitive,-0.23146241036462975,0.23146241036462975
tfidf_objectives of,-0.23140418369152563,0.23140418369152563
tfidf_since,0.23133009719783554,0.23133009719783554
tfidf_triggered by,-0.231165200403695,0.231165200403695
tfidf_coaching,0.23092474567358393,0.23092474567358393
tfidf_account the,-0.23090882241027097,0.23090882241027097
tfidf_required to,0.23078098880247638,0.23078098880247638
tfidf_explain,0.23077640842088942,0.23077640842088942
tfidf_infrastructures and,-0.23046822766087618,0.23046822766087618
tfidf_approach to,-0.23030252967424114,0.23030252967424114
tfidf_the required,-0.23019058916865734,0.23019058916865734
tfidf_distribution,0.23015098691985886,0.23015098691985886
tfidf_delegation,-0.23004521626993327,0.23004521626993327
tfidf_loss,-0.22995262915331507,0.22995262915331507
tfidf_15,0.22988999413526753,0.22988999413526753
tfidf_science,0.22982590543139136,0.22982590543139136
tfidf_expertise,-0.22972146904916824,0.22972146904916824
tfidf_ес,0.22967024437496994,0.22967024437496994
tfidf_the related,-0.22962998408807722,0.22962998408807722
tfidf_alternative,0.22954351326470468,0.22954351326470468
tfidf_the assessment,0.22952662367818963,0.22952662367818963
tfidf_lump,0.22948313543127585,0.22948313543127585
tfidf_innovation and,0.22947653564715406,0.22947653564715406
tfidf_allow,0.22938719160624133,0.22938719160624133
tfidf_the process,-0.22924399242515997,0.22924399242515997
tfidf_disorders,0.22898447882712586,0.22898447882712586
tfidf_and resilient,0.22882645256680123,0.22882645256680123
tfidf_looking,0.22871507698280502,0.22871507698280502
tfidf_have the,-0.22869237805102605,0.22869237805102605
tfidf_diversity of,-0.22851951653889457,0.22851951653889457
tfidf_proposals shall,-0.22827213145661826,0.22827213145661826
tfidf_methodologies,-0.2282456440286675,0.2282456440286675
tfidf_capable,-0.2281375416573298,0.2281375416573298
tfidf_systems the,-0.22810051227421,0.22810051227421
tfidf_however the,0.22772732928451397,0.22772732928451397
tfidf_actions for,-0.227578639247956,0.227578639247956
tfidf_active,0.2274047034402507,0.2274047034402507
tfidf_the establishment,-0.2272832086808321,0.2272832086808321
tfidf_and improved,-0.22717995153984347,0.22717995153984347
tfidf_sensors,-0.22712959550344874,0.22712959550344874
tfidf_proof,-0.22708280271887235,0.22708280271887235
tfidf_made available,-0.22702278457389097,0.22702278457389097
tfidf_which can,0.22702270748949063,0.22702270748949063
tfidf_and medium,-0.22696765252959322,0.22696765252959322
tfidf_data to,0.2269097386958647,0.2269097386958647
tfidf_spread,-0.226871624506807,0.226871624506807
tfidf_become,-0.22686314441028946,0.22686314441028946
tfidf_are encouraged,0.2267995810605208,0.2267995810605208
tfidf_uptake of,-0.22679224451529645,0.22679224451529645
tfidf_related to,0.2266736216701893,0.2266736216701893
tfidf_amounts,0.22647720177088576,0.22647720177088576
tfidf_projects in,-0.22643974776661843,0.22643974776661843
tfidf_and will,-0.22642212457836516,0.22642212457836516
tfidf_demonstrations,-0.22628709781452327,0.22628709781452327
tfidf_the research,0.22610530449135519,0.22610530449135519
tfidf_policy and,-0.22606533799565315,0.22606533799565315
tfidf_density,-0.2257926560702575,0.2257926560702575
tfidf_comparison,-0.2254851585641637,0.2254851585641637
tfidf_borders,0.22526407768493495,0.22526407768493495
tfidf_advisors,0.22526037798099022,0.22526037798099022
tfidf_fossil,-0.22506253467331166,0.22506253467331166
tfidf_and impact,-0.2250547381130489,0.2250547381130489
tfidf_collection,-0.22483601967359917,0.22483601967359917
tfidf_data in,-0.22460944826016646,0.22460944826016646
tfidf_of bio,0.22439599897976414,0.22439599897976414
tfidf_european union,-0.2241637390538203,0.2241637390538203
tfidf_date,-0.2241304498496884,0.2241304498496884
tfidf_is encouraged,-0.22408078108420562,0.22408078108420562
tfidf_shall address,-0.2239403235681793,0.2239403235681793
tfidf_resulting,-0.22372792803540642,0.22372792803540642
tfidf_implement,0.22357201187935227,0.22357201187935227
tfidf_the costs,-0.2234771290860847,0.2234771290860847
tfidf_of data,-0.22346181496737005,0.22346181496737005
tfidf_observation,0.22332945801934667,0.22332945801934667
tfidf_and future,-0.22280034082209965,0.22280034082209965
tfidf_and open,0.22279155616500085,0.22279155616500085
tfidf_fuels,-0.22275111529452443,0.22275111529452443
tfidf_generation,-0.22265893891340716,0.22265893891340716
tfidf_the strategic,0.22263695548975534,0.22263695548975534
tfidf_the network,-0.22263445827932876,0.22263445827932876
tfidf_validate,0.22231153465078227,0.22231153465078227
tfidf_pan,-0.22225670387807162,0.22225670387807162
tfidf_interoperability,-0.22200994748487676,0.22200994748487676
tfidf_novel,0.22180682105640082,0.22180682105640082
tfidf_and society,0.2217857640605908,0.2217857640605908
tfidf_aimed at,-0.2214117245044638,0.2214117245044638
tfidf_reuse,-0.22140962711251091,0.22140962711251091
tfidf_adaptation,-0.22122984797336892,0.22122984797336892
tfidf_separation,0.220890154738928,0.220890154738928
tfidf_all the,-0.22043941510292334,0.22043941510292334
tfidf_the competitiveness,-0.22034665248551982,0.22034665248551982
tfidf_over,-0.22034644948510188,0.22034644948510188
tfidf_depending on,-0.21999218144738855,0.21999218144738855
tfidf_uses,-0.21958511358236307,0.21958511358236307
tfidf_use,-0.21933718881975564,0.21933718881975564
tfidf_need to,0.21903993009243652,0.21903993009243652
tfidf_economically,-0.21901437065583587,0.21901437065583587
tfidf_communities and,-0.21890353737194826,0.21890353737194826
tfidf_managing,0.2189023335905627,0.2189023335905627
tfidf_planning,0.2187991012992238,0.2187991012992238
tfidf_and training,0.21873107526183555,0.21873107526183555
tfidf_compared,-0.21867868435403956,0.21867868435403956
tfidf_and sustainability,-0.21862104538893684,0.21862104538893684
tfidf_applications and,-0.2185280510097899,0.2185280510097899
tfidf_commercial,-0.2185143126936954,0.2185143126936954
tfidf_weather,-0.21849991930629437,0.21849991930629437
tfidf_field,0.21842150754388015,0.21842150754388015
tfidf_channels,0.21839650087334128,0.21839650087334128
tfidf_additional,-0.218194055575574,0.218194055575574
tfidf_and re,0.21796285348161665,0.21796285348161665
tfidf_sources,-0.21785625850844453,0.21785625850844453
tfidf_the expected,0.21785128236974527,0.21785128236974527
tfidf_project activities,-0.21765852181002185,0.21765852181002185
tfidf_to eu,0.21759319229048055,0.21759319229048055
tfidf_innovative solutions,0.21754978933039623,0.21754978933039623
tfidf_that could,-0.21742924288731955,0.21742924288731955
tfidf_special,-0.21725924315478531,0.21725924315478531
tfidf_and technological,0.2168485029376857,0.2168485029376857
tfidf_that proposals,0.21665776296802003,0.21665776296802003
tfidf_regional or,-0.21663450732045586,0.21663450732045586
tfidf_union quality,0.21662093102007388,0.21662093102007388
tfidf_non,-0.21656515107496463,0.21656515107496463
tfidf_implemented by,-0.21648908872022227,0.21648908872022227
tfidf_costs,-0.21642365285764034,0.21642365285764034
tfidf_benefits,-0.21626088248279857,0.21626088248279857
tfidf_aim,0.2159923542077512,0.2159923542077512
tfidf_profile,-0.21585582522306745,0.21585582522306745
tfidf_to cover,0.2158522121885987,0.2158522121885987
tfidf_section,0.2158305074938419,0.2158305074938419
tfidf_opportunities and,0.21577417578787356,0.21577417578787356
tfidf_forms,-0.21572555252780118,0.21572555252780118
tfidf_increasing the,-0.21557369708979596,0.21557369708979596
tfidf_towards the,0.21552345235708223,0.21552345235708223
tfidf_works,-0.2155211768690901,0.2155211768690901
tfidf_eu research,-0.21520389730764072,0.21520389730764072
tfidf_covering,-0.2151516294680441,0.2151516294680441
tfidf_competences,-0.2150656535544859,0.2150656535544859
tfidf_successful proposal,0.21504083646940667,0.21504083646940667
tfidf_and the,-0.21501189648060634,0.21501189648060634
tfidf_rate,-0.21499620544912543,0.21499620544912543
tfidf_relevant eu,-0.2149332338352319,0.2149332338352319
tfidf_diagnosis,-0.21480028168166795,0.21480028168166795
tfidf_predictive,0.214782877402012,0.214782877402012
tfidf_technical,-0.21476107635841782,0.21476107635841782
tfidf_balance,-0.21464331976622344,0.21464331976622344
tfidf_relevant stakeholders,-0.21462497581018372,0.21462497581018372
tfidf_be included,-0.21453000442024084,0.21453000442024084
tfidf_effects of,-0.21449474287096573,0.21449474287096573
tfidf_ip,0.2143633534876402,0.2143633534876402
tfidf_2013,0.21429003397947946,0.21429003397947946
tfidf_decarbonisation,-0.21398964610582774,0.21398964610582774
tfidf_ecosystem services,-0.2139893539132405,0.2139893539132405
tfidf_sharing,-0.21384217547266843,0.21384217547266843
tfidf_the effectiveness,-0.213762738247882,0.213762738247882
tfidf_concrete,-0.2137590928653458,0.2137590928653458
tfidf_perspective,-0.21339038012807235,0.21339038012807235
tfidf_and smes,0.21279783768476143,0.21279783768476143
tfidf_will address,-0.21246481434162115,0.21246481434162115
tfidf_approaches and,-0.21245260642780778,0.21245260642780778
tfidf_units,-0.21245138034643238,0.21245138034643238
publish_quarter,0.21231531851091334,0.21231531851091334
tfidf_amounts expected,0.21230690280693856,0.21230690280693856
tfidf_relevant to,-0.21153255192100306,0.21153255192100306
tfidf_activities,-0.2114405517525958,0.2114405517525958
tfidf_and development,0.21138021251512362,0.21138021251512362
tfidf_provided,0.21136510532926792,0.21136510532926792
tfidf_whilst,-0.21134261307864038,0.21134261307864038
tfidf_enable the,-0.21109070999647916,0.21109070999647916
tfidf_focusing on,0.21101876233374675,0.21101876233374675
tfidf_pp,-0.21079441566791712,0.21079441566791712
tfidf_the activities,0.21067209832704067,0.21067209832704067
tfidf_the safety,0.21054516300905488,0.21054516300905488
tfidf_integration of,-0.2105129162105056,0.2105129162105056
tfidf_benefit,-0.2104421684637273,0.2104421684637273
tfidf_are,0.2102519679705218,0.2102519679705218
tfidf_the proposed,0.2101600386021023,0.2101600386021023
tfidf_element,-0.209981118653237,0.209981118653237
tfidf_societies,0.20965011329586744,0.20965011329586744
tfidf_costs and,0.20947361854580382,0.20947361854580382
tfidf_entrepreneurship,-0.20929833094286338,0.20929833094286338
tfidf_months,-0.20926990052199457,0.20926990052199457
tfidf_an integrated,0.2091879853306243,0.2091879853306243
tfidf_and market,-0.20892862694436923,0.20892862694436923
tfidf_resistance,-0.20882349731028063,0.20882349731028063
tfidf_line with,-0.20872539666407255,0.20872539666407255
tfidf_ngos,-0.20856701699698676,0.20856701699698676
tfidf_and further,-0.20843718422395482,0.20843718422395482
tfidf_variety,-0.2083915684844493,0.2083915684844493
tfidf_covid,0.20827519483151105,0.20827519483151105
tfidf_result in,-0.2082695089799172,0.2082695089799172
tfidf_aims,0.20808430480815202,0.20808430480815202
tfidf_areas of,0.2080062016487989,0.2080062016487989
tfidf_included in,-0.2078230493346763,0.2078230493346763
tfidf_environmental impact,-0.20781862019262293,0.20781862019262293
tfidf_the local,-0.207569440246932,0.207569440246932
tfidf_not limited,-0.2072700700886855,0.2072700700886855
tfidf_https www,0.2068468817703047,0.2068468817703047
tfidf_several,-0.20684525494824255,0.20684525494824255
tfidf_rri,-0.20681987043532687,0.20681987043532687
tfidf_animal welfare,0.2065142759726129,0.2065142759726129
tfidf_patterns,0.2063381380491534,0.2063381380491534
tfidf_should include,0.2062245576573455,0.2062245576573455
tfidf_provide the,0.20609666496339515,0.20609666496339515
tfidf_how,0.2059653334729444,0.2059653334729444
tfidf_machine,0.205927371242211,0.205927371242211
tfidf_technology and,0.20581803472148497,0.20581803472148497
tfidf_and technology,0.20577396774918688,0.20577396774918688
tfidf_audiovisual,0.20576687451633685,0.20576687451633685
tfidf_preclude submission,0.20560853301160895,0.20560853301160895
tfidf_roadmap,0.2054274799157291,0.2054274799157291
tfidf_eligibility,-0.20491062555914527,0.20491062555914527
tfidf_in real,-0.20474962098823182,0.20474962098823182
tfidf_states,-0.20457959972579773,0.20457959972579773
tfidf_this includes,0.20451651482714947,0.20451651482714947
tfidf_travel,0.20450987040499058,0.20450987040499058
tfidf_of knowledge,0.20446798443969666,0.20446798443969666
tfidf_25,0.20435270731195684,0.20435270731195684
tfidf_between the,-0.20429343998068283,0.20429343998068283
tfidf_airports,0.20421844120010066,0.20421844120010066
tfidf_needs,-0.20415871953717546,0.20415871953717546
tfidf_throughout the,0.20410360545711578,0.20410360545711578
tfidf_contributions,0.20405159087318975,0.20405159087318975
tfidf_training and,0.2039333986779755,0.2039333986779755
tfidf_and civil,-0.20392573854043475,0.20392573854043475
tfidf_seamless,0.20382652502591703,0.20382652502591703
tfidf_disaster,-0.20380144811634912,0.20380144811634912
tfidf_scale up,0.20378972788610467,0.20378972788610467
tfidf_centred,-0.2037163730426902,0.2037163730426902
tfidf_support and,0.2035700887921719,0.2035700887921719
tfidf_farms,0.20350142566536708,0.20350142566536708
tfidf_cooling,-0.20338252996846265,0.20338252996846265
tfidf_multi,-0.20335460301821967,0.20335460301821967
tfidf_ideas,0.20313209725251288,0.20313209725251288
tfidf_and rural,0.20310084196131278,0.20310084196131278
tfidf_rural areas,-0.2030630129643824,0.2030630129643824
tfidf_continue,-0.2030159613631197,0.2030159613631197
tfidf_not be,0.20283441020084636,0.20283441020084636
tfidf_between eur,0.20264893275645424,0.20264893275645424
tfidf_best practice,-0.2026271398940149,0.2026271398940149
tfidf_adoption of,0.2025821456377033,0.2025821456377033
tfidf_open access,0.20242773287895852,0.20242773287895852
tfidf_or the,0.20213898125702795,0.20213898125702795
tfidf_interoperable,0.20205664206134175,0.20205664206134175
tfidf_humanities h2020,0.20196756195272283,0.20196756195272283
tfidf_faster,-0.2019345352120613,0.2019345352120613
tfidf_of defence,-0.20160785507864795,0.20160785507864795
tfidf_and social,-0.201430913240513,0.201430913240513
tfidf_take,0.2014014354460055,0.2014014354460055
tfidf_downstream,-0.20133323891468174,0.20133323891468174
tfidf_safety of,0.20125844789997166,0.20125844789997166
tfidf_to an,0.2006092758116195,0.2006092758116195
tfidf_of future,-0.20060027579701112,0.20060027579701112
tfidf_on board,-0.2005925286354198,0.2005925286354198
tfidf_annual,0.20054861569835275,0.20054861569835275
tfidf_topic the,0.200541635620126,0.200541635620126
tfidf_substantial,-0.20052144955883727,0.20052144955883727
tfidf_methods to,0.20039178404571387,0.20039178404571387
tfidf_the challenge,0.20023576431882464,0.20023576431882464
tfidf_packaging,-0.19991838496477723,0.19991838496477723
tfidf_maturity,0.19991322173693554,0.19991322173693554
tfidf_ability to,0.19948962275160234,0.19948962275160234
tfidf_over the,-0.19940586433966337,0.19940586433966337
tfidf_organisation,0.19931076633273664,0.19931076633273664
tfidf_interactive,-0.1991940594934216,0.1991940594934216
tfidf_integrate,-0.1991248388103442,0.1991248388103442
tfidf_activity,-0.19903233530758357,0.19903233530758357
tfidf_adaptation and,0.1989031467287593,0.1989031467287593
tfidf_linking,0.1988119332747101,0.1988119332747101
tfidf_test and,-0.19875035428265156,0.19875035428265156
tfidf_in line,-0.198745859168773,0.198745859168773
tfidf_data from,0.19860909705488342,0.19860909705488342
tfidf_professional,-0.1983032366247491,0.1983032366247491
tfidf_representatives,-0.19825747593052412,0.19825747593052412
tfidf_products,-0.19799364028101366,0.19799364028101366
tfidf_area,0.19790366634032946,0.19790366634032946
tfidf_annex of,-0.19781962911320672,0.19781962911320672
tfidf_considered,0.1971917003756314,0.1971917003756314
tfidf_the successful,0.1971407736427282,0.1971407736427282
tfidf_innovative,0.19698761862070222,0.19698761862070222
tfidf_following expected,0.1969604844740937,0.1969604844740937
tfidf_and improve,0.19690117080742997,0.19690117080742997
tfidf_for different,-0.19686047023095346,0.19686047023095346
tfidf_the performance,-0.19682538750999012,0.19682538750999012
tfidf_where appropriate,0.19672037803849005,0.19672037803849005
tfidf_pre,-0.196646066300241,0.196646066300241
tfidf_be considered,0.19658010370167792,0.19658010370167792
tfidf_pressure,0.19651310431528757,0.19651310431528757
tfidf_2020,0.19641749452680524,0.19641749452680524
tfidf_indirect,-0.1963555409939669,0.1963555409939669
tfidf_wherever,-0.1962720733890213,0.1962720733890213
tfidf_that would,-0.19608521502188486,0.19608521502188486
tfidf_design and,-0.19605861681700992,0.19605861681700992
tfidf_detect,0.19602024298889534,0.19602024298889534
tfidf_to optimise,-0.1959216024356657,0.1959216024356657
tfidf_accurate,0.19574693258876086,0.19574693258876086
tfidf_partnership,0.19546485039694123,0.19546485039694123
tfidf_crop,0.19531728135080373,0.19531728135080373
tfidf_impact of,-0.19531472362913366,0.19531472362913366
tfidf_research innovation,0.19523131842608346,0.19523131842608346
tfidf_results,-0.19520075029497574,0.19520075029497574
tfidf_funded under,-0.19480952548767289,0.19480952548767289
tfidf_role in,0.1946621219993272,0.1946621219993272
tfidf_and awareness,-0.19465454856379918,0.19465454856379918
tfidf_world,-0.1946467564538944,0.1946467564538944
tfidf_opening,0.19452553551872936,0.19452553551872936
tfidf_of resources,-0.19445005255740275,0.19445005255740275
tfidf_2018 2020,0.19418820106009,0.19418820106009
tfidf_against,-0.1941193329445031,0.1941193329445031
tfidf_and how,-0.19400804394097274,0.19400804394097274
tfidf_groups and,-0.19398358199506563,0.19398358199506563
tfidf_practitioners,-0.19356925112039278,0.19356925112039278
tfidf_cost and,0.1935155338032052,0.1935155338032052
tfidf_for energy,-0.19349979152507857,0.19349979152507857
tfidf_relevance,-0.193292623000821,0.193292623000821
tfidf_supply,-0.1932054016058517,0.1932054016058517
tfidf_in member,-0.19309135760687843,0.19309135760687843
tfidf_be provided,0.19307862819105112,0.19307862819105112
tfidf_europa,0.1930527698488871,0.1930527698488871
tfidf_the potential,-0.19303037900050973,0.19303037900050973
tfidf_capacity to,-0.19283911255466407,0.19283911255466407
tfidf_ssh,0.19283074065678824,0.19283074065678824
tfidf_living,-0.1922131162199023,0.1922131162199023
publish_month,-0.1919822498779581,0.1919822498779581
tfidf_local level,-0.19138872415438588,0.19138872415438588
tfidf_third,0.191383644141023,0.191383644141023
tfidf_achieve,0.1913165759526273,0.1913165759526273
tfidf_euratom,0.19116392430276383,0.19116392430276383
tfidf_that may,0.1910741395984927,0.1910741395984927
tfidf_instrument,-0.19099406716851158,0.19099406716851158
tfidf_organic,-0.19097693669211288,0.19097693669211288
tfidf_clean energy,-0.19095452556459372,0.19095452556459372
tfidf_crops,0.19077191839977622,0.19077191839977622
tfidf_data for,-0.1907554335414012,0.1907554335414012
tfidf_innovation,-0.19064342010984472,0.19064342010984472
tfidf_this,-0.19047076307281766,0.19047076307281766
tfidf_imaging,0.19020721550362413,0.19020721550362413
tfidf_cutting,0.19019634541684954,0.19019634541684954
tfidf_use and,0.18989681823917187,0.18989681823917187
tfidf_monitoring of,-0.18971830113678873,0.18971830113678873
tfidf_end,-0.18971683491119049,0.18971683491119049
tfidf_supported by,0.18952741450265972,0.18952741450265972
tfidf_our,-0.18925341098947143,0.18925341098947143
tfidf_at different,-0.18911972924183462,0.18911972924183462
tfidf_particular the,0.18903767012693168,0.18903767012693168
tfidf_strategies to,0.18900214651350392,0.18900214651350392
tfidf_extended,-0.18892309571710958,0.18892309571710958
tfidf_note,0.18891417409103722,0.18891417409103722
tfidf_success,-0.18887058959963207,0.18887058959963207
tfidf_are not,0.18883554295919808,0.18883554295919808
tfidf_control and,-0.1887613826975117,0.1887613826975117
tfidf_described,0.18871676615994806,0.18871676615994806
tfidf_the innovative,-0.1887159733709723,0.1887159733709723
tfidf_interests,0.1884607136024211,0.1884607136024211
tfidf_oriented,0.18844525883654584,0.18844525883654584
tfidf_for each,-0.18830081615654579,0.18830081615654579
tfidf_inputs,-0.1882982581450457,0.1882982581450457
tfidf_outside the,-0.1881618749816679,0.1881618749816679
tfidf_democratic,0.18795949652059304,0.18795949652059304
tfidf_mobile,0.18789987518259627,0.18789987518259627
tfidf_participating in,-0.18786962446682823,0.18786962446682823
tfidf_line,-0.1878295414361221,0.1878295414361221
tfidf_performances,-0.1878245149393182,0.1878245149393182
tfidf_but also,0.18782203587712518,0.18782203587712518
tfidf_capacity,0.18778510322045955,0.18778510322045955
tfidf_and deployment,0.1877805485121779,0.1877805485121779
tfidf_networking and,-0.18776352949785072,0.18776352949785072
tfidf_des,0.1875413723843575,0.1875413723843575
tfidf_project,-0.18749285772241187,0.18749285772241187
tfidf_artificial intelligence,-0.18738537403115854,0.18738537403115854
tfidf_neutral,-0.1873758469088575,0.1873758469088575
tfidf_operate,-0.18712575780146554,0.18712575780146554
tfidf_research area,0.18702115038818837,0.18702115038818837
tfidf_challenges and,-0.18692075066207003,0.18692075066207003
tfidf_associated with,0.18691407917741745,0.18691407917741745
tfidf_high level,-0.1868222686809278,0.1868222686809278
tfidf_order,-0.18681556959386758,0.18681556959386758
tfidf_managers,0.1865645463955472,0.1865645463955472
tfidf_corresponding,0.18652082683152507,0.18652082683152507
tfidf_ec europa,-0.18650813243471825,0.18650813243471825
tfidf_databases,0.1864742784278197,0.1864742784278197
tfidf_sources of,-0.18609877287765594,0.18609877287765594
tfidf_applications for,0.18539846392321116,0.18539846392321116
tfidf_whether,0.18524361960003463,0.18524361960003463
tfidf_consideration,0.1851978725301702,0.1851978725301702
tfidf_vehicles,-0.18507815784717396,0.18507815784717396
tfidf_the solution,0.18479156788473292,0.18479156788473292
tfidf_access to,0.18448428108546316,0.18448428108546316
tfidf_value chains,-0.18441091420328762,0.18441091420328762
tfidf_tracking,-0.18438715587064466,0.18438715587064466
tfidf_document,0.18411825871070434,0.18411825871070434
tfidf_food safety,-0.18409529093256452,0.18409529093256452
tfidf_iii,-0.1840382626566513,0.1840382626566513
tfidf_scalability,0.1839478875655336,0.1839478875655336
tfidf_organised,-0.18371479227456927,0.18371479227456927
tfidf_prevent,-0.18330904075309132,0.18330904075309132
tfidf_ensure the,-0.18313743956414585,0.18313743956414585
tfidf_strongly encouraged,0.18289781560155105,0.18289781560155105
tfidf_purposes,0.1828137815588153,0.1828137815588153
tfidf_skills and,-0.18269041568222186,0.18269041568222186
tfidf_funded projects,-0.18259946587099535,0.18259946587099535
tfidf_created,0.1824184372930949,0.1824184372930949
tfidf_state of,0.18233952063283354,0.18233952063283354
tfidf_the energy,0.18228346386769037,0.18228346386769037
tfidf_for data,-0.18213574670466504,0.18213574670466504
tfidf_identity,-0.18211537505308978,0.18211537505308978
tfidf_also contribute,-0.18209296634135977,0.18209296634135977
tfidf_medium,-0.18201445493829324,0.18201445493829324
tfidf_evaluate the,-0.18194308030656992,0.18194308030656992
tfidf_foresters,0.18142904588861067,0.18142904588861067
tfidf_burden,-0.1811056851563715,0.1811056851563715
tfidf_the areas,0.18108977687359493,0.18108977687359493
tfidf_efficiency of,-0.18078438688856938,0.18078438688856938
tfidf_proposed,0.1807288117495966,0.1807288117495966
tfidf_der,0.1807069632428237,0.1807069632428237
tfidf_safe,0.18066477209601853,0.18066477209601853
tfidf_the way,0.18063688924036814,0.18063688924036814
tfidf_technologies the,-0.18062278356704184,0.18062278356704184
tfidf_approach in,-0.18044132716301228,0.18044132716301228
tfidf_enhancing the,-0.18031597740835661,0.18031597740835661
tfidf_of local,-0.18023211575559173,0.18023211575559173
tfidf_of large,0.18017265738668228,0.18017265738668228
tfidf_application of,-0.18012920041286173,0.18012920041286173
tfidf_to build,0.1799722577234818,0.1799722577234818
tfidf_data management,0.17977002697054043,0.17977002697054043
tfidf_the management,0.17973784126811443,0.17973784126811443
tfidf_and industry,-0.1795814997957068,0.1795814997957068
tfidf_operations and,0.1795280240252874,0.1795280240252874
tfidf_population,0.17951613505731973,0.17951613505731973
tfidf_effectiveness,0.179285572704007,0.179285572704007
tfidf_is strongly,0.179273854794403,0.179273854794403
tfidf_data collection,-0.17911781728579662,0.17911781728579662
tfidf_the scientific,0.1790846597953416,0.1790846597953416
tfidf_institutions and,-0.17898864051550883,0.17898864051550883
tfidf_critical raw,-0.17893132251076782,0.17893132251076782
tfidf_vulnerability,-0.17887094045126686,0.17887094045126686
tfidf_crime,-0.1787247438468796,0.1787247438468796
tfidf_protected,-0.17869448343426575,0.17869448343426575
tfidf_installation,-0.1782085797524246,0.1782085797524246
tfidf_traditional,0.17819089439129127,0.17819089439129127
tfidf_business models,-0.17795165663074672,0.17795165663074672
tfidf_producers,0.1779444917113941,0.1779444917113941
tfidf_quality schemes,0.1778524529216857,0.1778524529216857
tfidf_advice,-0.17763789299880328,0.17763789299880328
tfidf_relation to,-0.17763362652959608,0.17763362652959608
tfidf_including in,0.1776044612989346,0.1776044612989346
tfidf_should be,0.17750846679014035,0.17750846679014035
tfidf_and resources,0.17749032479371898,0.17749032479371898
tfidf_including,-0.17739041033001732,0.17739041033001732
tfidf_and international,-0.17737583686412198,0.17737583686412198
tfidf_emphasis,-0.17734889739937823,0.17734889739937823
tfidf_city,0.1772000395411167,0.1772000395411167
tfidf_performance of,0.1771545154267428,0.1771545154267428
tfidf_the application,0.177082153750313,0.177082153750313
tfidf_strong,0.17701083754386626,0.17701083754386626
tfidf_submitted under,-0.17700224098134798,0.17700224098134798
tfidf_of projects,-0.17697403020455466,0.17697403020455466
tfidf_the entire,0.17697238877525986,0.17697238877525986
tfidf_results and,-0.17695905957980043,0.17695905957980043
tfidf_for climate,-0.17667834211696515,0.17667834211696515
tfidf_to research,0.17646428992838292,0.17646428992838292
tfidf_policy making,0.17640616993160865,0.17640616993160865
tfidf_ecological,0.1763847819013723,0.1763847819013723
tfidf_result,-0.17602933486933495,0.17602933486933495
tfidf_allow for,0.17578343245480854,0.17578343245480854
tfidf_specifically,0.1757134393394136,0.1757134393394136
tfidf_citizens and,-0.17570873352048744,0.17570873352048744
tfidf_contributing to,0.17553955239805605,0.17553955239805605
tfidf_any,0.17553105036448644,0.17553105036448644
tfidf_joint research,0.17539724905371587,0.17539724905371587
tfidf_and end,0.17537824252146292,0.17537824252146292
tfidf_acceptance,-0.17528889409567805,0.17528889409567805
tfidf_highest,-0.1751784171008851,0.1751784171008851
tfidf_dimensions,-0.17487098582100993,0.17487098582100993
tfidf_users,-0.17457243365506458,0.17457243365506458
tfidf_animal,0.1744153191064986,0.1744153191064986
tfidf_explored,0.17433754592871306,0.17433754592871306
tfidf_scientific and,0.17425903518861957,0.17425903518861957
tfidf_entire,0.17420232396624913,0.17420232396624913
tfidf_transformative,-0.17408594760841298,0.17408594760841298
tfidf_with regard,-0.17404255227185575,0.17404255227185575
tfidf_properties,0.17400496452853229,0.17400496452853229
tfidf_of up,-0.17394011805916637,0.17394011805916637
tfidf_to accelerate,-0.17385977473402464,0.17385977473402464
tfidf_durability,-0.17384397139805158,0.17384397139805158
tfidf_gender equality,-0.17376771913185074,0.17376771913185074
tfidf_to take,0.17358942943028244,0.17358942943028244
tfidf_attention should,0.1734097023013069,0.1734097023013069
tfidf_mandatory,-0.17338555316757656,0.17338555316757656
tfidf_violence against,-0.17317681134377208,0.17317681134377208
tfidf_availability of,0.17306554055769816,0.17306554055769816
tfidf_are also,-0.17299898060629243,0.17299898060629243
tfidf_maintaining,-0.17264156305456418,0.17264156305456418
tfidf_lifetime,-0.17247961710587661,0.17247961710587661
tfidf_chosen,-0.1724178991878726,0.1724178991878726
tfidf_conduct,-0.1723453977962967,0.1723453977962967
tfidf_regard to,-0.17230825166136807,0.17230825166136807
tfidf_specifications,0.17218661461992432,0.17218661461992432
tfidf_built,0.17217414359885608,0.17217414359885608
tfidf_effective and,0.17209872063626314,0.17209872063626314
tfidf_the availability,0.17204938796895666,0.17204938796895666
tfidf_the level,-0.17196761595604015,0.17196761595604015
tfidf_the multi,0.17196634817821974,0.17196634817821974
tfidf_this does,0.1717702415116216,0.1717702415116216
tfidf_taken,-0.17156793696191125,0.17156793696191125
tfidf_for all,-0.17127616144228633,0.17127616144228633
tfidf_regulations,0.17120043644828625,0.17120043644828625
tfidf_h2,0.17118518037211305,0.17118518037211305
tfidf_addressed appropriately,0.17112424796738673,0.17112424796738673
tfidf_concerns,0.17099884597358708,0.17099884597358708
tfidf_although,-0.17085060841535554,0.17085060841535554
tfidf_airport,0.1706088046259985,0.1706088046259985
tfidf_plans,-0.170477446282587,0.170477446282587
tfidf_stability,-0.17046445681224026,0.17046445681224026
tfidf_participate,-0.17044079127722522,0.17044079127722522
tfidf_and facilitate,-0.17040750292034357,0.17040750292034357
tfidf_trucks,0.1702917288051207,0.1702917288051207
tfidf_reported,-0.17025914439805293,0.17025914439805293
tfidf_in case,-0.17014607927580216,0.17014607927580216
tfidf_offering,-0.16999267890050584,0.16999267890050584
tfidf_young,-0.16980276092951233,0.16980276092951233
tfidf_functions,-0.16970451075595497,0.16970451075595497
tfidf_industries,-0.1696653269331143,0.1696653269331143
tfidf_limited to,-0.16954640857156353,0.16954640857156353
tfidf_of energy,0.16942260300828768,0.16942260300828768
tfidf_focus on,-0.16937910264476772,0.16937910264476772
tfidf_in relation,-0.16928581027893863,0.16928581027893863
tfidf_regard,-0.1691787145756372,0.1691787145756372
tfidf_considers that,0.16909550621283453,0.16909550621283453
tfidf_assembly,-0.1689787231164808,0.1689787231164808
tfidf_horizon europe,-0.1689481678839583,0.1689481678839583
tfidf_food system,-0.16888515777382196,0.16888515777382196
tfidf_presented,-0.16883233327580754,0.16883233327580754
tfidf_could include,-0.1687842925856069,0.1687842925856069
tfidf_european and,0.1686556356142645,0.1686556356142645
tfidf_has to,-0.16861339632260428,0.16861339632260428
tfidf_and promote,-0.1685892699603184,0.1685892699603184
tfidf_leveraging,0.16858577835826657,0.16858577835826657
tfidf_pollutants,-0.1685032884759318,0.1685032884759318
tfidf_connection,-0.1684100822424891,0.1684100822424891
tfidf_to define,0.1681870673445268,0.1681870673445268
tfidf_groups,0.16814760736320694,0.16814760736320694
tfidf_relation,-0.1681425738734536,0.1681425738734536
tfidf_taken into,-0.16794727436186277,0.16794727436186277
tfidf_according to,0.1679304647899052,0.1679304647899052
tfidf_go,-0.167817445665273,0.167817445665273
tfidf_dietary,-0.16775799168381914,0.16775799168381914
tfidf_variety of,-0.1676662343500921,0.1676662343500921
tfidf_in,-0.16758516576352223,0.16758516576352223
tfidf_performance and,-0.16743934605543012,0.16743934605543012
tfidf_achieve trl,0.16723318988391173,0.16723318988391173
tfidf_developing and,0.167230317251127,0.167230317251127
tfidf_next generation,0.16722558683298147,0.16722558683298147
tfidf_demonstrated,0.16717736815946174,0.16717736815946174
tfidf_quantitative,0.1669792774904349,0.1669792774904349
tfidf_ecosystems,-0.16684102703617876,0.16684102703617876
tfidf_undertaken,-0.1667727037799845,0.1667727037799845
tfidf_biodiversity,0.16676409807188394,0.16676409807188394
tfidf_the general,-0.16664909915541073,0.16664909915541073
tfidf_the participation,0.16656943670096613,0.16656943670096613
tfidf_current,0.16648707321262457,0.16648707321262457
tfidf_appropriately,0.16621333649089773,0.16621333649089773
tfidf_well being,0.16616283970055493,0.16616283970055493
tfidf_the total,0.16604743385557474,0.16604743385557474
tfidf_address the,-0.16579345473065812,0.16579345473065812
tfidf_meeting,-0.16576353090571297,0.16576353090571297
tfidf_and societal,-0.16566930544000033,0.16566930544000033
tfidf_effectively,0.16559269324443246,0.16559269324443246
tfidf_com,0.16555888289084802,0.16555888289084802
tfidf_ict,0.165553068330511,0.165553068330511
tfidf_aim to,0.16537872390278743,0.16537872390278743
tfidf_logistics,-0.16519625663222792,0.16519625663222792
tfidf_the rights,0.16506238232286422,0.16506238232286422
tfidf_and materials,0.16499108933442794,0.16499108933442794
tfidf_using the,-0.16474153053616156,0.16474153053616156
tfidf_encouraging,0.16466604367447457,0.16466604367447457
tfidf_widely,0.16463295820340504,0.16463295820340504
tfidf_coherent,-0.1644257906213837,0.1644257906213837
tfidf_of and,-0.1642436203264065,0.1642436203264065
tfidf_role of,-0.16408825925348527,0.16408825925348527
tfidf_must,-0.1640772513986173,0.1640772513986173
tfidf_low cost,0.1640612888875952,0.1640612888875952
tfidf_therapeutic,-0.16402718779417808,0.16402718779417808
tfidf_essential,-0.16400393919449796,0.16400393919449796
tfidf_the high,-0.1637144013210535,0.1637144013210535
tfidf_development goals,0.16360951328876783,0.16360951328876783
tfidf_access and,0.16344992124318902,0.16344992124318902
tfidf_last,0.16341750592508902,0.16341750592508902
tfidf_preclude,0.16331810900905888,0.16331810900905888
tfidf_overcome,0.16322256138963864,0.16322256138963864
tfidf_in general,-0.16308507640553738,0.16308507640553738
tfidf_flagship,-0.16289332282760008,0.16289332282760008
tfidf_particular in,0.1628507398551422,0.1628507398551422
tfidf_added,-0.16284722607972874,0.16284722607972874
tfidf_at regional,-0.16284517225414824,0.16284517225414824
tfidf_mix,0.16282781101738394,0.16282781101738394
tfidf_food security,-0.16277259113255707,0.16277259113255707
tfidf_bodies,-0.1625527544100527,0.1625527544100527
tfidf_accelerate the,0.16253488712933523,0.16253488712933523
tfidf_the information,0.16214219755843093,0.16214219755843093
tfidf_producing,0.16211727032763032,0.16211727032763032
tfidf_economy and,-0.16198051309618894,0.16198051309618894
tfidf_other relevant,-0.16189826395540197,0.16189826395540197
tfidf_which the,0.1618699004165418,0.1618699004165418
tfidf_capacities,-0.16181133252356603,0.16181133252356603
tfidf_in rural,-0.16156701056525402,0.16156701056525402
tfidf_would allow,0.16153932450458255,0.16153932450458255
tfidf_higher,-0.16143181210665428,0.16143181210665428
tfidf_themes,-0.16109331915989228,0.16109331915989228
tfidf_experiments,0.16105346159537495,0.16105346159537495
tfidf_work plan,-0.16093421504419128,0.16093421504419128
tfidf_enterprises,-0.16089660704586362,0.16089660704586362
tfidf_promotion of,0.1607588032977032,0.1607588032977032
tfidf_often,-0.16074862870931586,0.16074862870931586
tfidf_era net,0.1606911832030073,0.1606911832030073
tfidf_and relevant,-0.16068386339877863,0.16068386339877863
tfidf_water,-0.1605289379593696,0.1605289379593696
tfidf_market,-0.16051036303640387,0.16051036303640387
tfidf_of between,0.16038390683695225,0.16038390683695225
tfidf_actions will,0.16031798443097475,0.16031798443097475
tfidf_upgrade,-0.16024278486032284,0.16024278486032284
tfidf_compliance,0.16022500941436943,0.16022500941436943
tfidf_for further,-0.1602126452503776,0.1602126452503776
tfidf_on,-0.16017641287067472,0.16017641287067472
tfidf_for european,0.1599596925569589,0.1599596925569589
tfidf_low,-0.1599179842904447,0.1599179842904447
tfidf_conditions for,-0.15981483858100676,0.15981483858100676
tfidf_outcomes and,0.1597671840847963,0.1597671840847963
tfidf_better understanding,-0.15965563361030757,0.15965563361030757
tfidf_proposal is,-0.1596336919347446,0.1596336919347446
tfidf_political,-0.15961527638161657,0.15961527638161657
tfidf_post,-0.1592585914426463,0.1592585914426463
tfidf_plan and,-0.1589802730676361,0.1589802730676361
tfidf_agreement,-0.1587642076822997,0.1587642076822997
tfidf_potential to,0.1585822406590597,0.1585822406590597
tfidf_european level,0.15857620980662396,0.15857620980662396
tfidf_integrating,0.15842897046101215,0.15842897046101215
tfidf_operators,0.15828577023863652,0.15828577023863652
tfidf_this work,-0.15818076887317153,0.15818076887317153
tfidf_compatible with,-0.15796798295423534,0.15796798295423534
tfidf_stronger,-0.1579178404315387,0.1579178404315387
tfidf_outcome project,0.15789825133808807,0.15789825133808807
tfidf_network and,-0.157823858747091,0.157823858747091
tfidf_trl by,0.15767630079257897,0.15767630079257897
tfidf_involving,-0.1576542139802917,0.1576542139802917
tfidf_responses,-0.15752095760633425,0.15752095760633425
tfidf_exploiting,-0.15739222323497296,0.15739222323497296
tfidf_roll,-0.15716137421743048,0.15716137421743048
tfidf_to more,-0.15711887178364808,0.15711887178364808
tfidf_and by,0.1570828507900934,0.1570828507900934
tfidf_ports,0.1570610210573665,0.1570610210573665
tfidf_should aim,0.15705881941739766,0.15705881941739766
tfidf_sufficient,0.15699794359953376,0.15699794359953376
tfidf_of multi,-0.15697862740177063,0.15697862740177063
tfidf_view,-0.15677599818794294,0.15677599818794294
tfidf_been,0.15676379887290012,0.15676379887290012
tfidf_enable,-0.15676168778343028,0.15676168778343028
tfidf_innovative approaches,-0.1566559746181503,0.1566559746181503
tfidf_networks,-0.15642863674315022,0.15642863674315022
tfidf_tools for,-0.15633742826241714,0.15633742826241714
tfidf_better,-0.15632725320109828,0.15632725320109828
tfidf_project the,-0.15620852597378768,0.15620852597378768
tfidf_migration,-0.15620093423679227,0.15620093423679227
tfidf_of smes,0.1558774524206875,0.1558774524206875
tfidf_involve,0.1558594784167155,0.1558594784167155
tfidf_the food,0.15582725568372183,0.15582725568372183
tfidf_meet the,-0.15575770076888634,0.15575770076888634
tfidf_the aim,-0.15570458413411198,0.15570458413411198
tfidf_resilience and,0.15569324660363804,0.15569324660363804
tfidf_management and,-0.1556325396393108,0.1556325396393108
tfidf_proposals must,0.15556640744911052,0.15556640744911052
tfidf_even,0.15551100828969266,0.15551100828969266
tfidf_ownership,0.15535669395956755,0.15535669395956755
tfidf_to overcome,0.15520319000886257,0.15520319000886257
tfidf_the sustainable,0.15498996757383984,0.15498996757383984
tfidf_well as,0.15484036341673457,0.15484036341673457
tfidf_weight,-0.15452668993184956,0.15452668993184956
tfidf_outcome the,-0.15448132581021848,0.15448132581021848
tfidf_identification,0.15432666166939282,0.15432666166939282
tfidf_allowing,-0.15391958317861384,0.15391958317861384
tfidf_working,0.15377907877641453,0.15377907877641453
tfidf_to include,-0.15369806280107462,0.15369806280107462
tfidf_creation,0.15367348748280207,0.15367348748280207
tfidf_2014 2015,0.15362769359412234,0.15362769359412234
tfidf_activities and,0.15342061077156535,0.15342061077156535
tfidf_complementarity,0.15338293280422063,0.15338293280422063
tfidf_the target,-0.15328396109025136,0.15328396109025136
tfidf_as appropriate,-0.15320440569155802,0.15320440569155802
tfidf_return,-0.15315141676189506,0.15315141676189506
tfidf_knowledge on,-0.15295705699269163,0.15295705699269163
tfidf_which will,0.1528197383845683,0.1528197383845683
tfidf_interfaces,0.1527669956819164,0.1527669956819164
tfidf_not preclude,0.15270587106205666,0.15270587106205666
tfidf_actors and,0.15261618686298084,0.15261618686298084
tfidf_activities with,-0.15259978503393667,0.15259978503393667
tfidf_mining,-0.1525047158292126,0.1525047158292126
tfidf_the integration,0.1524469626906785,0.1524469626906785
tfidf_hand,-0.15215449779632828,0.15215449779632828
tfidf_evolution,-0.1520243102278424,0.1520243102278424
tfidf_including those,-0.15175215201731163,0.15175215201731163
tfidf_addressed,-0.1517023563046817,0.1517023563046817
tfidf_all relevant,0.15164391260737325,0.15164391260737325
tfidf_and for,-0.1516387128947553,0.1516387128947553
tfidf_chemical,0.15147421869788438,0.15147421869788438
tfidf_contribute,0.1512584738018749,0.1512584738018749
tfidf_involvement of,-0.15124117083003666,0.15124117083003666
tfidf_evaluated,0.15100875270655342,0.15100875270655342
tfidf_sound,-0.15092370651472867,0.15092370651472867
tfidf_purpose,-0.15090858017851802,0.15090858017851802
tfidf_pest,-0.15071164337070492,0.15071164337070492
tfidf_by design,0.15056737811850596,0.15056737811850596
tfidf_options,-0.15050398902968093,0.15050398902968093
tfidf_situational,-0.15039815940393556,0.15039815940393556
tfidf_four,0.15038337890671044,0.15038337890671044
tfidf_build on,-0.15031184564462916,0.15031184564462916
tfidf_systemic,-0.15024369596092876,0.15024369596092876
tfidf_13,0.15023936472738952,0.15023936472738952
tfidf_equality,-0.15022084308914457,0.15022084308914457
tfidf_expected that,0.15015732281838412,0.15015732281838412
tfidf_published,0.14995599447660818,0.14995599447660818
tfidf_research on,0.1499538338599946,0.1499538338599946
tfidf_submission and,0.14982038195985722,0.14982038195985722
tfidf_in view,0.1497849581192521,0.1497849581192521
tfidf_same,-0.1495215134144245,0.1495215134144245
tfidf_etc,-0.14949307892771535,0.14949307892771535
tfidf_academia,-0.1494100474901714,0.1494100474901714
tfidf_proposals,0.14935378323324014,0.14935378323324014
tfidf_players,0.14921577961452523,0.14921577961452523
tfidf_dedicated,-0.14917677592742903,0.14917677592742903
tfidf_project see,0.14907779435840576,0.14907779435840576
tfidf_proposals submitted,-0.1489914668562158,0.1489914668562158
tfidf_and resource,-0.14895441018364566,0.14895441018364566
tfidf_monitoring and,0.14890505763792825,0.14890505763792825
tfidf_assessment of,-0.14886860713399255,0.14886860713399255
tfidf_task,0.14883382765628936,0.14883382765628936
tfidf_and selection,0.14871857323718618,0.14871857323718618
tfidf_possibly,0.14864813258373316,0.14864813258373316
tfidf_across different,0.14848573085333394,0.14848573085333394
tfidf_challenges in,-0.14839218883061284,0.14839218883061284
tfidf_the short,0.1482220971738413,0.1482220971738413
tfidf_legislation,0.14816401336292706,0.14816401336292706
tfidf_choices,0.1479045093141931,0.1479045093141931
tfidf_cases,-0.14788743034799892,0.14788743034799892
tfidf_consumption of,0.1476452639202236,0.1476452639202236
tfidf_and interoperability,-0.14747470867846688,0.14747470867846688
tfidf_life cycle,0.14743760198726552,0.14743760198726552
tfidf_helping,-0.14731829799850127,0.14731829799850127
tfidf_follow,0.147309972032556,0.147309972032556
tfidf_scope of,-0.1471750320638507,0.1471750320638507
tfidf_navigation,-0.14701081838564614,0.14701081838564614
tfidf_in sustainable,-0.1468963050654808,0.1468963050654808
tfidf_centres,-0.1464981960137974,0.1464981960137974
tfidf_processes and,0.14646511796738498,0.14646511796738498
tfidf_reduction,-0.14645603729164222,0.14645603729164222
tfidf_copernicus,0.1464522268094549,0.1464522268094549
tfidf_teachers,-0.1463434688729389,0.1463434688729389
tfidf_gas emissions,-0.14634280919740603,0.14634280919740603
tfidf_invited,0.1463238176003457,0.1463238176003457
tfidf_commission considers,0.14626583427845335,0.14626583427845335
tfidf_place,0.1462289912745702,0.1462289912745702
tfidf_and skills,-0.14621759144607413,0.14621759144607413
tfidf_the targeted,0.14617251127803751,0.14617251127803751
tfidf_together with,-0.14610163249314473,0.14610163249314473
tfidf_reinforce,0.146054628105854,0.146054628105854
tfidf_ambition,-0.1458656531519282,0.1458656531519282
tfidf_gender,-0.14573755006117836,0.14573755006117836
tfidf_situations,-0.14559696384057286,0.14559696384057286
tfidf_without,-0.1455884578386805,0.1455884578386805
tfidf_but,0.14548755164866528,0.14548755164866528
tfidf_initiatives and,-0.14542675605905828,0.14542675605905828
tfidf_regional level,-0.14537335678915383,0.14537335678915383
tfidf_to create,0.1451305080067649,0.1451305080067649
tfidf_upon,0.1450993054334115,0.1450993054334115
tfidf_the support,-0.14484298432257886,0.14484298432257886
tfidf_as well,0.1447585523225017,0.1447585523225017
tfidf_track,0.14472476104930138,0.14472476104930138
tfidf_currently,0.14459189261368827,0.14459189261368827
tfidf_com 2012,-0.14435959678201363,0.14435959678201363
tfidf_teams,0.1441810627789284,0.1441810627789284
tfidf_trends,-0.1441134491604662,0.1441134491604662
tfidf_results of,-0.14397037541064867,0.14397037541064867
tfidf_that they,-0.14363210204545257,0.14363210204545257
tfidf_on an,-0.1436171293728373,0.1436171293728373
tfidf_europe and,0.14343707817000342,0.14343707817000342
tfidf_above,-0.14339993365739828,0.14339993365739828
tfidf_aim at,0.143338558383513,0.143338558383513
tfidf_friendly,0.14333025388108814,0.14333025388108814
tfidf_cooperation is,-0.1431832477569643,0.1431832477569643
tfidf_topic horizon,-0.14312985835192515,0.14312985835192515
tfidf_develop new,-0.14289600006415515,0.14289600006415515
tfidf_building on,-0.14274985467887852,0.14274985467887852
tfidf_the area,-0.14266819866747646,0.14266819866747646
tfidf_remote,0.14231060878779012,0.14231060878779012
tfidf_new,0.1422320259614811,0.1422320259614811
tfidf_purpose of,-0.142181678197011,0.142181678197011
tfidf_the public,0.1421449964781555,0.1421449964781555
tfidf_do not,-0.1420785718821739,0.1420785718821739
tfidf_2020 and,0.14199850432111014,0.14199850432111014
tfidf_part of,0.14169786020933572,0.14169786020933572
tfidf_how they,-0.14166510256079934,0.14166510256079934
tfidf_them to,0.1415089620767791,0.1415089620767791
tfidf_competent,-0.14132104239151502,0.14132104239151502
tfidf_coordinated,-0.14112729088294473,0.14112729088294473
tfidf_prototyping,0.14096122712155681,0.14096122712155681
tfidf_open innovation,-0.1409249671077767,0.1409249671077767
tfidf_structured,0.14058070011348212,0.14058070011348212
tfidf_flow,-0.14048669402755998,0.14048669402755998
tfidf_farm,0.14046006614257217,0.14046006614257217
tfidf_parliament,0.14045111483828593,0.14045111483828593
tfidf_the technology,0.1403504204321371,0.1403504204321371
tfidf_action is,0.14029879307953302,0.14029879307953302
subtheme_crop_production,-0.13985717420046953,0.13985717420046953
tfidf_2026,-0.139833940549555,0.139833940549555
tfidf_of at,-0.13948371976527188,0.13948371976527188
tfidf_evidence based,0.13940819908174923,0.13940819908174923
tfidf_to the,-0.13929469720948884,0.13929469720948884
tfidf_relating to,0.13919856659857605,0.13919856659857605
tfidf_activities will,-0.13898849148695855,0.13898849148695855
tfidf_refer to,-0.13895819385245609,0.13895819385245609
tfidf_below,0.1388120234842717,0.1388120234842717
tfidf_indicators and,-0.13856448677770028,0.13856448677770028
tfidf_the involvement,-0.13837089755161694,0.13837089755161694
tfidf_level and,0.13836004935053817,0.13836004935053817
tfidf_the production,0.13834585830102297,0.13834585830102297
tfidf_of transport,0.1383200786450433,0.1383200786450433
tfidf_ag,-0.13832001628655574,0.13832001628655574
tfidf_insights,0.13820016034140542,0.13820016034140542
tfidf_medical,-0.13801037375290734,0.13801037375290734
tfidf_basis,0.13794513220372778,0.13794513220372778
tfidf_70,-0.13786403948024337,0.13786403948024337
tfidf_action,0.1378235796507076,0.1378235796507076
tfidf_strengthened,0.13779314575119264,0.13779314575119264
tfidf_boost,-0.13762786198856364,0.13762786198856364
tfidf_be achieved,-0.1376040101214622,0.1376040101214622
tfidf_this context,-0.13758735425431365,0.13758735425431365
tfidf_type of,0.13744790495958892,0.13744790495958892
tfidf_demonstration,0.13737134911826338,0.13737134911826338
tfidf_experience,-0.13710561425344603,0.13710561425344603
tfidf_topic are,-0.13700560653486885,0.13700560653486885
tfidf_derived,0.136999079425671,0.136999079425671
tfidf_readiness,0.1368866785669423,0.1368866785669423
tfidf_having,0.13685648853382612,0.13685648853382612
tfidf_easy,-0.136844353246926,0.136844353246926
tfidf_50,0.13674089622099175,0.13674089622099175
tfidf_scope this,0.1367128923305263,0.1367128923305263
tfidf_also,-0.13650292396812774,0.13650292396812774
tfidf_advantage,-0.1365019184810956,0.1365019184810956
tfidf_technology readiness,0.13642007825566888,0.13642007825566888
tfidf_programming,0.13641212245493656,0.13641212245493656
tfidf_technologies in,0.136383672743015,0.136383672743015
tfidf_part,-0.13625488848809952,0.13625488848809952
tfidf_competitive,0.136016248095837,0.136016248095837
tfidf_package,-0.13598934568778834,0.13598934568778834
tfidf_reach,0.1359709217094721,0.1359709217094721
tfidf_proof of,-0.13596335762069622,0.13596335762069622
tfidf_offered,-0.13595382764645686,0.13595382764645686
tfidf_annual work,-0.13583729843411768,0.13583729843411768
tfidf_code,-0.1358231633569451,0.1358231633569451
tfidf_linked,-0.13576091894851258,0.13576091894851258
tfidf_external,0.13574513088118897,0.13574513088118897
tfidf_scope specific,0.1356971975794983,0.1356971975794983
tfidf_conditions and,-0.13567922090938167,0.13567922090938167
tfidf_2030,-0.1355267824065623,0.1355267824065623
tfidf_society organisations,-0.135463416019672,0.135463416019672
tfidf_design,-0.13542604685136111,0.13542604685136111
tfidf_ai,-0.13539727766176354,0.13539727766176354
tfidf_achievements,-0.13518358584874557,0.13518358584874557
tfidf_requirements,-0.13505583670907798,0.13505583670907798
tfidf_high performance,-0.1350002137494609,0.1350002137494609
tfidf_accuracy,-0.13477381270465316,0.13477381270465316
tfidf_international,-0.13467597607303697,0.13467597607303697
tfidf_national regional,-0.1345665560238692,0.1345665560238692
tfidf_disciplinary,-0.13454254626049433,0.13454254626049433
tfidf_euro,-0.1344740550134439,0.1344740550134439
tfidf_after the,0.13429409822732674,0.13429409822732674
tfidf_similar,0.13415582750078495,0.13415582750078495
tfidf_provide,-0.13401798014629962,0.13401798014629962
tfidf_unmanned,-0.13394670666766698,0.13394670666766698
tfidf_assets,-0.1338858130670738,0.1338858130670738
tfidf_sria,0.13387094028099789,0.13387094028099789
tfidf_considering,-0.13367545617547424,0.13367545617547424
tfidf_according,0.13363967975164084,0.13363967975164084
tfidf_require,-0.13355383035214607,0.13355383035214607
tfidf_the uptake,-0.13351811854572027,0.13351811854572027
tfidf_innovation action,-0.13329052449910292,0.13329052449910292
tfidf_best practices,-0.13312697830459214,0.13312697830459214
tfidf_to implement,0.1331176415115363,0.1331176415115363
tfidf_socio,-0.13295896386247782,0.13295896386247782
tfidf_tangible,-0.1329449170105932,0.1329449170105932
tfidf_reports,0.13294468004308765,0.13294468004308765
tfidf_fit,0.13287392156630792,0.13287392156630792
tfidf_sharing of,0.13274333992888301,0.13274333992888301
tfidf_phases,-0.13273886762221881,0.13273886762221881
tfidf_labour market,0.13264097848285275,0.13264097848285275
tfidf_calls,0.1325198496389418,0.1325198496389418
tfidf_will support,0.13235567646050775,0.13235567646050775
tfidf_supply of,-0.1322905815309537,0.1322905815309537
tfidf_at large,-0.13222426679283855,0.13222426679283855
tfidf_promotion,0.13218585099257038,0.13218585099257038
tfidf_disruptive,0.13200073680817337,0.13200073680817337
tfidf_housing,-0.13197839126884595,0.13197839126884595
tfidf_of citizens,0.13188580665503308,0.13188580665503308
tfidf_analysis,-0.1318005248095142,0.1318005248095142
tfidf_quality,-0.1317967299428927,0.1317967299428927
tfidf_career,0.13155888311115876,0.13155888311115876
tfidf_make,0.13147437916704488,0.13147437916704488
tfidf_please,0.13126792981025778,0.13126792981025778
tfidf_define the,-0.13126092976427428,0.13126092976427428
tfidf_details,-0.13109015324399495,0.13109015324399495
tfidf_single,0.1308592543198793,0.1308592543198793
tfidf_consumers and,0.13084852232574243,0.13084852232574243
tfidf_subject,-0.13083297739880778,0.13083297739880778
tfidf_should involve,0.13065348381669722,0.13065348381669722
tfidf_of,-0.1304967121855138,0.1304967121855138
tfidf_technologies that,0.13047268615075122,0.13047268615075122
tfidf_the framework,0.1302337057609724,0.1302337057609724
tfidf_this activity,0.1301026594036251,0.1301026594036251
tfidf_jobs,0.12962582400629966,0.12962582400629966
tfidf_able to,0.1295468881096157,0.1295468881096157
tfidf_and stakeholders,0.12942828648357757,0.12942828648357757
tfidf_equipment and,0.12917968516495684,0.12917968516495684
tfidf_makers,-0.12902584567026337,0.12902584567026337
tfidf_victims of,0.1290148989287416,0.1290148989287416
tfidf_should ensure,-0.12884662585102807,0.12884662585102807
tfidf_measures and,-0.12884403225190566,0.12884403225190566
tfidf_environments,0.12876490093396065,0.12876490093396065
tfidf_eligible for,0.12873876556882047,0.12873876556882047
tfidf_financing,-0.12873140261359733,0.12873140261359733
tfidf_uptake,-0.12865970556984052,0.12865970556984052
tfidf_business case,-0.12848977997315175,0.12848977997315175
tfidf_the specific,0.12839757106555721,0.12839757106555721
tfidf_awareness of,-0.1283558852558576,0.1283558852558576
tfidf_organise,0.12809530589159843,0.12809530589159843
tfidf_will help,-0.1280763947050875,0.1280763947050875
tfidf_projects under,0.12791780858668472,0.12791780858668472
tfidf_research centre,0.1279130122158769,0.1279130122158769
tfidf_cooperation and,-0.1278937249212647,0.1278937249212647
tfidf_outputs,-0.12771415042761183,0.12771415042761183
tfidf_alliances,-0.12768078502595887,0.12768078502595887
tfidf_compliance with,0.12761800179981736,0.12761800179981736
tfidf_to operate,-0.12741841986683997,0.12741841986683997
tfidf_eu and,0.12732249142672347,0.12732249142672347
tfidf_the solutions,-0.12725610244840097,0.12725610244840097
tfidf_trials,-0.12722474045118753,0.12722474045118753
tfidf_propulsion,0.127139307041568,0.127139307041568
tfidf_of proposals,0.12711284584980592,0.12711284584980592
tfidf_for 2030,-0.12702825154010974,0.12702825154010974
tfidf_and supply,-0.12690729750688418,0.12690729750688418
tfidf_effectiveness of,-0.1269013363749983,0.1269013363749983
tfidf_referred,-0.12683028234320556,0.12683028234320556
tfidf_adopted,0.12680898183772782,0.12680898183772782
tfidf_null,0.12677331621143473,0.12677331621143473
tfidf_embedded,0.1267073202109044,0.1267073202109044
tfidf_priorities and,-0.12668917071003638,0.12668917071003638
tfidf_and integrated,-0.1265764601668176,0.1265764601668176
tfidf_is necessary,0.12655391876701727,0.12655391876701727
tfidf_terrestrial,-0.12650057723003877,0.12650057723003877
tfidf_the private,0.1264462528647866,0.1264462528647866
tfidf_to provide,-0.12628539304595768,0.12628539304595768
tfidf_the water,0.1262768493639848,0.1262768493639848
tfidf_modules,0.1259802864393254,0.1259802864393254
tfidf_of these,-0.12589222057735527,0.12589222057735527
tfidf_sectors and,-0.12578772434023155,0.12578772434023155
tfidf_location,0.1257609336314241,0.1257609336314241
tfidf_rights of,0.1256463463073484,0.1256463463073484
tfidf_production of,0.1256289957396797,0.1256289957396797
tfidf_there are,0.1255367702765473,0.1255367702765473
tfidf_erc,-0.12540764280228453,0.12540764280228453
tfidf_with relevant,0.12535988084288596,0.12535988084288596
tfidf_bbi,-0.12495540153142928,0.12495540153142928
tfidf_qualification,-0.12474383703107969,0.12474383703107969
tfidf_the sustainability,-0.124652857192319,0.124652857192319
tfidf_among others,-0.12459446132479102,0.12459446132479102
tfidf_the full,0.12451527251399824,0.12451527251399824
tfidf_mentioned,-0.1243391195145172,0.1243391195145172
tfidf_models and,0.12432982527347537,0.12432982527347537
tfidf_and high,-0.12432527803845748,0.12432527803845748
tfidf_and quality,-0.12425904250921133,0.12425904250921133
tfidf_accessibility,-0.12421385243998127,0.12421385243998127
tfidf_validated,0.1241324010508155,0.1241324010508155
tfidf_many,-0.12396373182379342,0.12396373182379342
tfidf_gases,-0.12393791840557727,0.12393791840557727
tfidf_people and,0.12387803476620965,0.12387803476620965
tfidf_of ssh,-0.12382518881167308,0.12382518881167308
tfidf_can,0.12376887618109812,0.12376887618109812
tfidf_ju,-0.12372631346636853,0.12372631346636853
tfidf_general annex,0.12370487485258598,0.12370487485258598
tfidf_org,0.12350509938956794,0.12350509938956794
tfidf_and associated,0.12335009963452478,0.12335009963452478
tfidf_of stakeholders,-0.1232823469494527,0.1232823469494527
tfidf_solutions for,0.12323294072274778,0.12323294072274778
tfidf_the first,-0.1232072594333791,0.1232072594333791
tfidf_and distribution,-0.12293853151112777,0.12293853151112777
tfidf_intangible,-0.12293106290936918,0.12293106290936918
tfidf_however,0.12280043451709116,0.12280043451709116
tfidf_owners,0.12252861314624099,0.12252861314624099
tfidf_of public,0.12215251901802096,0.12215251901802096
tfidf_set out,0.12214507304188546,0.12214507304188546
tfidf_leverage,0.12199751636407691,0.12199751636407691
tfidf_resulting from,-0.12184256429463959,0.12184256429463959
tfidf_and air,-0.12177375555908344,0.12177375555908344
tfidf_they are,0.12172991037793846,0.12172991037793846
tfidf_and regulatory,-0.12128846329833297,0.12128846329833297
tfidf_not allowed,0.1210485469048764,0.1210485469048764
tfidf_necessary for,-0.12095442340988234,0.12095442340988234
tfidf_the region,0.12091706105127811,0.12091706105127811
tfidf_should demonstrate,0.12059382272967827,0.12059382272967827
tfidf_at the,0.12056725744284888,0.12056725744284888
tfidf_the conditions,0.12048454050796961,0.12048454050796961
tfidf_stock,-0.12045775263996614,0.12045775263996614
tfidf_the effective,0.1204025304183575,0.1204025304183575
tfidf_development of,-0.12002476724080859,0.12002476724080859
tfidf_the submission,-0.11988340097023835,0.11988340097023835
tfidf_actions,-0.11977474203742108,0.11977474203742108
tfidf_to maximise,0.1194803876626663,0.1194803876626663
tfidf_cover the,0.11943432531761193,0.11943432531761193
tfidf_or to,-0.11940768832674546,0.11940768832674546
tfidf_holistic,-0.1193544189030819,0.1193544189030819
tfidf_horizon cl4,0.11924751426161295,0.11924751426161295
tfidf_cl4,0.11924751426161295,0.11924751426161295
tfidf_on their,-0.11885000859886861,0.11885000859886861
tfidf_impacts and,0.11880437253813611,0.11880437253813611
tfidf_to their,-0.11859747695366009,0.11859747695366009
subtheme_rural_livelihoods,0.11852972229012096,0.11852972229012096
tfidf_blocks,-0.11851290076590457,0.11851290076590457
tfidf_and jobs,0.11830498973324836,0.11830498973324836
tfidf_and developing,-0.11822730055943527,0.11822730055943527
tfidf_the long,-0.11811773267784127,0.11811773267784127
tfidf_sport,-0.11805416882463907,0.11805416882463907
tfidf_issue,-0.11791875580369192,0.11791875580369192
tfidf_dynamic,0.11791182585907561,0.11791182585907561
tfidf_economic viability,0.11769762319385386,0.11769762319385386
tfidf_multiple,-0.11757086778616126,0.11757086778616126
tfidf_identifying,-0.11743419967110275,0.11743419967110275
tfidf_activities to,0.11741552586621773,0.11741552586621773
tfidf_akis,0.11733808123282097,0.11733808123282097
tfidf_concepts,0.11723602588286082,0.11723602588286082
tfidf_to and,0.11712875130021133,0.11712875130021133
tfidf_reducing the,-0.1169643937579249,0.1169643937579249
tfidf_underwater,-0.11689611923759421,0.11689611923759421
tfidf_identification and,0.11684756797653513,0.11684756797653513
tfidf_benefit from,0.11681751632798104,0.11681751632798104
tfidf_and initiatives,0.11671618203693843,0.11671618203693843
tfidf_realistic,-0.11669748431178323,0.11669748431178323
tfidf_compounds,-0.11667924263222001,0.11667924263222001
tfidf_number of,-0.11656728345390652,0.11656728345390652
tfidf_coordination of,-0.11655911253162228,0.11655911253162228
tfidf_market uptake,-0.11635181830930752,0.11635181830930752
tfidf_other eu,-0.11634456034968646,0.11634456034968646
tfidf_performing,0.11623494729433057,0.11623494729433057
tfidf_due to,-0.11620581540131922,0.11620581540131922
tfidf_principal investigators,0.11601536877852583,0.11601536877852583
tfidf_the topic,0.11600378090617008,0.11600378090617008
tfidf_and benefits,0.11592874415212834,0.11592874415212834
tfidf_and with,0.11582518195747793,0.11582518195747793
tfidf_lessons,-0.11576490263616762,0.11576490263616762
tfidf_of common,0.11571882902385969,0.11571882902385969
tfidf_strengthen,-0.11571091804376615,0.11571091804376615
tfidf_business and,0.11550441919334971,0.11550441919334971
tfidf_that are,0.11548402802418509,0.11548402802418509
tfidf_leading to,0.11547203755711573,0.11547203755711573
tfidf_for proposals,0.1154377260656609,0.1154377260656609
tfidf_the environmental,-0.11540988522205292,0.11540988522205292
tfidf_their market,0.11540837149766489,0.11540837149766489
tfidf_systems in,-0.11537341612722413,0.11537341612722413
tfidf_to,0.11530912686953713,0.11530912686953713
tfidf_in other,-0.11517894489438599,0.11517894489438599
tfidf_and processes,-0.11511527496842276,0.11511527496842276
tfidf_into consideration,0.1150345626483853,0.1150345626483853
tfidf_of buildings,0.1149443278176077,0.1149443278176077
tfidf_reaching,-0.11493709305611692,0.11493709305611692
tfidf_users and,-0.1148978653939083,0.1148978653939083
tfidf_elements,-0.1148302119293012,0.1148302119293012
tfidf_30,-0.11461539095317418,0.11461539095317418
tfidf_of solutions,-0.11457573114021828,0.11457573114021828
tfidf_face,0.11450672050927457,0.11450672050927457
tfidf_environmental impacts,-0.11448818007303815,0.11448818007303815
tfidf_shall be,-0.11444989022588661,0.11444989022588661
tfidf_creating,-0.11431173459831906,0.11431173459831906
tfidf_of project,-0.11429732204400739,0.11429732204400739
tfidf_and address,0.11397529545264366,0.11397529545264366
tfidf_of other,-0.11395436327566132,0.11395436327566132
tfidf_publication,-0.11389811864643395,0.11389811864643395
tfidf_findings,-0.1137801182754833,0.1137801182754833
tfidf_implemented,-0.11355724771507889,0.11355724771507889
tfidf_parties,-0.11349345945379216,0.11349345945379216
tfidf_and develop,0.11348812814734519,0.11348812814734519
tfidf_follow up,-0.11343591034865183,0.11343591034865183
tfidf_requested,0.11337682851167524,0.11337682851167524
tfidf_assessment and,0.11327935644870048,0.11327935644870048
tfidf_respond,0.11320909671591273,0.11320909671591273
tfidf_duration of,-0.11309878748718347,0.11309878748718347
tfidf_actual,-0.11286315285544597,0.11286315285544597
tfidf_far,-0.11264166574584886,0.11264166574584886
tfidf_measurable,0.11261522200434053,0.11261522200434053
tfidf_maximum of,0.11234607962487855,0.11234607962487855
tfidf_tangible or,-0.11225936149567906,0.11225936149567906
tfidf_or intangible,-0.11225936149567906,0.11225936149567906
tfidf_will have,-0.11219094120545373,0.11219094120545373
tfidf_the industrial,-0.11215608081385774,0.11215608081385774
tfidf_of good,-0.11206807872685913,0.11206807872685913
tfidf_sex,0.11206100345264616,0.11206100345264616
tfidf_new business,0.11192813558064024,0.11192813558064024
tfidf_and provide,-0.11187721185358505,0.11187721185358505
tfidf_covers,-0.11168470041746771,0.11168470041746771
tfidf_envisaged,-0.11159345945208708,0.11159345945208708
tfidf_shipping,0.11158954561326563,0.11158954561326563
tfidf_assurance,-0.11151659222407968,0.11151659222407968
tfidf_execution,0.11138277221483435,0.11138277221483435
tfidf_when,0.11134364474278596,0.11134364474278596
tfidf_may also,0.11121559293164641,0.11121559293164641
tfidf_strongly,0.11116935976471094,0.11116935976471094
tfidf_act,-0.11109428731834622,0.11109428731834622
tfidf_of eur,0.11105298370172009,0.11105298370172009
tfidf_states and,-0.1110349930776537,0.1110349930776537
tfidf_to understand,-0.11102461373049399,0.11102461373049399
tfidf_developments,0.11092129743258022,0.11092129743258022
tfidf_ensuring,0.11081643990485793,0.11081643990485793
tfidf_horizon miss,-0.11078622642727533,0.11078622642727533
tfidf_inform,-0.11071810257463456,0.11071810257463456
tfidf_there,-0.1106758562225714,0.1106758562225714
tfidf_deliver,0.11017108362281706,0.11017108362281706
tfidf_tackling,0.10998747734697996,0.10998747734697996
tfidf_of relevant,-0.10997398304447417,0.10997398304447417
tfidf_higher education,0.10995591664864317,0.10995591664864317
tfidf_the identification,0.10990188136331167,0.10990188136331167
tfidf_maintain,0.10960135433584663,0.10960135433584663
tfidf_national level,-0.10958766647229862,0.10958766647229862
tfidf_action to,-0.10943041113093986,0.10943041113093986
tfidf_the transition,0.10942835659257279,0.10942835659257279
tfidf_the project,0.10932873355381634,0.10932873355381634
tfidf_the same,-0.10930803948744179,0.10930803948744179
tfidf_this specific,-0.10922733409212582,0.10922733409212582
tfidf_annex,-0.10920465161886837,0.10920465161886837
tfidf_increase in,-0.10912158853159769,0.10912158853159769
tfidf_transport infrastructure,-0.10896499290388775,0.10896499290388775
tfidf_be based,-0.10895577196499018,0.10895577196499018
tfidf_share of,-0.10885163634364087,0.10885163634364087
tfidf_intangible component,-0.10871501368328212,0.10871501368328212
tfidf_and implementation,-0.10869746880205912,0.10869746880205912
tfidf_outcome of,0.10865945670555978,0.10865945670555978
tfidf_arrangements,-0.10865279127382563,0.10865279127382563
tfidf_and promotion,0.10864822462166393,0.10864822462166393
tfidf_and contribute,-0.10861985127504438,0.10861985127504438
tfidf_fundamental,0.10855964416291015,0.10855964416291015
tfidf_collection and,-0.10827288058252914,0.10827288058252914
tfidf_contributes to,0.10813270086228473,0.10813270086228473
tfidf_techniques,0.10812445340705538,0.10812445340705538
tfidf_the analysis,-0.10786742506661802,0.10786742506661802
tfidf_indicative,-0.10769215931937338,0.10769215931937338
tfidf_demonstrating,0.10751621508985458,0.10751621508985458
tfidf_nutrition,0.10743161194978673,0.10743161194978673
tfidf_and where,0.10742248123451881,0.10742248123451881
tfidf_the green,0.10741565333494867,0.10741565333494867
tfidf_times,0.1074043220995859,0.1074043220995859
tfidf_will also,0.10723312083926416,0.10723312083926416
tfidf_will provide,0.10722113762482649,0.10722113762482649
tfidf_the cef,0.10713030620290293,0.10713030620290293
tfidf_regions,0.1071022674057458,0.1071022674057458
tfidf_protocols,0.10690581445895574,0.10690581445895574
tfidf_and integration,0.10668929972079429,0.10668929972079429
tfidf_product tangible,-0.10661607662828056,0.10661607662828056
tfidf_bring together,0.10640504905448281,0.10640504905448281
tfidf_interactions,-0.10637555907768735,0.10637555907768735
tfidf_be developed,-0.10631489780515001,0.10631489780515001
tfidf_support the,-0.10613553972405315,0.10613553972405315
tfidf_social sciences,0.10604008408120223,0.10604008408120223
tfidf_cybersecurity,0.10588318130217218,0.10588318130217218
tfidf_profiles,0.10577425336466108,0.10577425336466108
tfidf_installations,-0.10577398825444788,0.10577398825444788
tfidf_bring,0.10574972865764788,0.10574972865764788
tfidf_international cooperation,-0.10547547889974547,0.10547547889974547
tfidf_the,-0.10545283929314272,0.10545283929314272
tfidf_to avoid,-0.10534307655851705,0.10534307655851705
tfidf_creation and,0.10530259147548184,0.10530259147548184
tfidf_the supply,0.10519776764288503,0.10519776764288503
tfidf_of its,0.10502538289686962,0.10502538289686962
tfidf_the need,-0.10491872482764965,0.10491872482764965
tfidf_commitment,-0.10487461505313676,0.10487461505313676
tfidf_representative,0.10486086256567417,0.10486086256567417
tfidf_foresee,0.10479978871660689,0.10479978871660689
tfidf_platforms and,-0.1047703671686765,0.1047703671686765
tfidf_and horizon,-0.10476630330426297,0.10476630330426297
tfidf_focusing,0.10473243440688967,0.10473243440688967
tfidf_supply chain,0.1046487101322491,0.1046487101322491
tfidf_and support,-0.10462965514271375,0.10462965514271375
tfidf_adequate,0.10449458296802042,0.10449458296802042
tfidf_prediction,-0.1043796080063415,0.1043796080063415
tfidf_to start,0.10437198692433916,0.10437198692433916
tfidf_the era,0.10424561283354607,0.10424561283354607
tfidf_will not,-0.10414286988455013,0.10414286988455013
tfidf_designing,0.10408644504638785,0.10408644504638785
tfidf_communications,0.10405697654659823,0.10405697654659823
tfidf_managed,-0.10395952529361954,0.10395952529361954
tfidf_kpis,-0.1038922707382209,0.1038922707382209
tfidf_participation of,0.10388718633857572,0.10388718633857572
tfidf_considers,0.10385826889252353,0.10385826889252353
tfidf_does not,0.10383640179521418,0.10383640179521418
tfidf_successful proposals,0.10362221102889524,0.10362221102889524
tfidf_joint activities,-0.10348409722107677,0.10348409722107677
tfidf_the grant,-0.10343126606217619,0.10343126606217619
tfidf_protein,-0.1034178366737256,0.1034178366737256
tfidf_eur million,-0.10340139973691892,0.10340139973691892
tfidf_to eur,-0.10328238597928635,0.10328238597928635
tfidf_miss,-0.10325656382448217,0.10325656382448217
tfidf_and more,-0.10323130651893342,0.10323130651893342
tfidf_performance,-0.10314709055573953,0.10314709055573953
tfidf_view of,0.10314631281511007,0.10314631281511007
tfidf_neutrality,-0.10304389648522329,0.10304389648522329
tfidf_the impact,-0.10301715169505166,0.10301715169505166
tfidf_campaigns,0.10298586806046575,0.10298586806046575
tfidf_systems and,0.10292903139707214,0.10292903139707214
tfidf_demands,0.10291231110436672,0.10291231110436672
tfidf_fair,0.10282726434001091,0.10282726434001091
tfidf_the actions,-0.10268766129212487,0.10268766129212487
tfidf_resources to,0.1026077167514888,0.1026077167514888
tfidf_the bio,0.1024450502090357,0.1024450502090357
tfidf_the extent,0.10231457941599849,0.10231457941599849
tfidf_on existing,-0.10218066889310547,0.10218066889310547
tfidf_project in,0.10208312534325827,0.10208312534325827
tfidf_create,0.10197132977236795,0.10197132977236795
tfidf_co2,0.10174756877456048,0.10174756877456048
tfidf_member state,0.1017253578483695,0.1017253578483695
tfidf_should also,-0.10171371541342708,0.10171371541342708
tfidf_submission,0.10143429435311659,0.10143429435311659
tfidf_innovation activities,0.10140148793668304,0.10140148793668304
tfidf_humanities,0.10127072133132194,0.10127072133132194
tfidf_described in,0.1011907492958835,0.1011907492958835
tfidf_at national,-0.10112892668780966,0.10112892668780966
tfidf_chain and,0.1010601836515466,0.1010601836515466
tfidf_beyond the,-0.10100918508921902,0.10100918508921902
tfidf_europe direct,0.10077095247767151,0.10077095247767151
tfidf_the end,0.10074217603740307,0.10074217603740307
tfidf_the wider,0.10071043935292118,0.10071043935292118
tfidf_regarding,0.10060945078487535,0.10060945078487535
tfidf_estimated,0.10027141111691783,0.10027141111691783
tfidf_one of,-0.1002356821399414,0.1002356821399414
tfidf_the climate,0.10014031494762425,0.10014031494762425
tfidf_of information,-0.10000499317190899,0.10000499317190899
tfidf_provision of,-0.09992331186021772,0.09992331186021772
tfidf_and better,0.09976433350158494,0.09976433350158494
tfidf_be assessed,-0.09974190508420404,0.09974190508420404
tfidf_given to,-0.09956026999027137,0.09956026999027137
tfidf_participation in,-0.09954638348507722,0.09954638348507722
tfidf_each of,-0.0995212812141183,0.0995212812141183
tfidf_reduction in,-0.09944017054067643,0.09944017054067643
tfidf_and are,0.09942228462183718,0.09942228462183718
tfidf_residues,0.09942205042961294,0.09942205042961294
tfidf_participatory,-0.09940330283100074,0.09940330283100074
tfidf_increase of,-0.09931916605311385,0.09931916605311385
tfidf_promising,0.09918813068131381,0.09918813068131381
tfidf_complexity,0.09910238519289441,0.09910238519289441
tfidf_lc,0.09905502061285679,0.09905502061285679
tfidf_union,0.09898628161892097,0.09898628161892097
tfidf_find,-0.09897855780054397,0.09897855780054397
tfidf_and validation,-0.09888253608788247,0.09888253608788247
tfidf_understand,-0.09881191365722243,0.09881191365722243
tfidf_should take,-0.09879891666828297,0.09879891666828297
tfidf_of novel,-0.09860905362093117,0.09860905362093117
tfidf_definition,-0.09858077890232296,0.09858077890232296
tfidf_5g,0.09842992204463126,0.09842992204463126
tfidf_and demonstrate,-0.09826680880913845,0.09826680880913845
tfidf_for use,-0.0982215080635137,0.0982215080635137
tfidf_preventing,-0.0982018669615217,0.0982018669615217
tfidf_first,-0.0980841018515976,0.0980841018515976
tfidf_ensure,-0.09799252969901005,0.09799252969901005
tfidf_the design,0.09797695348212752,0.09797695348212752
tfidf_measures to,0.09777975730905278,0.09777975730905278
subtheme_other,0.0973748955573513,0.0973748955573513
tfidf_designs,-0.0972848481179379,0.0972848481179379
tfidf_active in,-0.09712515017350062,0.09712515017350062
tfidf_portfolio,-0.09708944072221572,0.09708944072221572
tfidf_quality and,-0.0970441039691908,0.0970441039691908
tfidf_used to,0.09691000505967057,0.09691000505967057
tfidf_defence product,-0.09687595502987764,0.09687595502987764
tfidf_gaps in,-0.09674511909523602,0.09674511909523602
tfidf_the most,-0.09666601796825253,0.09666601796825253
tfidf_and supporting,0.09659130239578137,0.09659130239578137
tfidf_effect,-0.09638843786752847,0.09638843786752847
tfidf_cs2,0.09637626490067806,0.09637626490067806
tfidf_creative,0.09633171425030215,0.09633171425030215
tfidf_et,-0.09600988136799656,0.09600988136799656
tfidf_datasets,-0.09583341971716057,0.09583341971716057
tfidf_funding,-0.09568275178061118,0.09568275178061118
tfidf_in eu,-0.09551673642749588,0.09551673642749588
tfidf_participants,-0.0953221200171985,0.0953221200171985
tfidf_other projects,-0.09488838471022253,0.09488838471022253
tfidf_optimisation of,-0.09482522458697216,0.09482522458697216
tfidf_detailed,-0.09453626782152783,0.09453626782152783
tfidf_http www,-0.09447772892436261,0.09447772892436261
tfidf_networks of,-0.09446549977632086,0.09446549977632086
tfidf_valorisation,0.0944638591356688,0.0944638591356688
tfidf_recommendations for,-0.09444939395444217,0.09444939395444217
tfidf_needs and,-0.09434354443611764,0.09434354443611764
tfidf_market share,-0.09429788300636283,0.09429788300636283
tfidf_etc and,0.09425398630938145,0.09425398630938145
tfidf_to use,0.09407913442531092,0.09407913442531092
tfidf_to better,0.09407103819360432,0.09407103819360432
tfidf_third parties,0.09395303109289667,0.09395303109289667
tfidf_assessing,-0.09392216581792502,0.09392216581792502
tfidf_on how,0.09377763801659936,0.09377763801659936
tfidf_supported,0.0936997251741819,0.0936997251741819
tfidf_of high,-0.09359344802373634,0.09359344802373634
tfidf_the deployment,-0.09346884956655957,0.09346884956655957
tfidf_aviation,0.09343389810300956,0.09343389810300956
tfidf_needs to,0.09338235313919843,0.09338235313919843
tfidf_the other,0.09300914505833875,0.09300914505833875
tfidf_and cooperation,-0.09297192091478892,0.09297192091478892
tfidf_the future,0.0929247144993902,0.0929247144993902
tfidf_the whole,-0.09285757182701725,0.09285757182701725
tfidf_to engage,0.09276296172477452,0.09276296172477452
tfidf_ultimate,-0.09265373516354929,0.09265373516354929
tfidf_establishment of,-0.09260336814943955,0.09260336814943955
tfidf_identified in,0.09255629116336875,0.09255629116336875
tfidf_trade offs,0.09254089256344131,0.09254089256344131
tfidf_fields of,-0.09246638371763499,0.09246638371763499
tfidf_privacy,0.09234991962867654,0.09234991962867654
tfidf_action research,0.09215738379296609,0.09215738379296609
tfidf_explore the,-0.09209135112090266,0.09209135112090266
tfidf_respect,-0.09207008163939673,0.09207008163939673
tfidf_setting up,0.09197499089658759,0.09197499089658759
tfidf_capacity of,-0.09197232492819203,0.09197232492819203
tfidf_enhance the,0.09178435538040568,0.09178435538040568
tfidf_address one,0.09177592725597464,0.09177592725597464
tfidf_done,-0.0916936731918921,0.0916936731918921
tfidf_current and,0.09168957267358634,0.09168957267358634
tfidf_are expected,-0.091631021515478,0.091631021515478
tfidf_energy system,-0.09157405298998442,0.09157405298998442
tfidf_innovative technologies,-0.09153307861463086,0.09153307861463086
tfidf_policy makers,-0.09149606936068579,0.09149606936068579
tfidf_to establish,-0.09109087811123744,0.09109087811123744
tfidf_fc,0.09108585673178478,0.09108585673178478
tfidf_gender dimension,0.0910283357751904,0.0910283357751904
tfidf_areas and,0.09070851464303784,0.09070851464303784
tfidf_is essential,-0.09066950753037743,0.09066950753037743
tfidf_sector,-0.09054437419498125,0.09054437419498125
tfidf_analysis and,0.0904414373085642,0.0904414373085642
tfidf_train,-0.09028270018143049,0.09028270018143049
tfidf_cultural and,0.08986866496591746,0.08986866496591746
tfidf_of hydrogen,0.08986051542095895,0.08986051542095895
tfidf_other amounts,0.08982348438451551,0.08982348438451551
tfidf_use cases,-0.08982080115427081,0.08982080115427081
tfidf_compatible,-0.08966952493537657,0.08966952493537657
tfidf_africa,0.08958584922957326,0.08958584922957326
tfidf_h2020 cs2,0.08958338157813786,0.08958338157813786
tfidf_that have,-0.08957190251569859,0.08957190251569859
tfidf_encouraged in,0.08955436356480845,0.08955436356480845
tfidf_actor approach,-0.08943833604829554,0.08943833604829554
tfidf_and implement,0.08941971325256394,0.08941971325256394
tfidf_requesting contribution,0.08940721539988482,0.08940721539988482
tfidf_sex and,0.08938686273498027,0.08938686273498027
tfidf_generate,0.08927430663299259,0.08927430663299259
tfidf_they,-0.08926469087461353,0.08926469087461353
tfidf_2014,-0.08921882644573208,0.08921882644573208
tfidf_component or,-0.08909467139366431,0.08909467139366431
tfidf_standardised,0.08888699685978016,0.08888699685978016
tfidf_the field,-0.08883018594803128,0.08883018594803128
tfidf_and beyond,-0.0886889408697538,0.0886889408697538
tfidf_heterogeneous,0.08834678843896995,0.08834678843896995
tfidf_take place,0.08800397466203783,0.08800397466203783
tfidf_of new,0.08800276172446254,0.08800276172446254
tfidf_at local,-0.087880263850936,0.087880263850936
tfidf_use in,0.08761658590989643,0.08761658590989643
tfidf_respond to,0.08760145524153896,0.08760145524153896
tfidf_available to,-0.08750881183866373,0.08750881183866373
tfidf_health and,-0.0874746742318736,0.0874746742318736
tfidf_and tools,0.08738489010073938,0.08738489010073938
tfidf_provided by,-0.08733897838667969,0.08733897838667969
tfidf_published in,-0.08724056149746716,0.08724056149746716
tfidf_delivered,0.0869249238532357,0.0869249238532357
tfidf_the environment,0.08675781164890088,0.08675781164890088
tfidf_of europe,-0.0865231310655506,0.0865231310655506
tfidf_concerning,0.08647817321524859,0.08647817321524859
tfidf_levels of,0.08644804538543552,0.08644804538543552
tfidf_be the,-0.08640263808941716,0.08640263808941716
tfidf_used for,0.08637622505176945,0.08637622505176945
tfidf_proposals for,0.08624574340193303,0.08624574340193303
tfidf_considering the,0.08606576055624734,0.08606576055624734
tfidf_considerations,0.0860520284391966,0.0860520284391966
tfidf_chains and,0.08591888904774406,0.08591888904774406
tfidf_the ability,0.08587923069311534,0.08587923069311534
tfidf_to meet,0.08587018034487578,0.08587018034487578
tfidf_research infrastructure,0.08583313527178894,0.08583313527178894
tfidf_continuous,-0.08582947435236735,0.08582947435236735
tfidf_sensor,0.085780170846743,0.085780170846743
tfidf_of more,0.08574558511967133,0.08574558511967133
tfidf_an important,-0.0857164397384646,0.0857164397384646
tfidf_validation of,0.08570699602400267,0.08570699602400267
tfidf_such,-0.08570379084652151,0.08570379084652151
tfidf_inequalities,0.08560473372834604,0.08560473372834604
tfidf_requesting other,0.08540370710153805,0.08540370710153805
tfidf_viability of,-0.0853928470236058,0.0853928470236058
tfidf_integration and,-0.08514280150954025,0.08514280150954025
tfidf_another,0.08506671062228838,0.08506671062228838
tfidf_set of,0.08504370311055105,0.08504370311055105
tfidf_particularly in,0.08494892016474279,0.08494892016474279
tfidf_internal,0.08490347191156832,0.08490347191156832
tfidf_coordination and,0.08484039679083508,0.08484039679083508
tfidf_tools,-0.08469805390357933,0.08469805390357933
tfidf_participation,-0.08464385772193231,0.08464385772193231
tfidf_stakeholders in,-0.08451346605153558,0.08451346605153558
tfidf_respective,0.0844261063143614,0.0844261063143614
tfidf_makers and,0.08434306009450235,0.08434306009450235
tfidf_likely,0.08420474275522667,0.08420474275522667
tfidf_attention,0.08417859283535735,0.08417859283535735
tfidf_points,0.08406512072427746,0.08406512072427746
tfidf_be implemented,0.08403379745660973,0.08403379745660973
tfidf_contribution from,0.08394501280312347,0.08394501280312347
tfidf_priorities socio,0.0838855446653076,0.0838855446653076
tfidf_innovative and,0.08378593204637487,0.08378593204637487
tfidf_pilots,0.08377804400806618,0.08377804400806618
tfidf_financial support,0.08369306900520251,0.08369306900520251
tfidf_fork strategy,0.08365804835031894,0.08365804835031894
tfidf_in areas,0.08361453949311205,0.08361453949311205
tfidf_selection,-0.0835349540292305,0.0835349540292305
tfidf_eu between,0.08351352861753722,0.08351352861753722
tfidf_will enable,-0.08348636034513277,0.08348636034513277
tfidf_decisions,0.08341806767366124,0.08341806767366124
tfidf_advances,-0.08338518155572629,0.08338518155572629
tfidf_and long,0.08332528435269237,0.08332528435269237
tfidf_2019,0.08323655298871785,0.08323655298871785
tfidf_to bring,0.08323377317602672,0.08323377317602672
tfidf_set,-0.08320884535353126,0.08320884535353126
tfidf_making and,0.08320155674423296,0.08320155674423296
tfidf_applicable,0.08295565862356229,0.08295565862356229
tfidf_of action,0.08288002834272745,0.08288002834272745
tfidf_sustainability and,0.08284416680415356,0.08284416680415356
tfidf_intelligence,-0.08277431069821715,0.08277431069821715
tfidf_with eu,-0.08274095110105424,0.08274095110105424
tfidf_resilient,0.08272291048264671,0.08272291048264671
tfidf_value of,0.08271196902179849,0.08271196902179849
tfidf_launch,0.08248574662040119,0.08248574662040119
tfidf_considered as,0.08245531423592521,0.08245531423592521
tfidf_the child,0.0823279523417959,0.0823279523417959
tfidf_work,-0.08222932346541903,0.08222932346541903
tfidf_kpi,-0.08211083712637887,0.08211083712637887
tfidf_so that,-0.08205783408032731,0.08205783408032731
tfidf_aligned,-0.0819781240018719,0.0819781240018719
tfidf_at eu,0.08193993364852951,0.08193993364852951
tfidf_designed,-0.08189056386690208,0.08189056386690208
tfidf_solid,0.0818347405581573,0.0818347405581573
tfidf_be in,0.08177402110036248,0.08177402110036248
tfidf_to address,-0.08155686212154169,0.08155686212154169
tfidf_collaborate,0.0815374649326055,0.0815374649326055
tfidf_any other,-0.08130350610615086,0.08130350610615086
tfidf_improvement of,-0.08124483680690936,0.08124483680690936
tfidf_preclude the,-0.0809386650116012,0.0809386650116012
tfidf_readiness level,0.08093746258272334,0.08093746258272334
tfidf_socio economic,0.08075437907525718,0.08075437907525718
tfidf_forum,-0.0805398726969474,0.0805398726969474
tfidf_to other,-0.08046741098628368,0.08046741098628368
tfidf_specific challenge,0.08014429901093827,0.08014429901093827
tfidf_activities the,-0.08011613600786091,0.08011613600786091
tfidf_citizen,-0.08009713347704057,0.08009713347704057
tfidf_ready,0.08002697882041411,0.08002697882041411
tfidf_also be,-0.07996387336213737,0.07996387336213737
tfidf_example,-0.07993065263210063,0.07993065263210063
tfidf_capacity and,-0.07979539847236285,0.07979539847236285
tfidf_lex europa,0.07976357866542425,0.07976357866542425
tfidf_erasmus,0.07971884361917683,0.07971884361917683
tfidf_contribution of,0.07965665362809236,0.07965665362809236
tfidf_suitable,0.07964942329328853,0.07964942329328853
tfidf_how the,0.07958636877633932,0.07958636877633932
tfidf_focus,-0.07946294747181484,0.07946294747181484
tfidf_range of,0.07939403427505118,0.07939403427505118
tfidf_and exchange,-0.079341055021974,0.079341055021974
tfidf_expected results,0.07915684631252172,0.07915684631252172
tfidf_of raw,0.07901482448089053,0.07901482448089053
tfidf_with,0.07898901293811095,0.07898901293811095
tfidf_europe the,-0.07895687816849657,0.07895687816849657
kw_food,0.0789133825176262,0.0789133825176262
tfidf_more effective,0.07888988116631902,0.07888988116631902
tfidf_experts,0.07888673861269921,0.07888673861269921
tfidf_stages,-0.07886883041524641,0.07886883041524641
tfidf_deploy,0.07881429436269172,0.07881429436269172
tfidf_please see,-0.07871487388041944,0.07871487388041944
tfidf_info,0.0787121770694694,0.0787121770694694
tfidf_and knowledge,0.07863656060845294,0.07863656060845294
tfidf_targeted,-0.07860124781151724,0.07860124781151724
tfidf_of both,0.07852764411757006,0.07852764411757006
tfidf_economic,-0.07847217330987478,0.07847217330987478
tfidf_coming,0.07837425389152931,0.07837425389152931
tfidf_while,-0.07835504509654759,0.07835504509654759
tfidf_throughout,0.07824535278306016,0.07824535278306016
kw_crop,0.07819606173853808,0.07819606173853808
tfidf_may include,-0.0780598352741754,0.0780598352741754
tfidf_green deal,0.0779993129878327,0.0779993129878327
tfidf_yet,0.07797181959156284,0.07797181959156284
tfidf_the health,0.07775159922701387,0.07775159922701387
tfidf_challenge to,0.07774340519275141,0.07774340519275141
tfidf_established,-0.07768437708410732,0.07768437708410732
tfidf_comply with,-0.07748740341780186,0.07748740341780186
tfidf_security of,0.07730337530030582,0.07730337530030582
tfidf_job,-0.07704052646222981,0.07704052646222981
sector_standard_other,-0.07703775099782814,0.07703775099782814
tfidf_earth observation,-0.07699153621853713,0.07699153621853713
tfidf_implementation and,0.07694252082825657,0.07694252082825657
tfidf_this will,-0.07654598702704157,0.07654598702704157
tfidf_media,-0.07636724908312455,0.07636724908312455
tfidf_risk of,-0.07627954959466163,0.07627954959466163
days_to_close,-0.07624566830013135,0.07624566830013135
tfidf_in africa,0.07615987534976926,0.07615987534976926
tfidf_needed,0.07607880495583653,0.07607880495583653
tfidf_is key,-0.07600966169252717,0.07600966169252717
tfidf_cost of,-0.07599529466298409,0.07599529466298409
tfidf_and communication,-0.07585768123895249,0.07585768123895249
tfidf_objective the,-0.07575702767416205,0.07575702767416205
tfidf_cl6 2021,-0.07572091038268433,0.07572091038268433
tfidf_to integrate,0.07562991229953137,0.07562991229953137
tfidf_around,0.07556913922120445,0.07556913922120445
tfidf_strategy for,-0.07541401653760571,0.07541401653760571
tfidf_cooperation,0.0753572486378009,0.0753572486378009
tfidf_partner,0.07535537007675752,0.07535537007675752
tfidf_possibility,-0.07534984310582064,0.07534984310582064
tfidf_constraints,0.07511363303876877,0.07511363303876877
tfidf_resulting in,-0.07502240682681391,0.07502240682681391
tfidf_etc the,0.07483563723291696,0.07483563723291696
tfidf_and human,0.07471995666512937,0.07471995666512937
tfidf_basis of,-0.07462152700716074,0.07462152700716074
kw_climate,0.07457130183856188,0.07457130183856188
tfidf_to help,-0.0745531854235225,0.0745531854235225
tfidf_be paid,0.07452432157422925,0.07452432157422925
tfidf_connectivity,-0.07438263641588708,0.07438263641588708
tfidf_crucial,-0.0743773733361505,0.0743773733361505
tfidf_transport and,0.07436988702425504,0.07436988702425504
tfidf_of results,-0.07419525288348082,0.07419525288348082
tfidf_ability,0.07407675306413837,0.07407675306413837
tfidf_particular with,-0.07381338816581796,0.07381338816581796
tfidf_by 2030,0.07379411951490863,0.07379411951490863
tfidf_organisations,-0.07369465170543471,0.07369465170543471
tfidf_common,0.07369432214058855,0.07369432214058855
tfidf_of industrial,0.07368734569302514,0.07368734569302514
tfidf_societal challenges,-0.07358991637087914,0.07358991637087914
tfidf_european parliament,0.07336821117304484,0.07336821117304484
tfidf_to european,-0.07325493927738613,0.07325493927738613
tfidf_rural,-0.07313732891659444,0.07313732891659444
tfidf_raw materials,0.07272946207367986,0.07272946207367986
tfidf_topics,-0.07263414552180705,0.07263414552180705
tfidf_going,-0.07250176575293799,0.07250176575293799
tfidf_developed in,0.0724939729383161,0.0724939729383161
tfidf_identification of,-0.07246957405881597,0.07246957405881597
tfidf_benefits and,0.07240949673384361,0.07240949673384361
tfidf_modular,0.07234078610294635,0.07234078610294635
tfidf_europe,-0.07229751721761157,0.07229751721761157
tfidf_linked to,0.07226414402739931,0.07226414402739931
tfidf_tools to,-0.07215932028829429,0.07215932028829429
tfidf_practices and,-0.07195244609669901,0.07195244609669901
tfidf_in different,-0.07186196426214125,0.07186196426214125
tfidf_model,0.07185762840508557,0.07185762840508557
tfidf_the definition,-0.07180240545824389,0.07180240545824389
tfidf_taking into,0.07168854110565842,0.07168854110565842
tfidf_harmonised,0.07134035790677813,0.07134035790677813
tfidf_meet,-0.07129694669781494,0.07129694669781494
tfidf_www,0.07124994945181035,0.07124994945181035
tfidf_eu member,0.07119162970557606,0.07119162970557606
tfidf_and ensure,0.07106705868993152,0.07106705868993152
tfidf_challenge of,0.07082275373972567,0.07082275373972567
tfidf_is need,-0.07076053856642349,0.07076053856642349
tfidf_amongst,-0.07072386973943595,0.07072386973943595
tfidf_projects and,0.070676196456667,0.070676196456667
tfidf_introduction to,-0.07058891929098163,0.07058891929098163
tfidf_key enabling,-0.07049114988603078,0.07049114988603078
tfidf_competitiveness and,0.07041415179722292,0.07041415179722292
tfidf_practices in,-0.07039481611610643,0.07039481611610643
tfidf_contexts,-0.07038321845082313,0.07038321845082313
tfidf_new or,-0.07037465003732991,0.07037465003732991
tfidf_to kpi,0.07029478710388294,0.07029478710388294
tfidf_reduction of,-0.0701789340672818,0.0701789340672818
tfidf_with and,0.07017193090401226,0.07017193090401226
tfidf_procedures,0.07010374664046018,0.07010374664046018
tfidf_priority,0.069945304104352,0.069945304104352
tfidf_applicants are,0.06985327121604133,0.06985327121604133
tfidf_hpc,-0.06976238799658514,0.06976238799658514
tfidf_perception,0.06973025109226046,0.06973025109226046
tfidf_emissions and,-0.06965115828246785,0.06965115828246785
tfidf_collaborate with,0.06962870913918899,0.06962870913918899
tfidf_the form,-0.06961633483381485,0.06961633483381485
tfidf_for both,-0.06958924890944194,0.06958924890944194
tfidf_transfer of,-0.06957192121292789,0.06957192121292789
kw_aqua,-0.06919195939883811,0.06919195939883811
tfidf_fork,-0.06901515874556098,0.06901515874556098
tfidf_tackle,-0.06879707984220036,0.06879707984220036
tfidf_art,0.0687026703960678,0.0687026703960678
tfidf_levels,0.06868272481441032,0.06868272481441032
tfidf_rights,0.0686136235251502,0.0686136235251502
tfidf_combination,0.06828758987114839,0.06828758987114839
tfidf_and coordination,-0.06824951310351433,0.06824951310351433
tfidf_know,-0.068195095178621,0.068195095178621
tfidf_and maintenance,0.06807794930818123,0.06807794930818123
tfidf_achieve the,0.0679337079070064,0.0679337079070064
tfidf_integral,-0.06792340517081696,0.06792340517081696
tfidf_researchers,-0.06786491169867084,0.06786491169867084
tfidf_and citizens,0.06784332942735707,0.06784332942735707
tfidf_twinning,0.06781479342200071,0.06781479342200071
tfidf_for,0.06777431364561809,0.06777431364561809
tfidf_included,-0.06770627391433225,0.06770627391433225
tfidf_addresses,-0.06748024164779431,0.06748024164779431
tfidf_and effective,-0.0674241602365898,0.0674241602365898
tfidf_exist,0.06734922457807634,0.06734922457807634
tfidf_to measure,-0.06722467007876165,0.06722467007876165
tfidf_foster,-0.06717606580598379,0.06717606580598379
tfidf_making,-0.06706397849584278,0.06706397849584278
tfidf_and new,-0.06705270127487978,0.06705270127487978
tfidf_accessible,-0.06696083850160628,0.06696083850160628
tfidf_public health,0.06695544849848609,0.06695544849848609
tfidf_nutrient,0.06694123688727974,0.06694123688727974
kw_livestock,0.06687314297726407,0.06687314297726407
tfidf_must include,-0.06685650285995873,0.06685650285995873
tfidf_the cooperation,-0.06678670858931686,0.06678670858931686
tfidf_may be,-0.06654270743510217,0.06654270743510217
tfidf_and potential,-0.06652410643944,0.06652410643944
tfidf_the capacity,0.0665025335927545,0.0665025335927545
tfidf_bringing,-0.06647702239233325,0.06647702239233325
tfidf_consistent,0.06645928989328745,0.06645928989328745
tfidf_open,0.06639769501995221,0.06639769501995221
tfidf_qualitative,-0.06638252963462557,0.06638252963462557
tfidf_data space,0.06621592524365957,0.06621592524365957
tfidf_dissemination and,-0.06620470112200329,0.06620470112200329
tfidf_background,0.06588675498400479,0.06588675498400479
tfidf_end of,0.06584653276276468,0.06584653276276468
tfidf_be used,0.06547530161842328,0.06547530161842328
tfidf_actions in,-0.06542568772199191,0.06542568772199191
tfidf_detection and,0.06527808273289769,0.06527808273289769
tfidf_formal,0.06522811980278007,0.06522811980278007
tfidf_air,0.0651729792856577,0.0651729792856577
tfidf_and innovative,0.06510370031184472,0.06510370031184472
tfidf_as regards,-0.064940390297295,0.064940390297295
tfidf_possibilities,0.06478242693053164,0.06478242693053164
tfidf_controlled,-0.06476777505507551,0.06476777505507551
tfidf_to have,-0.0646851944201303,0.0646851944201303
tfidf_own,-0.06465714458408968,0.06465714458408968
tfidf_regulatory,-0.06462064493155664,0.06462064493155664
tfidf_eu in,-0.06452647809268364,0.06452647809268364
tfidf_evaluate,0.06445888178218959,0.06445888178218959
tfidf_local regional,-0.06443424435280334,0.06443424435280334
tfidf_final,0.06413353986972768,0.06413353986972768
tfidf_foster the,-0.06402335925295961,0.06402335925295961
tfidf_increasingly,-0.06358606020325729,0.06358606020325729
tfidf_foreseen,-0.06353073427790268,0.06353073427790268
tfidf_quality of,0.06339551762712052,0.06339551762712052
tfidf_objective,-0.06327462513819433,0.06327462513819433
tfidf_established in,0.06318374018120901,0.06318374018120901
tfidf_propose,0.06293927129263996,0.06293927129263996
tfidf_relevant for,-0.06289757140563619,0.06289757140563619
tfidf_to become,0.06288089655461021,0.06288089655461021
tfidf_energy performance,-0.06286308603499535,0.06286308603499535
tfidf_production systems,-0.06282513118755179,0.06282513118755179
tfidf_developed and,0.06280733984325763,0.06280733984325763
tfidf_the right,-0.06258925726843396,0.06258925726843396
tfidf_processing and,0.06255057709976439,0.06255057709976439
tfidf_ecosystems and,0.06252154566092763,0.06252154566092763
tfidf_article,0.06240250095933486,0.06240250095933486
tfidf_strategy and,-0.0623918212539713,0.0623918212539713
sector_standard_research_innovation,0.062362947504220466,0.062362947504220466
tfidf_requirements of,0.06226843823763974,0.06226843823763974
tfidf_call for,-0.06221422422363559,0.06221422422363559
tfidf_human health,-0.062142170220341506,0.062142170220341506
tfidf_pillar,-0.06178033199416956,0.06178033199416956
tfidf_close,-0.06177667959782948,0.06177667959782948
tfidf_european research,0.06172280065483733,0.06172280065483733
tfidf_goal,0.06164327162598731,0.06164327162598731
tfidf_than,-0.061359812102880606,0.061359812102880606
tfidf_rapidly,0.06135000861160395,0.06135000861160395
tfidf_the business,0.06133311225437535,0.06133311225437535
tfidf_of activities,-0.06117926698631246,0.06117926698631246
tfidf_criteria,-0.06113512178066717,0.06113512178066717
tfidf_at trl,0.060920779329568416,0.060920779329568416
tfidf_award,0.060919698718400216,0.060919698718400216
tfidf_of best,-0.06091195886723371,0.06091195886723371
tfidf_the selected,-0.06084353128804366,0.06084353128804366
tfidf_practical,-0.06062279650327564,0.06062279650327564
tfidf_provided in,-0.060589970721602986,0.060589970721602986
tfidf_outlined,-0.060322964975993695,0.060322964975993695
tfidf_in this,-0.06023795687113623,0.06023795687113623
subtheme_food_security,-0.06021274985172076,0.06021274985172076
tfidf_to ensure,0.06015957813257271,0.06015957813257271
tfidf_increasing,-0.06002308477226631,0.06002308477226631
tfidf_be funded,-0.05995068931243605,0.05995068931243605
tfidf_and at,0.059725761512016154,0.059725761512016154
tfidf_the industry,-0.05962888667863019,0.05962888667863019
tfidf_the overall,0.05952301538269141,0.05952301538269141
tfidf_interconnection,0.05946436443118605,0.05946436443118605
tfidf_die,0.05914529303386462,0.05914529303386462
tfidf_output,0.05898807871412418,0.05898807871412418
tfidf_the farm,0.058978243651257124,0.058978243651257124
tfidf_ec,0.05875125307044421,0.05875125307044421
tfidf_and its,0.05867379837512586,0.05867379837512586
tfidf_sectoral,0.05859494816530372,0.05859494816530372
tfidf_hubs,-0.05845272124427791,0.05845272124427791
tfidf_to third,0.05825774954855757,0.05825774954855757
tfidf_participating organisations,-0.058167318339444496,0.058167318339444496
tfidf_attention to,-0.05814255290467222,0.05814255290467222
tfidf_be able,-0.05807703591088852,0.05807703591088852
tfidf_settings,0.058008129594008376,0.058008129594008376
tfidf_roll out,-0.057653631794512473,0.057653631794512473
tfidf_hrs,0.05762102340823835,0.05762102340823835
tfidf_parliament and,0.05747827799532652,0.05747827799532652
tfidf_ones,-0.05747158101230538,0.05747158101230538
tfidf_readiness levels,0.05747050062722272,0.05747050062722272
tfidf_the concept,-0.05740013797253125,0.05740013797253125
tfidf_research,-0.05737728289161524,0.05737728289161524
tfidf_roadmaps,0.05732671420392946,0.05732671420392946
tfidf_importance,0.057318120686495604,0.057318120686495604
tfidf_re use,0.05705525734589266,0.05705525734589266
tfidf_to make,0.05702619866664574,0.05702619866664574
tfidf_ambitious,-0.05698678706246695,0.05698678706246695
tfidf_europe in,-0.05689970307608124,0.05689970307608124
tfidf_the challenges,-0.056670014661477794,0.056670014661477794
tfidf_topic conditions,0.05665133825555448,0.05665133825555448
tfidf_method,-0.0565140526661354,0.0565140526661354
tfidf_the commission,-0.05649744760569065,0.05649744760569065
tfidf_circularity,-0.05620925656703311,0.05620925656703311
tfidf_categories,-0.056188096612160926,0.056188096612160926
tfidf_for international,0.056180731003956194,0.056180731003956194
tfidf_basin,0.05613986348421451,0.05613986348421451
tfidf_research activities,-0.05611286995723929,0.05611286995723929
tfidf_digital transformation,0.05604868854614501,0.05604868854614501
tfidf_prepare,0.05591955577324919,0.05591955577324919
tfidf_preliminary,-0.05565706546077533,0.05565706546077533
tfidf_topic should,0.05560319238371974,0.05560319238371974
tfidf_present,-0.05517794206783129,0.05517794206783129
tfidf_at european,-0.05503740489152283,0.05503740489152283
tfidf_necessary to,0.054986082767397665,0.054986082767397665
tfidf_productivity,0.05488979464874034,0.05488979464874034
tfidf_device,0.05488212330833571,0.05488212330833571
tfidf_sciences and,-0.054783147427215226,0.054783147427215226
tfidf_deployed,0.05471305400401397,0.05471305400401397
tfidf_un,-0.054669486949506116,0.054669486949506116
tfidf_calls for,0.05465316073040944,0.05465316073040944
tfidf_healthy,-0.05464357618788501,0.05464357618788501
tfidf_excluded,0.05447572449358415,0.05447572449358415
tfidf_challenges,0.054403708414361526,0.054403708414361526
tfidf_investments,-0.05415831096447194,0.05415831096447194
tfidf_the main,0.05409405174146285,0.05409405174146285
tfidf_european green,0.05400606485252449,0.05400606485252449
tfidf_also include,0.05391811558112498,0.05391811558112498
tfidf_guidelines,0.05391150774184229,0.05391150774184229
tfidf_the organisation,0.05385073511530048,0.05385073511530048
tfidf_for an,-0.053787477761236935,0.053787477761236935
tfidf_involve the,0.05375184554422071,0.05375184554422071
tfidf_play,0.05362965497229851,0.05362965497229851
tfidf_expected impacts,0.05360465777351447,0.05360465777351447
tfidf_today,-0.05357192597742107,0.05357192597742107
tfidf_minimum,0.053560097582161854,0.053560097582161854
tfidf_sub topic,-0.05351628967641407,0.05351628967641407
tfidf_objective of,0.053514872674755576,0.053514872674755576
tfidf_not only,0.053420662161104644,0.053420662161104644
tfidf_and applications,0.053369832852436364,0.053369832852436364
tfidf_see general,0.053335733867081736,0.053335733867081736
tfidf_please refer,-0.05312750339666312,0.05312750339666312
tfidf_and sharing,0.053046300853440406,0.053046300853440406
tfidf_be given,-0.05300408059247711,0.05300408059247711
tfidf_and gender,-0.05298940012173558,0.05298940012173558
tfidf_seek,0.05291982551505282,0.05291982551505282
tfidf_markets,-0.05271738153740435,0.05271738153740435
tfidf_the present,0.05263829097998785,0.05263829097998785
tfidf_heavy,0.05262620781093996,0.05262620781093996
tfidf_and exploitation,0.052623145207294705,0.052623145207294705
tfidf_and test,0.05259795324641176,0.05259795324641176
tfidf_topic will,-0.05248139906362021,0.05248139906362021
tfidf_work programme,-0.05240631847143376,0.05240631847143376
tfidf_allows,-0.052259228298429265,0.052259228298429265
tfidf_should,-0.05215977272325603,0.05215977272325603
tfidf_challenging,-0.05205287984230175,0.05205287984230175
tfidf_aims to,-0.05171470762399289,0.05171470762399289
tfidf_proposals should,0.05163373970263239,0.05163373970263239
tfidf_in place,-0.05157477331011783,0.05157477331011783
tfidf_effort,-0.051495107838712334,0.051495107838712334
tfidf_breakthrough,0.05149257062691435,0.05149257062691435
tfidf_surface,-0.051405339862786836,0.051405339862786836
tfidf_combining,-0.051209898863127844,0.051209898863127844
tfidf_studies and,0.051191080908024086,0.051191080908024086
tfidf_see part,-0.051133540447404355,0.051133540447404355
tfidf_be clearly,0.051108755887594164,0.051108755887594164
tfidf_topic descriptions,-0.05099665242847319,0.05099665242847319
tfidf_and activities,0.05094051349587794,0.05094051349587794
tfidf_work package,0.05092184864113637,0.05092184864113637
tfidf_duration,0.050901859593407046,0.050901859593407046
tfidf_adapted,0.05088360469256366,0.05088360469256366
tfidf_towards,0.05068282294487437,0.05068282294487437
tfidf_and security,0.050511467756457984,0.050511467756457984
tfidf_in agriculture,0.0505113936724629,0.0505113936724629
tfidf_age,0.050498652834087776,0.050498652834087776
tfidf_context,-0.05043464644632912,0.05043464644632912
tfidf_plastic,-0.050283758098865615,0.050283758098865615
tfidf_support action,-0.05024693358081686,0.05024693358081686
tfidf_100,0.050194849259091005,0.050194849259091005
tfidf_grants,-0.05016423610828213,0.05016423610828213
tfidf_be established,-0.050074909722441115,0.050074909722441115
tfidf_justice,-0.049897149828737816,0.049897149828737816
tfidf_give,0.04971174798340087,0.04971174798340087
tfidf_sesar,-0.04968454956729846,0.04968454956729846
tfidf_response,0.049595896051591475,0.049595896051591475
tfidf_priorities,0.04951730163754591,0.04951730163754591
tfidf_parameters,0.0494802235264266,0.0494802235264266
tfidf_the evaluation,0.04944867808964159,0.04944867808964159
tfidf_the security,-0.049325345295378346,0.049325345295378346
tfidf_overall,-0.04930608841725708,0.04930608841725708
tfidf_products and,-0.04912428106887724,0.04912428106887724
tfidf_experience and,-0.04904598749690329,0.04904598749690329
tfidf_generation of,-0.048944948186101137,0.048944948186101137
tfidf_agenda,-0.04893308546523784,0.04893308546523784
tfidf_allow the,0.048795556160732834,0.048795556160732834
tfidf_identified,-0.048721773062893395,0.048721773062893395
tfidf_supply chains,-0.048511559716890786,0.048511559716890786
tfidf_should build,0.048484851054354114,0.048484851054354114
tfidf_renewables,-0.04847433008376903,0.04847433008376903
tfidf_electrolysis,0.04826888177101956,0.04826888177101956
tfidf_appropriate resources,0.04826509336842396,0.04826509336842396
tfidf_measure,0.04822219456097098,0.04822219456097098
tfidf_only,0.04809707693830803,0.04809707693830803
tfidf_to this,-0.048041010818437334,0.048041010818437334
tfidf_set up,-0.047507535695735285,0.047507535695735285
tfidf_successful,0.04746768566526504,0.04746768566526504
tfidf_the core,0.047415222576157864,0.047415222576157864
tfidf_maximum,0.04735160018596786,0.04735160018596786
tfidf_appropriately nonetheless,0.047243177642589056,0.047243177642589056
tfidf_expected outcome,0.04716871849050731,0.04716871849050731
tfidf_given,0.04701204884771394,0.04701204884771394
tfidf_and in,0.047009547230068754,0.047009547230068754
tfidf_transmission,-0.04698148803603728,0.04698148803603728
tfidf_have been,0.04686678923651648,0.04686678923651648
tfidf_comply,-0.04666260038277177,0.04666260038277177
tfidf_form,-0.04654105491942316,0.04654105491942316
tfidf_improve the,-0.046534671156532474,0.046534671156532474
tfidf_principles,0.04652403671782999,0.04652403671782999
tfidf_the appropriate,0.046344609630913886,0.046344609630913886
tfidf_of various,-0.046308727811373906,0.046308727811373906
tfidf_most,-0.046266297030727245,0.046266297030727245
tfidf_inter,-0.04624957578239695,0.04624957578239695
tfidf_the european,0.04599753785662447,0.04599753785662447
tfidf_manner,0.045872898748278615,0.045872898748278615
tfidf_combat,-0.04561401011543098,0.04561401011543098
tfidf_unit,0.0454134885807284,0.0454134885807284
tfidf_to enhance,0.045340477226899455,0.045340477226899455
tfidf_is not,0.04518881606293634,0.04518881606293634
tfidf_topic aims,-0.04514297931098466,0.04514297931098466
tfidf_situation,-0.045081441432862884,0.045081441432862884
tfidf_the technical,-0.04482974415849463,0.04482974415849463
tfidf_support will,-0.04478564449369641,0.04478564449369641
tfidf_ssh disciplines,-0.04460823410922188,0.04460823410922188
tfidf_of national,0.04453394578873343,0.04453394578873343
tfidf_documents,-0.044527914353000686,0.044527914353000686
tfidf_involved in,0.0444243491932552,0.0444243491932552
tfidf_as for,0.04434199617160304,0.04434199617160304
tfidf_across the,0.04414454048420433,0.04414454048420433
tfidf_developers,0.043771526114761726,0.043771526114761726
tfidf_either,-0.04376961240034054,0.04376961240034054
tfidf_but not,-0.043712159054215945,0.043712159054215945
tfidf_populations,-0.04363003070616514,0.04363003070616514
tfidf_level in,-0.04347190163394935,0.04347190163394935
tfidf_allow this,0.043267793743295035,0.043267793743295035
tfidf_up the,-0.04313770104718654,0.04313770104718654
tfidf_the participating,-0.0431328464998423,0.0431328464998423
tfidf_beneficiaries,0.04311991798059397,0.04311991798059397
tfidf_subject to,-0.04311441942451024,0.04311441942451024
tfidf_for the,-0.04308698415916952,0.04308698415916952
tfidf_tested,-0.04301462890103933,0.04301462890103933
tfidf_develop and,0.04300202968576312,0.04300202968576312
tfidf_to promote,-0.04298061766718896,0.04298061766718896
tfidf_call h2020,0.04292828369781662,0.04292828369781662
tfidf_carry,-0.042816973354121025,0.042816973354121025
tfidf_has,-0.04280121811261812,0.04280121811261812
tfidf_being,0.04270163944485249,0.04270163944485249
tfidf_program,0.04237721317291044,0.04237721317291044
tfidf_results are,-0.04229132694344536,0.04229132694344536
tfidf_co creation,-0.04227693980129569,0.04227693980129569
tfidf_use the,-0.04225181130274588,0.04225181130274588
tfidf_project results,-0.04190655401192459,0.04190655401192459
tfidf_clearly,0.04167810770112825,0.04167810770112825
tfidf_recommended,0.04163867195793895,0.04163867195793895
tfidf_are to,-0.04163202445816725,0.04163202445816725
tfidf_eligible,-0.04131550213672549,0.04131550213672549
tfidf_stakeholders,-0.0411618638405594,0.0411618638405594
tfidf_alternatives,-0.04108751595458648,0.04108751595458648
tfidf_what,-0.04105466711474329,0.04105466711474329
tfidf_by,0.04101397405482342,0.04101397405482342
tfidf_cyber,-0.04100713300374767,0.04100713300374767
tfidf_processes,-0.040990157127204635,0.040990157127204635
tfidf_thermal,0.040834883482718055,0.040834883482718055
tfidf_process and,0.04074314571451448,0.04074314571451448
tfidf_of education,0.04064191738005257,0.04064191738005257
tfidf_european innovation,-0.04064060190191514,0.04064060190191514
tfidf_activities that,0.04055341426603757,0.04055341426603757
tfidf_timely,0.040279715124327396,0.040279715124327396
tfidf_thematic,0.04027768503668404,0.04027768503668404
tfidf_with existing,-0.040240903090570906,0.040240903090570906
tfidf_should have,-0.040214984764253885,0.040214984764253885
tfidf_standards and,0.040059320123652,0.040059320123652
tfidf_availability,-0.039956188453368076,0.039956188453368076
tfidf_or regional,-0.03987393186667576,0.03987393186667576
tfidf_manage,0.03986992340495203,0.03986992340495203
tfidf_exploitation,0.03981315258850506,0.03981315258850506
tfidf_parts of,-0.039735201556153704,0.039735201556153704
tfidf_refer,-0.039463029958382176,0.039463029958382176
tfidf_projects will,-0.03942547715664105,0.03942547715664105
tfidf_capable of,0.03936107391683883,0.03936107391683883
tfidf_raise,0.039347536377818675,0.039347536377818675
tfidf_to tackle,-0.03922472110017245,0.03922472110017245
tfidf_contributing,0.03894147475746009,0.03894147475746009
tfidf_raw,0.03886315371739325,0.03886315371739325
tfidf_be on,-0.038779663332647395,0.038779663332647395
tfidf_the impacts,-0.038759622142481125,0.038759622142481125
tfidf_feasibility,-0.038681073291391026,0.038681073291391026
tfidf_viability,-0.03866857948111969,0.03866857948111969
tfidf_expected outcomes,0.03860988079515719,0.03860988079515719
tfidf_kg,0.03856756539172972,0.03856756539172972
tfidf_stimulate,0.03848136872847315,0.03848136872847315
tfidf_define,0.03835435864399385,0.03835435864399385
tfidf_covered,-0.038329388406022215,0.038329388406022215
tfidf_nature,0.03827723702683644,0.03827723702683644
tfidf_cannot,-0.03823534135887264,0.03823534135887264
tfidf_assess the,0.03809659311747596,0.03809659311747596
subtheme_irrigation,0.037932597451136425,0.037932597451136425
tfidf_for innovation,0.037881242979693634,0.037881242979693634
tfidf_farm to,0.037677459510842136,0.037677459510842136
tfidf_viable,-0.037591840121331245,0.037591840121331245
tfidf_14,0.03757308548464887,0.03757308548464887
tfidf_the key,-0.03752284216962923,0.03752284216962923
tfidf_will allow,0.03733821946007761,0.03733821946007761
tfidf_to identify,0.03732583637648593,0.03732583637648593
tfidf_guide,0.037144667704262245,0.037144667704262245
kw_agriculture,0.03699889022451278,0.03699889022451278
tfidf_are needed,-0.03657272345493133,0.03657272345493133
tfidf_decrease,-0.03650323085781002,0.03650323085781002
tfidf_impact is,0.03648844810259445,0.03648844810259445
tfidf_outlined in,-0.03646630396489765,0.03646630396489765
tfidf_civil society,0.036309078161188786,0.036309078161188786
tfidf_up and,0.03627656255908295,0.03627656255908295
tfidf_load,0.03614674846687883,0.03614674846687883
tfidf_solutions should,0.0361353218877895,0.0361353218877895
tfidf_substances,-0.0360656438014349,0.0360656438014349
tfidf_systems to,0.03596452039155706,0.03596452039155706
tfidf_the life,-0.035941224124740524,0.035941224124740524
tfidf_consider the,0.035790723615129534,0.035790723615129534
tfidf_interaction,-0.035741211408332925,0.035741211408332925
tfidf_or new,0.035195722208191206,0.035195722208191206
sector_standard_climate_environment,0.03518962697020636,0.03518962697020636
tfidf_and cross,0.03510249172904978,0.03510249172904978
tfidf_should support,-0.03507762224217089,0.03507762224217089
tfidf_national or,-0.03474231423818727,0.03474231423818727
tfidf_paid to,0.03458952535544185,0.03458952535544185
tfidf_from different,0.0345736568942752,0.0345736568942752
tfidf_amount of,-0.034336123941424025,0.034336123941424025
tfidf_spatial,-0.03423361715809001,0.03423361715809001
tfidf_collective,-0.034148470053701,0.034148470053701
tfidf_assessment,-0.034119240098701216,0.034119240098701216
tfidf_and policy,0.03406113545769063,0.03406113545769063
tfidf_funded,-0.03405377812940071,0.03405377812940071
tfidf_and achieve,0.03398067057961214,0.03398067057961214
tfidf_contain,-0.033961996809609915,0.033961996809609915
tfidf_added value,-0.03387649936102063,0.03387649936102063
tfidf_personal,-0.03372530467684422,0.03372530467684422
tfidf_relevant projects,0.033648363702628886,0.033648363702628886
tfidf_aim of,-0.03358483947514697,0.03358483947514697
tfidf_economic science,0.03331538378073981,0.03331538378073981
tfidf_defined,0.03317965113172914,0.03317965113172914
tfidf_significantly,-0.03314877026381879,0.03314877026381879
tfidf_of products,0.0330364141368771,0.0330364141368771
tfidf_and be,-0.03293655470895073,0.03293655470895073
tfidf_en,0.03293607275430114,0.03293607275430114
tfidf_specialised,0.032909574725082956,0.032909574725082956
tfidf_needs of,0.03286765724314831,0.03286765724314831
tfidf_still,-0.032854798565265575,0.032854798565265575
tfidf_very,-0.03275033846418195,0.03275033846418195
tfidf_aircraft,0.03270192614306692,0.03270192614306692
programme_name_2021 - 2027,0.032570504682616915,0.032570504682616915
tfidf_thanks,-0.032488705170233584,0.032488705170233584
tfidf_competence,-0.03238253056119987,0.03238253056119987
tfidf_organisations and,-0.032346539986715044,0.032346539986715044
tfidf_dialogue,0.03232454826432174,0.03232454826432174
tfidf_role,-0.03231238797962355,0.03231238797962355
tfidf_objective is,-0.03221262784633756,0.03221262784633756
tfidf_together,0.0320872309550552,0.0320872309550552
tfidf_encouraged the,-0.031951288335155426,0.031951288335155426
tfidf_between,-0.03185012966519906,0.03185012966519906
tfidf_deployment of,-0.03153322886102898,0.03153322886102898
tfidf_learning and,0.031169290443598525,0.031169290443598525
tfidf_aiming,0.031065464367446862,0.031065464367446862
tfidf_project will,-0.031046103954571632,0.031046103954571632
tfidf_curricula,0.030788530094234788,0.030788530094234788
tfidf_utilisation,-0.030714176754695996,0.030714176754695996
tfidf_and decision,0.030679761583794023,0.030679761583794023
tfidf_and local,-0.03067322181935501,0.03067322181935501
tfidf_https eur,0.03056231920105596,0.03056231920105596
tfidf_destination,0.03053385168219952,0.03053385168219952
tfidf_characteristics,-0.030533380355693175,0.030533380355693175
tfidf_the use,0.030495995954827264,0.030495995954827264
tfidf_to climate,-0.03046495185638568,0.03046495185638568
tfidf_collaborative,0.03034831204617058,0.03034831204617058
tfidf_nutrients,-0.03033521018539682,0.03033521018539682
tfidf_of sustainable,0.030284240669631445,0.030284240669631445
tfidf_which is,-0.03027917946041214,0.03027917946041214
tfidf_geographical,0.02994239918948764,0.02994239918948764
tfidf_priorities international,0.02989959029707829,0.02989959029707829
tfidf_aim is,0.029820117442517138,0.029820117442517138
tfidf_targets,0.029812275415180094,0.029812275415180094
tfidf_synergies and,-0.029806932175982518,0.029806932175982518
tfidf_2018 2019,-0.029784308794461978,0.029784308794461978
tfidf_of social,-0.029765256348901162,0.029765256348901162
tfidf_initiatives in,-0.02938116514470128,0.02938116514470128
tfidf_aiming at,-0.0292794345842598,0.0292794345842598
tfidf_the knowledge,-0.029257871913088908,0.029257871913088908
tfidf_2019 2020,0.029049950470308148,0.029049950470308148
tfidf_development in,-0.02899251123951323,0.02899251123951323
tfidf_civil,0.028967849385614627,0.028967849385614627
tfidf_scope proposals,0.028700289324428058,0.028700289324428058
tfidf_conferences,0.028450137663440768,0.028450137663440768
tfidf_by providing,-0.028436942144868877,0.028436942144868877
tfidf_solutions and,0.02839633193862281,0.02839633193862281
tfidf_class,0.02836913580037605,0.02836913580037605
tfidf_jointly,-0.028314307361446817,0.028314307361446817
tfidf_offs,-0.028283781957632436,0.028283781957632436
tfidf_local,-0.02812879728422341,0.02812879728422341
tfidf_11,0.028123567177217954,0.028123567177217954
tfidf_up,-0.027935938267406923,0.027935938267406923
tfidf_recognition,-0.027906642969683114,0.027906642969683114
tfidf_of agricultural,-0.02784114425611651,0.02784114425611651
tfidf_in support,0.027835074199838914,0.027835074199838914
tfidf_apply,-0.027817870650338104,0.027817870650338104
tfidf_exploitation of,0.027801027220883793,0.027801027220883793
tfidf_relevant actors,0.02779802176046647,0.02779802176046647
tfidf_are the,-0.027780237207002376,0.027780237207002376
tfidf_policymakers,-0.027709924033699342,0.027709924033699342
tfidf_low carbon,-0.027671040850595352,0.027671040850595352
tfidf_measurement,-0.027664786227348637,0.027664786227348637
tfidf_consumers,0.027651436805044657,0.027651436805044657
tfidf_for their,0.027619425082125424,0.027619425082125424
tfidf_useful,-0.027571805551204295,0.027571805551204295
tfidf_industrial,-0.02752296317989422,0.02752296317989422
tfidf_activities are,-0.027417048497228074,0.027417048497228074
tfidf_global,-0.027203626869542617,0.027203626869542617
tfidf_investments in,-0.02718541431646435,0.02718541431646435
tfidf_might,-0.02706577184662645,0.02706577184662645
tfidf_the reduction,0.026709342281461577,0.026709342281461577
tfidf_high quality,0.02653048106339769,0.02653048106339769
tfidf_are required,-0.026344034000930466,0.026344034000930466
tfidf_descriptions,-0.026282754351963426,0.026282754351963426
tfidf_small and,0.026224918599763447,0.026224918599763447
tfidf_of water,-0.026189414401859117,0.026189414401859117
tfidf_expected to,0.026100111192176048,0.026100111192176048
tfidf_prevent and,0.026033973227745567,0.026033973227745567
tfidf_outcome,-0.025971376675158947,0.025971376675158947
tfidf_students,0.02568249595307918,0.02568249595307918
tfidf_an open,-0.025678193798835788,0.025678193798835788
tfidf_information and,0.02562238209748334,0.02562238209748334
tfidf_the basis,0.02559345266270516,0.02559345266270516
tfidf_broader,-0.025280646086455676,0.025280646086455676
is_agriculture_by_text,-0.025269798375350122,0.025269798375350122
tfidf_diverse,0.025196208482398025,0.025196208482398025
tfidf_actions to,-0.02513142438230728,0.02513142438230728
tfidf_activities for,-0.025083755989874244,0.025083755989874244
tfidf_effective contribution,-0.02508359461057538,0.02508359461057538
tfidf_thanks to,-0.025082119509848833,0.025082119509848833
tfidf_conservation,-0.025030341008750488,0.025030341008750488
tfidf_proposals are,-0.025028273907782332,0.025028273907782332
tfidf_respect to,-0.024987521167722283,0.024987521167722283
tfidf_map,-0.024980968975617007,0.024980968975617007
tfidf_https ec,-0.024613996832974015,0.024613996832974015
tfidf_suppliers,-0.02461155096404535,0.02461155096404535
tfidf_expectations,0.024498210589333057,0.024498210589333057
tfidf_the digital,0.024421954788414794,0.024421954788414794
tfidf_the outcome,-0.02440682427053817,0.02440682427053817
tfidf_was,0.02440241522822484,0.02440241522822484
tfidf_interested,-0.02422601193352117,0.02422601193352117
tfidf_addition the,-0.024220260122377206,0.024220260122377206
tfidf_lack,-0.02415094052727723,0.02415094052727723
tfidf_coverage,-0.02409598961972944,0.02409598961972944
tfidf_in part,0.023594012343881022,0.023594012343881022
tfidf_fusion,-0.023577145636560114,0.023577145636560114
tfidf_strategy,-0.023454385828783772,0.023454385828783772
tfidf_chemicals and,0.02345405449050465,0.02345405449050465
tfidf_level the,-0.023390008538436268,0.023390008538436268
tfidf_move,-0.023241179789000716,0.023241179789000716
tfidf_collected,-0.023240728735571356,0.023240728735571356
tfidf_designed to,0.023238625053229333,0.023238625053229333
tfidf_generated,-0.023219072225687518,0.023219072225687518
tfidf_remain,0.022930118396657546,0.022930118396657546
tfidf_functionalities,0.022886638361323118,0.022886638361323118
tfidf_education institutions,-0.022861152322495207,0.022861152322495207
tfidf_potential for,0.022770642411433208,0.022770642411433208
tfidf_paid,0.02270581511711038,0.02270581511711038
tfidf_harmonisation,0.022656659359793496,0.022656659359793496
tfidf_previous,-0.02263573323395198,0.02263573323395198
tfidf_for funding,0.022634171248956177,0.022634171248956177
tfidf_contributes,0.022622926925233582,0.022622926925233582
tfidf_the co,-0.02256468379852081,0.02256468379852081
tfidf_negative,-0.022563605136634687,0.022563605136634687
tfidf_and products,0.022482259289735247,0.022482259289735247
tfidf_start at,0.022465170248581693,0.022465170248581693
tfidf_implement the,0.02239792523394955,0.02239792523394955
tfidf_they can,0.022357901751640135,0.022357901751640135
tfidf_include an,-0.02223470094890991,0.02223470094890991
tfidf_heating,0.022190093580461735,0.022190093580461735
tfidf_fch ju,-0.02206018211002243,0.02206018211002243
tfidf_because,0.022050145039174674,0.022050145039174674
tfidf_main,0.022029974164379844,0.022029974164379844
tfidf_or technology,-0.022018036147278805,0.022018036147278805
tfidf_and industrial,0.021940337177713716,0.021940337177713716
tfidf_address all,0.021936883774753127,0.021936883774753127
tfidf_the quality,0.021892067251850635,0.021892067251850635
tfidf_reliable,-0.0218411615889727,0.0218411615889727
tfidf_intelligent,0.021827233607530916,0.021827233607530916
tfidf_recognition of,-0.021827134080938938,0.021827134080938938
tfidf_there is,-0.021795629862184068,0.021795629862184068
tfidf_issues,-0.021747556401672113,0.021747556401672113
tfidf_the developed,-0.021717128403461284,0.021717128403461284
tfidf_the maximum,-0.021707785641144974,0.021707785641144974
tfidf_across europe,0.02163371890162876,0.02163371890162876
tfidf_requires,-0.02160260041938592,0.02160260041938592
tfidf_smes and,-0.021582983571102804,0.021582983571102804
tfidf_the proposal,0.021432991262674964,0.021432991262674964
tfidf_vocational,-0.021234510405858827,0.021234510405858827
tfidf_be done,-0.021217245859581662,0.021217245859581662
tfidf_should not,-0.021213476292264034,0.021213476292264034
tfidf_storage and,0.021207020108627544,0.021207020108627544
tfidf_time and,-0.021053452968163147,0.021053452968163147
kw_forest,-0.02103581505006064,0.02103581505006064
tfidf_these activities,-0.021026708940100024,0.021026708940100024
tfidf_to reduce,0.02096331202092199,0.02096331202092199
tfidf_improvements,0.020950832876697086,0.020950832876697086
tfidf_authorities and,0.020817723897373883,0.020817723897373883
tfidf_for this,-0.020621914217650687,0.020621914217650687
tfidf_agency,0.02054740138470916,0.02054740138470916
tfidf_stakeholders and,-0.020482527568215,0.020482527568215
tfidf_investors,0.020410198647992043,0.020410198647992043
tfidf_taking,0.020143873870506784,0.020143873870506784
tfidf_reduce,-0.020084615464585967,0.020084615464585967
tfidf_cutting priorities,0.020063417541947008,0.020063417541947008
tfidf_least one,0.02000247661254941,0.02000247661254941
tfidf_the work,0.02000028081209309,0.02000028081209309
tfidf_and humanities,-0.01994261577656264,0.01994261577656264
tfidf_trl and,0.01977388865768515,0.01977388865768515
tfidf_effective,0.019455507718070197,0.019455507718070197
tfidf_of renewable,0.019444324008096016,0.019444324008096016
tfidf_methods and,-0.019178857053061736,0.019178857053061736
tfidf_proposals may,0.01860970276041832,0.01860970276041832
tfidf_activities of,0.018550161427694372,0.018550161427694372
tfidf_will be,-0.01840277880424308,0.01840277880424308
tfidf_following activities,-0.018398517167329716,0.018398517167329716
tfidf_form of,0.018295055565749122,0.018295055565749122
tfidf_into the,0.018249387727273077,0.018249387727273077
tfidf_or other,-0.018171032205579984,0.018171032205579984
tfidf_fast,-0.01797519174990183,0.01797519174990183
tfidf_this area,-0.01796106013123219,0.01796106013123219
tfidf_lower,-0.017903306881062477,0.017903306881062477
tfidf_public procurement,0.017697685176214593,0.017697685176214593
tfidf_longer,-0.01765685833754562,0.01765685833754562
tfidf_will contribute,-0.017637450249745945,0.017637450249745945
tfidf_following,-0.017552318693499477,0.017552318693499477
tfidf_aiming to,-0.017511056070543506,0.017511056070543506
tfidf_be addressed,-0.01744150822111063,0.01744150822111063
tfidf_technologies to,0.01728701805119371,0.01728701805119371
tfidf_eu funding,0.01727136537055541,0.01727136537055541
tfidf_are in,-0.017115233770524402,0.017115233770524402
tfidf_commercialisation,0.01704681175544104,0.01704681175544104
tfidf_wider,0.016999956089732617,0.016999956089732617
tfidf_explore,-0.016982282267061905,0.016982282267061905
tfidf_and assess,-0.01690479786283943,0.01690479786283943
tfidf_adapted to,-0.016827301540678477,0.016827301540678477
tfidf_combination of,0.016670583706989543,0.016670583706989543
tfidf_to foster,0.016620735453662022,0.016620735453662022
programme_name_2014 - 2020,-0.016563430069406217,0.016563430069406217
tfidf_that is,-0.016445105840676034,0.016445105840676034
tfidf_expertise in,-0.01639976681288928,0.01639976681288928
tfidf_can be,-0.01635713983828044,0.01635713983828044
tfidf_rare,-0.01629734079524338,0.01629734079524338
tfidf_the awareness,0.01629428658347594,0.01629428658347594
tfidf_enforcement,0.016276568859995073,0.016276568859995073
tfidf_fields,-0.01584383017418609,0.01584383017418609
tfidf_exchange of,0.01559118560231154,0.01559118560231154
tfidf_maximise,-0.015502156002182717,0.015502156002182717
tfidf_comprehensive,-0.015473003612143738,0.015473003612143738
tfidf_to explore,-0.01544542325683118,0.01544542325683118
tfidf_all,0.015414387011484839,0.015414387011484839
tfidf_applicants should,-0.015393932447858456,0.015393932447858456
tfidf_benefits of,0.015390299032619677,0.015390299032619677
tfidf_component,-0.015381855336639036,0.015381855336639036
tfidf_science and,-0.015278043378853714,0.015278043378853714
tfidf_requirements and,0.01525899546562371,0.01525899546562371
tfidf_of key,0.01510521540879816,0.01510521540879816
tfidf_million would,-0.015076577805802904,0.015076577805802904
tfidf_the needs,0.015031282973969173,0.015031282973969173
tfidf_amount,0.014966361204020584,0.014966361204020584
tfidf_financed,0.014734756031790657,0.014734756031790657
tfidf_deliverables,0.014724803804439433,0.014724803804439433
tfidf_mainly,-0.014633562292175622,0.014633562292175622
region_Europe,0.014626407429189659,0.014626407429189659
donor_type_supranational,0.014626407429189659,0.014626407429189659
opportunity_type_call_for_proposals,0.014626407429189659,0.014626407429189659
status_standard_unknown,0.014626407429189659,0.014626407429189659
source_system_eu_ftop,0.014626407429189659,0.014626407429189659
tfidf_and adaptation,0.014587389773050689,0.014587389773050689
tfidf_yield,-0.01434799760043622,0.01434799760043622
tfidf_proposed activities,-0.014155466673223985,0.014155466673223985
tfidf_nonetheless,0.014119777195958643,0.014119777195958643
tfidf_strategic,0.014058336064470281,0.014058336064470281
tfidf_identify the,0.013998289052323568,0.013998289052323568
tfidf_programme and,-0.013955353377228233,0.013955353377228233
tfidf_digital and,0.013941978258806963,0.013941978258806963
tfidf_technical and,-0.013908817626722966,0.013908817626722966
tfidf_tailored,0.013882242170967297,0.013882242170967297
tfidf_sector in,-0.013837504092481887,0.013837504092481887
tfidf_to fork,0.013829574290112945,0.013829574290112945
tfidf_the scope,0.013809590926895553,0.013809590926895553
tfidf_including through,-0.013758176447829801,0.013758176447829801
tfidf_general,-0.013719196879257307,0.013719196879257307
tfidf_24,-0.013712051753194891,0.013712051753194891
tfidf_about the,0.013637867573010635,0.013637867573010635
tfidf_regards,0.01363558059105435,0.01363558059105435
tfidf_project should,-0.013627984951894247,0.013627984951894247
tfidf_the possibility,-0.013545175071503195,0.013545175071503195
tfidf_simple,0.013515780248594535,0.013515780248594535
tfidf_underlying,0.013432882297589118,0.013432882297589118
tfidf_learning,-0.013377619055520814,0.013377619055520814
tfidf_some of,0.013311696489336274,0.013311696489336274
tfidf_mixed,0.013307074507879622,0.013307074507879622
tfidf_2021,0.013305520298652333,0.013305520298652333
tfidf_of horizon,0.01323706459210671,0.01323706459210671
tfidf_project and,-0.01323339266580249,0.01323339266580249
tfidf_able,0.013216396439729109,0.013216396439729109
tfidf_complement,0.01288087746824873,0.01288087746824873
tfidf_business,-0.012656303480463132,0.012656303480463132
tfidf_as the,0.012638167465031184,0.012638167465031184
tfidf_modelling and,-0.012544884233824412,0.012544884233824412
tfidf_agricultural,-0.01247862663926451,0.01247862663926451
tfidf_the member,-0.012442927978601009,0.012442927978601009
tfidf_is also,0.01226001381039843,0.01226001381039843
tfidf_sets,0.012193701879440225,0.012193701879440225
tfidf_general annexes,-0.012164749247198146,0.012164749247198146
tfidf_as,0.012111758276070835,0.012111758276070835
tfidf_area of,-0.012066900703652137,0.012066900703652137
tfidf_universities,0.012025257228538986,0.012025257228538986
is_agriculture_by_sector,-0.011975546002772456,0.011975546002772456
tfidf_collaboration between,-0.011958034848879641,0.011958034848879641
tfidf_wide range,0.011908444798584212,0.011908444798584212
tfidf_the various,0.011829168825513079,0.011829168825513079
tfidf_carry out,-0.011783246450161978,0.011783246450161978
tfidf_cooperation with,0.011544724019760134,0.011544724019760134
kw_value_chain,0.011514739615493194,0.011514739615493194
tfidf_to prevent,0.011487004324406885,0.011487004324406885
tfidf_feedback,0.011254979128419095,0.011254979128419095
tfidf_climate neutrality,-0.011240605311544914,0.011240605311544914
tfidf_serve,-0.01112994241661715,0.01112994241661715
tfidf_should develop,-0.011100649385831583,0.011100649385831583
tfidf_uri,-0.01108843625416279,0.01108843625416279
tfidf_society and,-0.011014366597015523,0.011014366597015523
tfidf_threat,-0.0109644395922738,0.0109644395922738
tfidf_cross cutting,0.01070657266737334,0.01070657266737334
tfidf_analysis of,-0.010432694333612247,0.010432694333612247
funding_amount,-0.010408648734723443,0.010408648734723443
tfidf_to support,0.010375234606017691,0.010375234606017691
tfidf_and eu,-0.010240639598924116,0.010240639598924116
tfidf_with respect,-0.010214906982800516,0.010214906982800516
tfidf_characteristics of,-0.010205738955414215,0.010205738955414215
tfidf_selection of,-0.010003591214180025,0.010003591214180025
tfidf_farmers and,0.009970709199282161,0.009970709199282161
tfidf_same time,0.009917697319904677,0.009917697319904677
tfidf_greater,-0.009903225126058337,0.009903225126058337
tfidf_op,0.009822973972896738,0.009822973972896738
tfidf_moreover,0.009810443910635047,0.009810443910635047
tfidf_ethical,-0.009766685729090356,0.009766685729090356
tfidf_inland,-0.009760890587698325,0.009760890587698325
tfidf_demonstrate the,-0.009746572670917749,0.009746572670917749
tfidf_research projects,-0.009696662347221772,0.009696662347221772
tfidf_expected impact,0.009615746355448974,0.009615746355448974
tfidf_achieving,0.009309177304921108,0.009309177304921108
tfidf_response to,-0.009260600204063737,0.009260600204063737
tfidf_basis for,0.009172032574215623,0.009172032574215623
tfidf_excellence,0.009089936984115338,0.009089936984115338
tfidf_2050,-0.008952847964720262,0.008952847964720262
tfidf_need,0.008888034727648264,0.008888034727648264
text_length,-0.008857544521990095,0.008857544521990095
tfidf_along the,-0.008829895500678267,0.008829895500678267
tfidf_who,-0.008695789027199485,0.008695789027199485
tfidf_solution,0.008420874868658688,0.008420874868658688
tfidf_lead,-0.008302701378571541,0.008302701378571541
tfidf_them,0.008292569493611956,0.008292569493611956
tfidf_transition towards,0.007964226120271636,0.007964226120271636
tfidf_describe,-0.007963044609687301,0.007963044609687301
tfidf_before,0.007808511757169688,0.007808511757169688
tfidf_of union,-0.007741396621960609,0.007741396621960609
tfidf_analytics,-0.0076653055709208886,0.0076653055709208886
tfidf_acceptance of,0.007486491598178662,0.007486491598178662
tfidf_transparency,0.007271843131277823,0.007271843131277823
tfidf_the role,-0.007187616622697571,0.007187616622697571
tfidf_longer term,0.007072748790840804,0.007072748790840804
tfidf_manufacturers,0.007052151186013761,0.007052151186013761
tfidf_activities such,-0.00696744733369287,0.00696744733369287
tfidf_reduced,0.006955108553006178,0.006955108553006178
tfidf_reference,-0.006910666018116289,0.006910666018116289
tfidf_less,-0.006910385421476493,0.006910385421476493
tfidf_the relevant,-0.006827629341533916,0.006827629341533916
tfidf_at supporting,0.0068244849639422225,0.0068244849639422225
tfidf_concepts and,-0.006498200726376046,0.006498200726376046
tfidf_efficiency and,-0.006461303448183065,0.006461303448183065
tfidf_made,-0.006370636895226457,0.006370636895226457
tfidf_private sector,0.006312462992596282,0.006312462992596282
tfidf_speed,-0.006252433813150847,0.006252433813150847
tfidf_public sector,-0.006210044545248252,0.006210044545248252
tfidf_на,-0.006114573891743877,0.006114573891743877
tfidf_outcome in,-0.006082741298807531,0.006082741298807531
tfidf_put,0.005860331643036063,0.005860331643036063
tfidf_the best,-0.005686410829863918,0.005686410829863918
tfidf_cooperate,0.005676651464183682,0.005676651464183682
tfidf_eu legal,0.005666301276225014,0.005666301276225014
tfidf_extreme,0.005651290961683092,0.005651290961683092
tfidf_value chain,0.005647690185592691,0.005647690185592691
tfidf_production and,-0.005622628828686866,0.005622628828686866
tfidf_from this,0.005598844334753822,0.005598844334753822
tfidf_should address,-0.005415793651922202,0.005415793651922202
tfidf_which are,0.0052188431237327245,0.0052188431237327245
tfidf_expertise and,-0.005206792414548735,0.005206792414548735
tfidf_of the,0.005178801311603677,0.005178801311603677
tfidf_some,-0.004859372838854091,0.004859372838854091
tfidf_the results,0.004838316407106243,0.004838316407106243
tfidf_generating,0.004825473817485556,0.004825473817485556
tfidf_on going,-0.00478197318277524,0.00478197318277524
tfidf_and or,-0.00477025432368743,0.00477025432368743
tfidf_for example,-0.0046606223100963155,0.0046606223100963155
tfidf_environmental sustainability,-0.004659757170776389,0.004659757170776389
tfidf_lca,-0.004573718492452529,0.004573718492452529
tfidf_those,-0.004570572540274147,0.004570572540274147
tfidf_lack of,0.004462175391118398,0.004462175391118398
tfidf_disciplines,-0.004445289280005612,0.004445289280005612
tfidf_light,0.004413065805312251,0.004413065805312251
tfidf_and should,-0.004412162325213389,0.004412162325213389
tfidf_found,-0.004382387547612023,0.004382387547612023
tfidf_climate and,-0.004362515227296825,0.004362515227296825
tfidf_id,-0.004321663017996362,0.004321663017996362
tfidf_the gender,0.004308027753358312,0.004308027753358312
tfidf_researchers and,-0.004063223762880844,0.004063223762880844
tfidf_achieving the,-0.004004740461969721,0.004004740461969721
tfidf_eu wide,-0.0038448450034009483,0.0038448450034009483
tfidf_assessed,-0.0038086750735237115,0.0038086750735237115
tfidf_existing,0.0037896289353902303,0.0037896289353902303
tfidf_progress,0.003769934767401285,0.003769934767401285
tfidf_coordination,0.0036909325608803045,0.0036909325608803045
tfidf_and of,0.0036620549067288874,0.0036620549067288874
tfidf_organisational,0.0035337342730556187,0.0035337342730556187
kw_irrigation,0.003464479656146254,0.003464479656146254
tfidf_free,0.0034604221532407407,0.0034604221532407407
tfidf_employment,0.003421091247817051,0.003421091247817051
tfidf_design of,-0.003235094689517271,0.003235094689517271
tfidf_needed to,-0.0031944813166263513,0.0031944813166263513
status_standard_forecast,0.0031526710755984374,0.0031526710755984374
tfidf_widening,0.0027567920968181855,0.0027567920968181855
tfidf_health,-0.002698581863155738,0.002698581863155738
tfidf_definition of,-0.002687914938654714,0.002687914938654714
tfidf_with other,0.0026237555844025777,0.0026237555844025777
tfidf_following areas,0.0025621236864141962,0.0025621236864141962
tfidf_decision makers,-0.0024047719552002726,0.0024047719552002726
tfidf_risk management,-0.0022480299737682903,0.0022480299737682903
tfidf_requirement,-0.0021226616253624694,0.0021226616253624694
tfidf_secure,0.001778559324472124,0.001778559324472124
status_standard_open,-0.0017720038925662519,0.0017720038925662519
tfidf_of services,0.0017683012365156342,0.0017683012365156342
tfidf_annexes,-0.0017374819246833483,0.0017374819246833483
tfidf_analyse,0.0016569347755219267,0.0016569347755219267
tfidf_running,-0.0014804561751959571,0.0014804561751959571
tfidf_extent,-0.001455332520532227,0.001455332520532227
tfidf_both the,-0.0014496448628561142,0.0014496448628561142
region_North America,0.001380667183192433,0.001380667183192433
source_system_grants_gov,0.001380667183192433,0.001380667183192433
opportunity_type_grant_opportunity,0.001380667183192433,0.001380667183192433
donor_type_government,0.001380667183192433,0.001380667183192433
tfidf_groups of,-0.0012474999789154268,0.0012474999789154268
tfidf_coastal,0.001065020671249368,0.001065020671249368
tfidf_the focus,-0.0008759798761716118,0.0008759798761716118
tfidf_impacts on,-0.0008291776197739033,0.0008291776197739033
tfidf_inclusion of,0.0006669980433524361,0.0006669980433524361
tfidf_associated to,0.0006426620000957181,0.0006426620000957181
tfidf_including for,0.0006307435833199012,0.0006307435833199012
publish_year,-0.0005929626062650464,0.0005929626062650464
tfidf_eu level,-0.0005250210374474987,0.0005250210374474987
tfidf_links with,-0.0004942046618444878,0.0004942046618444878
tfidf_the respective,0.00047379982460547484,0.00047379982460547484
tfidf_enabled,-0.0004123514503322485,0.0004123514503322485
tfidf_combine,0.00016673964220330776,0.00016673964220330776
tfidf_know how,-9.787984503809458e-05,9.787984503809458e-05
tfidf_is needed,-6.527830491965034e-05,6.527830491965034e-05
tfidf_clear,4.5691870012898306e-05,4.5691870012898306e-05
tfidf_and joint,3.5166605953339936e-05,3.5166605953339936e-05
tfidf_nonetheless this,-3.0198398637970396e-05,3.0198398637970396e-05
